{"learner":{"attributes":{"scikit_learn":"{\"_estimator_type\": \"regressor\"}"},"feature_names":[],"feature_types":[],"gradient_booster":{"model":{"gbtree_model_param":{"num_parallel_tree":"1","num_trees":"10"},"iteration_indptr":[0,1,2,3,4,5,6,7,8,9,10],"tree_info":[0,0,0,0,0,0,0,0,0,0],"trees":[{"base_weights":[-5.506273E-7,-9.735819E-1,3.0920417E0,-1.6012747E0,-1.09276004E-1,2.0161042E0,3.824675E0,-6.0841584E-1,-3.6446166E-1,-1.3368154E-1,1.8618067E-1,4.2934197E-1,6.970789E-1,9.864007E-1,1.2852585E0],"categories":[],"categories_nodes":[],"categories_segments":[],"categories_sizes":[],"default_left":[0,0,0,0,0,0,0,0,0,0,0,0,0,0,0],"id":0,"left_children":[1,3,5,7,9,11,13,-1,-1,-1,-1,-1,-1,-1,-1],"loss_changes":[5.6444155E3,7.7345654E2,3.462207E2,1.3375049E2,1.4780959E2,2.9771118E1,5.151245E1,0E0,0E0,0E0,0E0,0E0,0E0,0E0,0E0],"parents":[2147483647,0,0,1,1,2,2,3,3,4,4,5,5,6,6],"right_children":[2,4,6,8,10,12,14,-1,-1,-1,-1,-1,-1,-1,-1],"split_conditions":[3.39E1,2.1E1,6.25E1,2.02E1,2.21E1,4.05E1,2.56E1,-6.0841584E-1,-3.6446166E-1,-1.3368154E-1,1.8618067E-1,4.2934197E-1,6.970789E-1,9.864007E-1,1.2852585E0],"split_indices":[0,3,0,3,3,0,3,0,0,0,0,0,0,0,0],"split_type":[0,0,0,0,0,0,0,0,0,0,0,0,0,0,0],"sum_hessian":[1.873E3,1.425E3,4.48E2,8.25E2,6E2,1.83E2,2.65E2,3.9E2,4.35E2,4.11E2,1.89E2,6.5E1,1.18E2,1.26E2,1.39E2],"tree_param":{"num_deleted":"0","num_feature":"4","num_nodes":"15","size_leaf_vector":"1"}},{"base_weights":[1.32193E-3,-6.8215245E-1,2.171997E0,-1.027504E0,1.3915978E-1,1.4173948E0,2.6858125E0,-4.2025825E-1,-2.2223137E-1,-1.3596853E-2,2.1605456E-1,3.7313855E-1,6.092812E-1,7.3976195E-1,9.834053E-1],"categories":[],"categories_nodes":[],"categories_segments":[],"categories_sizes":[],"default_left":[0,0,0,0,0,0,0,0,0,0,0,0,0,0,0],"id":1,"left_children":[1,3,5,7,9,11,13,-1,-1,-1,-1,-1,-1,-1,-1],"loss_changes":[2.78175E3,4.0461566E2,1.7028198E2,1.0644409E2,4.537336E1,1.70719E1,2.656311E1,0E0,0E0,0E0,0E0,0E0,0E0,0E0,0E0],"parents":[2147483647,0,0,1,1,2,2,3,3,4,4,5,5,6,6],"right_children":[2,4,6,8,10,12,14,-1,-1,-1,-1,-1,-1,-1,-1],"split_conditions":[3.39E1,2.14E1,6.25E1,2.03E1,2.26E1,2.5E1,2.62E1,-4.2025825E-1,-2.2223137E-1,-1.3596853E-2,2.1605456E-1,3.7313855E-1,6.092812E-1,7.3976195E-1,9.834053E-1],"split_indices":[0,3,0,3,3,3,3,0,0,0,0,0,0,0,0],"split_type":[0,0,0,0,0,0,0,0,0,0,0,0,0,0,0],"sum_hessian":[1.873E3,1.425E3,4.48E2,1.003E3,4.22E2,1.83E2,2.65E2,4.34E2,5.69E2,3.21E2,1.01E2,1.45E2,3.8E1,1.97E2,6.8E1],"tree_param":{"num_deleted":"0","num_feature":"4","num_nodes":"15","size_leaf_vector":"1"}},{"base_weights":[2.1341236E-3,-4.592366E-1,1.600449E0,-8.894069E-1,-1.0787671E-1,1.0998466E0,1.9432062E0,-3.6673406E-1,-2.3069024E-1,-9.567466E-2,7.61889E-2,2.9593098E-1,5.9014416E-1,4.9246192E-1,6.3593596E-1],"categories":[],"categories_nodes":[],"categories_segments":[],"categories_sizes":[],"default_left":[0,0,0,0,0,0,0,0,0,0,0,0,0,0,0],"id":2,"left_children":[1,3,5,7,9,11,13,-1,-1,-1,-1,-1,-1,-1,-1],"loss_changes":[1.382652E3,2.1981943E2,6.992847E1,2.5292664E1,6.1323494E1,1.5075928E1,9.730835E0,0E0,0E0,0E0,0E0,0E0,0E0,0E0,0E0],"parents":[2147483647,0,0,1,1,2,2,3,3,4,4,5,5,6,6],"right_children":[2,4,6,8,10,12,14,-1,-1,-1,-1,-1,-1,-1,-1],"split_conditions":[3.62E1,2.07E1,2.51E1,1.97E1,2.18E1,1.4444445E1,6.51E1,-3.6673406E-1,-2.3069024E-1,-9.567466E-2,7.61889E-2,2.9593098E-1,5.9014416E-1,4.9246192E-1,6.3593596E-1],"split_indices":[0,3,3,3,3,1,0,0,0,0,0,0,0,0,0],"split_type":[0,0,0,0,0,0,0,0,0,0,0,0,0,0,0],"sum_hessian":[1.873E3,1.454E3,4.19E2,6.53E2,8.01E2,1.72E2,2.47E2,1.71E2,4.82E2,5.06E2,2.95E2,1.54E2,1.8E1,9.5E1,1.52E2],"tree_param":{"num_deleted":"0","num_feature":"4","num_nodes":"15","size_leaf_vector":"1"}},{"base_weights":[2.2394157E-3,-3.4569016E-1,1.0602704E0,-6.0932916E-1,-5.5682894E-2,5.6569284E-1,1.2994055E0,-2.3954761E-1,-1.4498045E-1,-4.3370325E-2,1.18694745E-1,6.0968685E-1,1.5684369E-1,3.2619503E-1,4.6666488E-1],"categories":[],"categories_nodes":[],"categories_segments":[],"categories_sizes":[],"default_left":[0,0,0,0,0,0,0,0,0,0,0,0,0,0,0],"id":3,"left_children":[1,3,5,7,9,11,13,-1,-1,-1,-1,-1,-1,-1,-1],"loss_changes":[6.9022394E2,1.078472E2,5.414264E1,1.723639E1,2.7055656E1,8.559425E0,1.5258118E1,0E0,0E0,0E0,0E0,0E0,0E0,0E0,0E0],"parents":[2147483647,0,0,1,1,2,2,3,3,4,4,5,5,6,6],"right_children":[2,4,6,8,10,12,14,-1,-1,-1,-1,-1,-1,-1,-1],"split_conditions":[3.3E1,2.08E1,5.5E1,2E1,2.25E1,2.915E1,2.57E1,-2.3954761E-1,-1.4498045E-1,-4.3370325E-2,1.18694745E-1,6.0968685E-1,1.5684369E-1,3.2619503E-1,4.6666488E-1],"split_indices":[0,3,0,3,3,2,3,0,0,0,0,0,0,0,0],"split_type":[0,0,0,0,0,0,0,0,0,0,0,0,0,0,0],"sum_hessian":[1.873E3,1.41E3,4.63E2,7.38E2,6.72E2,1.52E2,3.11E2,2.93E2,4.45E2,5.62E2,1.1E2,3E0,1.49E2,1.73E2,1.38E2],"tree_param":{"num_deleted":"0","num_feature":"4","num_nodes":"15","size_leaf_vector":"1"}},{"base_weights":[2.2352792E-3,-2.275772E-1,8.082309E-1,-3.7564823E-1,5.2888963E-2,5.1436716E-1,9.506859E-1,-1.20949864E-1,4.936616E-2,-2.105395E-3,2.3678957E-1,4.8069146E-1,1.4098018E-1,2.5796956E-1,4.1755512E-1],"categories":[],"categories_nodes":[],"categories_segments":[],"categories_sizes":[],"default_left":[0,0,0,0,0,0,0,0,0,0,0,0,0,0,0],"id":4,"left_children":[1,3,5,7,9,11,13,-1,-1,-1,-1,-1,-1,-1,-1],"loss_changes":[3.473009E2,6.0610558E1,1.692575E1,1.426268E1,2.2284143E1,5.918026E0,9.977707E0,0E0,0E0,0E0,0E0,0E0,0E0,0E0,0E0],"parents":[2147483647,0,0,1,1,2,2,3,3,4,4,5,5,6,6],"right_children":[2,4,6,8,10,12,14,-1,-1,-1,-1,-1,-1,-1,-1],"split_conditions":[2.32E1,2.12E1,5.89E1,3E1,3.62E1,2.915E1,2.65E1,-1.20949864E-1,4.936616E-2,-2.105395E-3,2.3678957E-1,4.8069146E-1,1.4098018E-1,2.5796956E-1,4.1755512E-1],"split_indices":[3,3,0,0,0,2,3,0,0,0,0,0,0,0,0],"split_type":[0,0,0,0,0,0,0,0,0,0,0,0,0,0,0],"sum_hessian":[1.873E3,1.458E3,4.15E2,9.54E2,5.04E2,1.37E2,2.78E2,9.08E2,4.6E1,4.67E2,3.7E1,4E0,1.33E2,2.33E2,4.5E1],"tree_param":{"num_deleted":"0","num_feature":"4","num_nodes":"15","size_leaf_vector":"1"}},{"base_weights":[2.3445366E-3,-1.6268423E-1,5.585899E-1,-2.4463047E-1,1.09813996E-1,4.511375E-1,7.9434E-1,-1.5606062E-1,-5.820011E-2,1.6190661E-2,1.9107331E-1,9.529065E-2,1.7395559E-1,2.0983443E-1,3.064927E-1],"categories":[],"categories_nodes":[],"categories_segments":[],"categories_sizes":[],"default_left":[0,0,0,0,0,0,0,0,0,0,0,0,0,0,0],"id":5,"left_children":[1,3,5,7,9,11,13,-1,-1,-1,-1,-1,-1,-1,-1],"loss_changes":[1.7211748E2,3.2316338E1,1.0509048E1,1.5413956E1,9.826619E0,4.9193497E0,2.1541138E0,0E0,0E0,0E0,0E0,0E0,0E0,0E0,0E0],"parents":[2147483647,0,0,1,1,2,2,3,3,4,4,5,5,6,6],"right_children":[2,4,6,8,10,12,14,-1,-1,-1,-1,-1,-1,-1,-1],"split_conditions":[2.31E1,2.16E1,2.58E1,1.97E1,3.62E1,6.29E1,2.67E1,-1.5606062E-1,-5.820011E-2,1.6190661E-2,1.9107331E-1,9.529065E-2,1.7395559E-1,2.0983443E-1,3.064927E-1],"split_indices":[3,3,3,3,0,0,3,0,0,0,0,0,0,0,0],"split_type":[0,0,0,0,0,0,0,0,0,0,0,0,0,0,0],"sum_hessian":[1.873E3,1.445E3,4.28E2,1.111E3,3.34E2,2.96E2,1.32E2,1.71E2,9.4E2,3.03E2,3.1E1,1.47E2,1.49E2,9.6E1,3.6E1],"tree_param":{"num_deleted":"0","num_feature":"4","num_nodes":"15","size_leaf_vector":"1"}},{"base_weights":[2.0568527E-3,-1.0507303E-1,4.3634602E-1,-2.5156417E-1,-1.102519E-2,8.7452006E-1,4.0888733E-1,-8.224792E-2,1.5705228E-1,-2.6504965E-2,2.531627E-2,3.6398125E-1,2.0784932E-1,1.1204863E-1,2.2500859E-1],"categories":[],"categories_nodes":[],"categories_segments":[],"categories_sizes":[],"default_left":[0,0,0,0,0,0,0,0,0,0,0,0,0,0,0],"id":6,"left_children":[1,3,5,7,9,11,13,-1,-1,-1,-1,-1,-1,-1,-1],"loss_changes":[8.723435E1,2.0718096E1,4.1061707E0,1.0441273E1,6.772863E0,4.5190048E-1,3.957718E0,0E0,0E0,0E0,0E0,0E0,0E0,0E0,0E0],"parents":[2147483647,0,0,1,1,2,2,3,3,4,4,5,5,6,6],"right_children":[2,4,6,8,10,12,14,-1,-1,-1,-1,-1,-1,-1,-1],"split_conditions":[2.37E1,2.06E1,2.918E1,3.22E1,1.1666667E1,6E1,2.67E1,-8.224792E-2,1.5705228E-1,-2.6504965E-2,2.531627E-2,3.6398125E-1,2.0784932E-1,1.1204863E-1,2.2500859E-1],"split_indices":[3,3,2,0,1,0,3,0,0,0,0,0,0,0,0],"split_type":[0,0,0,0,0,0,0,0,0,0,0,0,0,0,0],