{"learner":{"attributes":{"scikit_learn":"{\"_estimator_type\": \"regressor\"}"},"feature_names":[],"feature_types":[],"gradient_booster":{"model":{"gbtree_model_param":{"num_parallel_tree":"1","num_trees":"10"},"iteration_indptr":[0,1,2,3,4,5,6,7,8,9,10],"tree_info":[0,0,0,0,0,0,0,0,0,0],"trees":[{"base_weights":[2.2622876E-7,-5.941697E0,1.1547376E0,-3.3866255E0,-4.0633993E0,2.8248274E-1,2.167159E0,-1.8754381E0,-9.680249E-1,1.2282477E-1,-9.4095665E-1,5.722392E-1,1.0738206E0],"categories":[],"categories_nodes":[],"categories_segments":[],"categories_sizes":[],"default_left":[0,0,0,0,0,0,0,0,0,0,0,0,0],"id":0,"left_children":[1,3,5,-1,7,9,11,-1,-1,-1,-1,-1,-1],"loss_changes":[1.8257387E4,4.3029043E3,1.9669116E3,0E0,5.6929443E2,5.2119824E2,3.7129395E2,0E0,0E0,0E0,0E0,0E0,0E0],"parents":[2147483647,0,0,1,1,2,2,4,4,5,5,6,6],"right_children":[2,4,6,-1,8,10,12,-1,-1,-1,-1,-1,-1],"split_conditions":[5.35E2,4.68E2,6.09E2,-3.3866255E0,4.96E2,1.58E3,6.7E2,-1.8754381E0,-9.680249E-1,1.2282477E-1,-9.4095665E-1,5.722392E-1,1.0738206E0],"split_indices":[0,0,0,0,0,1,0,0,0,0,0,0,0],"split_type":[0,0,0,0,0,0,0,0,0,0,0,0,0],"sum_hessian":[2.659E3,4.32E2,2.227E3,1.11E2,3.21E2,1.197E3,1.03E3,8.7E1,2.34E2,1.155E3,4.2E1,8.72E2,1.58E2],"tree_param":{"num_deleted":"0","num_feature":"2","num_nodes":"13","size_leaf_vector":"1"}},{"base_weights":[-2.0305966E-3,-4.664295E0,7.320894E-1,-2.3797092E0,-3.187451E0,-1.9529754E-1,1.3180153E0,-8.662574E-1,-2.0728235E0,-1.4811146E-2,-9.4318E-1,3.7067232E-1,1.1542434E0],"categories":[],"categories_nodes":[],"categories_segments":[],"categories_sizes":[],"default_left":[0,0,0,0,0,0,0,0,0,0,0,0,0],"id":1,"left_children":[1,3,5,-1,7,9,11,-1,-1,-1,-1,-1,-1],"loss_changes":[9.107695E3,1.7218843E3,1.2494882E3,0E0,2.6024365E2,3.8322937E2,2.8906665E2,0E0,0E0,0E0,0E0,0E0,0E0],"parents":[2147483647,0,0,1,1,2,2,4,4,5,5,6,6],"right_children":[2,4,6,-1,8,10,12,-1,-1,-1,-1,-1,-1],"split_conditions":[5.26E2,4.68E2,5.92E2,-2.3797092E0,2.212E3,1.58E3,6.95E2,-8.662574E-1,-2.0728235E0,-1.4811146E-2,-9.4318E-1,3.7067232E-1,1.1542434E0],"split_indices":[0,0,0,0,1,1,0,0,0,0,0,0,0],"split_type":[0,0,0,0,0,0,0,0,0,0,0,0,0],"sum_hessian":[2.659E3,3.61E2,2.298E3,1.11E2,2.5E2,8.9E2,1.408E3,2.33E2,1.7E1,8.49E2,4.1E1,1.365E3,4.3E1],"tree_param":{"num_deleted":"0","num_feature":"2","num_nodes":"13","size_leaf_vector":"1"}},{"base_weights":[-3.2076417E-3,-2.909032E0,6.185236E-1,-4.8149996E0,-1.661618E0,1.9734263E-1,1.1638676E0,-1.6721708E0,-1.080397E0,-4.264967E-1,-1.5426236E0,6.9623366E-2,-1.3715205E0,3.3113655E-1,1.0651162E0],"categories":[],"categories_nodes":[],"categories_segments":[],"categories_sizes":[],"default_left":[0,0,0,0,0,0,0,0,0,0,0,0,0,0,0],"id":2,"left_children":[1,3,5,7,9,11,13,-1,-1,-1,-1,-1,-1,-1,-1],"loss_changes":[4.807467E3,1.1070613E3,5.0324756E2,1.5032324E2,2.3071588E2,2.0614201E2,1.3300891E2,0E0,0E0,0E0,0E0,0E0,0E0,0E0,0E0],"parents":[2147483647,0,0,1,1,2,2,3,3,4,4,5,5,6,6],"right_children":[2,4,6,8,10,12,14,-1,-1,-1,-1,-1,-1,-1,-1],"split_conditions":[5.38E2,4.92E2,6.12E2,4.68E2,2.212E3,5.372E3,7.13E2,-1.6721708E0,-1.080397E0,-4.264967E-1,-1.5426236E0,6.9623366E-2,-1.3715205E0,3.3113655E-1,1.0651162E0],"split_indices":[0,0,0,0,1,1,0,0,0,0,0,0,0,0,0],"split_type":[0,0,0,0,0,0,0,0,0,0,0,0,0,0,0],"sum_hessian":[2.659E3,4.68E2,2.191E3,1.84E2,2.84E2,1.237E3,9.54E2,1.11E2,7.3E1,2.67E2,1.7E1,1.229E3,8E0,9.32E2,2.2E1],"tree_param":{"num_deleted":"0","num_feature":"2","num_nodes":"15","size_leaf_vector":"1"}},{"base_weights":[-3.9848383E-3,-2.04639E0,4.330097E-1,-3.3853784E0,-1.1700419E0,8.267036E-2,7.682607E-1,-1.1749985E0,-7.6065785E-1,-8.197973E-2,-5.247103E-1,6.290907E-2,-2.9950464E-1,1.907475E-1,4.3966693E-1],"categories":[],"categories_nodes":[],"categories_segments":[],"categories_sizes":[],"default_left":[0,0,0,0,0,0,0,0,0,0,0,0,0,0,0],"id":3,"left_children":[1,3,5,7,9,11,13,-1,-1,-1,-1,-1,-1,-1,-1],"loss_changes":[2.3749893E3,5.463729E2,2.5739047E2,7.359912E1,1.4750162E2,1.4755165E2,1.0249664E2,0E0,0E0,0E0,0E0,0E0,0E0,0E0,0E0],"parents":[2147483647,0,0,1,1,2,2,3,3,4,4,5,5,6,6],"right_children":[2,4,6,8,10,12,14,-1,-1,-1,-1,-1,-1,-1,-1],"split_conditions":[5.38E2,4.92E2,6.05E2,4.68E2,5.19E2,6.32E2,6.68E2,-1.1749985E0,-7.6065785E-1,-8.197973E-2,-5.247103E-1,6.290907E-2,-2.9950464E-1,1.907475E-1,4.3966693E-1],"split_indices":[0,0,0,0,0,1,0,0,0,0,0,0,0,0,0],"split_type":[0,0,0,0,0,0,0,0,0,0,0,0,0,0,0],"sum_hessian":[2.659E3,4.68E2,2.191E3,1.84E2,2.84E2,1.072E3,1.119E3,1.11E2,7.3E1,1.12E2,1.72E2,9.6E2,1.12E2,9.42E2,1.77E2],"tree_param":{"num_deleted":"0","num_feature":"2","num_nodes":"15","size_leaf_vector":"1"}},{"base_weights":[-3.5970188E-3,-2.1703534E0,2.1021734E-1,-1.9179258E0,-3.6879945E0,-5.6528723E-1,3.923261E-1,-6.3594943E-1,3.774575E-1,-8.6809176E-1,-1.5676944E0,-1.1994229E-1,-9.6312314E-1,9.4445445E-2,2.8335303E-1],"categories":[],"categories_nodes":[],"categories_segments":[],"categories_sizes":[],"default_left":[0,0,0,0,0,0,0,0,0,0,0,0,0,0,0],"id":4,"left_children":[1,3,5,7,9,11,13,-1,-1,-1,-1,-1,-1,-1,-1],"loss_changes":[1.2327906E3,8.4486206E1,3.4227155E2,1.3541132E2,2.5186493E1,2.0050256E2,8.367355E1,0E0,0E0,0E0,0E0,0E0,0E0,0E0,0E0],"parents":[2147483647,0,0,1,1,2,2,3,3,4,4,5,5,6,6],"right_children":[2,4,6,8,10,12,14,-1,-1,-1,-1,-1,-1,-1,-1],"split_conditions":[5.09E2,1.896E3,5.58E2,9.48E2,4.73E2,2.212E3,6.61E2,-6.3594943E-1,3.774575E-1,-8.6809176E-1,-1.5676944E0,-1.1994229E-1,-9.6312314E-1,9.4445445E-2,2.8335303E-1],"split_indices":[0,1,0,1,0,1,0,0,0,0,0,0,0,0,0],"split_type":[0,0,0,0,0,0,0,0,0,0,0,0,0,0,0],"sum_hessian":[2.659E3,2.38E2,2.421E3,2.06E2,3.2E1,4.6E2,1.961E3,1.94E2,1.2E1,2.3E1,9E0,4.34E2,2.6E1,1.721E3,2.4E2],"tree_param":{"num_deleted":"0","num_feature":"2","num_nodes":"15","size_leaf_vector":"1"}},{"base_weights":[-3.795719E-3,-1.7337594E0,1.3603637E-1,-1.609415E0,-3.9229276E0,-4.320935E-1,2.7065277E-1,-5.9361804E-1,-3.3897817E-1,-1.5776451E0,-6.4675957E-1,-8.05455E-2,-7.595579E-1,7.565512E-2,5.5199903E-1],"categories":[],"categories_nodes":[],"categories_segments":[],"categories_sizes":[],"default_left":[0,0,0,0,0,0,0,0,0,0,0,0,0,0,0],"id":5,"left_children":[1,3,5,7,9,11,13,-1,-1,-1,-1,-1,-1,-1,-1],"loss_changes":[6.437016E2,4.7856384E1,1.8840971E2,3.1409485E1,1.2268707E1,1.6147095E2,5.7243713E1,0E0,0E0,0E0,0E0,0E0,0E0,0E0,0E0],"parents":[2147483647,0,0,1,1,2,2,3,3,4,4,5,5,6,6],"right_children":[2,4,6,8,10,12,14,-1,-1,-1,-1,-1,-1,-1,-1],"split_conditions":[4.96E2,6.32E3,5.56E2,4.68E2,4.45E2,1.58E3,7.13E2,-5.9361804E-1,-3.3897817E-1,-1.5776451E0,-6.4675957E-1,-8.05455E-2,-7.595579E-1,7.565512E-2,5.5199903E-1],"split_indices":[0,1,0,0,0,1,0,0,0,0,0,0,0,0,0],"split_type":[0,0,0,0,0,0,0,0,0,0,0,0,0,0,0],"sum_hessian":[2.659E3,1.98E2,2.461E3,1.89E2,9E0,4.71E2,1.99E3,1.05E2,8.4E1,4E0,5E0,4.38E2,3.3E1,1.968E3,2.2E1],"tree_param":{"num_deleted":"0","num_feature":"2","num_nodes":"15","size_leaf_vector":"1"}},{"base_weights":[-3.9236266E-3,-1.2294959E0,9.513925E-2,-1.1314988E0,-2.96849E0,-9.1254435E-2,3.185603E-1,-3.899246E-1,-5.725267E-2,-1.3115722E0,-5.227402E-1,1.938063E-1,-4.4942357E-2,9.94242E-2,-6.369533E-1],"categories":[],"categories_nodes":[],"categories_segments":[],"categories_sizes":[],"default_left":[0,0,0,0,0,0,0,0,0,0,0,0,0,0,0],"id":6,"left_children":[1,3,5,7,9,11,13,-1,-1,-1,-1,-1,-1,-1,-1],"loss_changes":[3.2306412E2,3.0553986E1,1.0255727E2,2.9822342E1,9.58831E0,5.807409E1,3.585524E1,0E0,0E0,0E0,0E0,0E0,0E0,0E0,0E0],"parents":[2147483647,0,0,1,1,2,2,3,3,4,4,5,5,6,6],"right_children":[2,4,6,8,10,12,14,-1,-1,-1,-1,-1,-1,-1,-1],"split_conditions":[4.96E2,6.32E3,6.05E2,9.48E2,4.4E2,5.19E2,2.528E3,-3.899246E-1,-5.725267E-2,-1.3115722E0,-5.227402E-1,1.938063E-1,-4.4942357E-2,9.94242E-2,-6.369533E-1],"split_indices":[0,1,0,1,0,0,1,0,0,0,0,0,0,0,0],"split_type":[0,0,0,0,0,0,0,0,0,0,0,0,0,0,0],"sum_hessian":[2.659E3,1.98E2,2.461E3,1.89E2,9E0,1.342E3,1.119E3,1.6E2,2.9E1,3E0,6E0,9.8E1,1.244E3,1.114E3,5E0],"tree_param":{"num_deleted":"0","num_feature":"2","num_nodes":"15",