{"learner":{"attributes":{"scikit_learn":"{\"_estimator_type\": \"regressor\"}"},"feature_names":[],"feature_types":[],"gradient_booster":{"model":{"gbtree_model_param":{"num_parallel_tree":"1","num_trees":"10"},"iteration_indptr":[0,1,2,3,4,5,6,7,8,9,10],"tree_info":[0,0,0,0,0,0,0,0,0,0],"trees":[{"base_weights":[-1.2557129E-7,-2.350418E0,4.507314E-1,-3.1483645E0,-1.2934104E0,-1.8260973E-2,9.115062E-1,-3.3087187E0,-1.7744366E0,-1.6710196E0,-4.2925E-1,-4.7478688E-1,7.6654755E-2,6.380635E-1,1.2836734E0,-9.452917E-1,-1.38179E0,-4.3321964E-1,-7.574618E-1,-5.372614E-1,-3.4858105E-1,-3.0070788E-1,-7.257066E-2,-4.1526946E-1,-1.1218257E-1,-4.5095287E-2,9.420382E-2,9.353687E-2,2.1650426E-1,3.538826E-1,5.110327E-1],"categories":[],"categories_nodes":[],"categories_segments":[],"categories_sizes":[],"default_left":[0,0,0,0,0,0,0,0,0,0,0,0,0,0,0,0,0,0,0,0,0,0,0,0,0,0,0,0,0,0,0],"id":0,"left_children":[1,3,5,7,9,11,13,15,17,19,21,23,25,27,29,-1,-1,-1,-1,-1,-1,-1,-1,-1,-1,-1,-1,-1,-1,-1,-1],"loss_changes":[2.4228647E3,3.0631213E2,4.1471225E2,4.0174805E1,5.1493073E1,4.1287975E1,9.769086E1,2.3549194E1,2.3040543E0,4.6917114E0,5.126068E0,1.4523293E1,4.2553555E1,1.5052994E1,1.5856995E1,0E0,0E0,0E0,0E0,0E0,0E0,0E0,0E0,0E0,0E0,0E0,0E0,0E0,0E0,0E0,0E0],"parents":[2147483647,0,0,1,1,2,2,3,3,4,4,5,5,6,6,7,7,8,8,9,9,10,10,11,11,12,12,13,13,14,14],"right_children":[2,4,6,8,10,12,14,16,18,20,22,24,26,28,30,-1,-1,-1,-1,-1,-1,-1,-1,-1,-1,-1,-1,-1,-1,-1,-1],"split_conditions":[8.055555E0,5.5555553E0,1.3055555E1,3.476E3,-1.9017822E0,-7.524443E0,1.5833333E1,1.25E0,-7.3478806E-16,-2.865195E0,6.6666665E0,-1.7207293E1,1.1666667E1,-7.5E0,1.8333334E1,-9.452917E-1,-1.38179E0,-4.3321964E-1,-7.574618E-1,-5.372614E-1,-3.4858105E-1,-3.0070788E-1,-7.257066E-2,-4.1526946E-1,-1.1218257E-1,-4.5095287E-2,9.420382E-2,9.353687E-2,2.1650426E-1,3.538826E-1,5.110327E-1],"split_indices":[1,1,1,0,2,2,1,2,2,2,1,2,1,2,1,0,0,0,0,0,0,0,0,0,0,0,0,0,0,0,0],"split_type":[0,0,0,0,0,0,0,0,0,0,0,0,0,0,0,0,0,0,0,0,0,0,0,0,0,0,0,0,0,0,0],"sum_hessian":[2.285E3,3.67E2,1.918E3,2.08E2,1.59E2,9.51E2,9.67E2,1.85E2,2.3E1,1.1E2,4.9E1,1.63E2,7.88E2,5.59E2,4.08E2,1.68E2,1.7E1,1.8E1,5E0,8.7E1,2.3E1,1.1E1,3.8E1,1.5E1,1.48E2,4.03E2,3.85E2,1.15E2,4.44E2,3.3E2,7.8E1],"tree_param":{"num_deleted":"0","num_feature":"3","num_nodes":"31","size_leaf_vector":"1"}},{"base_weights":[-1.7849442E-3,-1.6582731E0,3.15875E-1,-2.1942894E0,-8.734398E-1,7.1511015E-2,7.5498474E-1,-2.0849597E0,-1.0092925E0,-1.1407602E0,-2.5765103E-1,-1.035504E-1,2.9229087E-1,6.0877174E-1,1.0091467E0,-7.2891265E-1,-5.127056E-1,-5.629609E-1,-3.1040865E-1,-1.4914316E-1,-3.161009E-2,-9.729736E-2,9.801725E-3,1.4996486E-2,1.21361546E-1,7.501654E-2,1.9385579E-1,6.774903E-3,3.150993E-1],"categories":[],"categories_nodes":[],"categories_segments":[],"categories_sizes":[],"default_left":[0,0,0,0,0,0,0,0,0,0,0,0,0,0,0,0,0,0,0,0,0,0,0,0,0,0,0,0,0],"id":1,"left_children":[1,3,5,7,9,11,13,15,-1,17,19,21,23,25,27,-1,-1,-1,-1,-1,-1,-1,-1,-1,-1,-1,-1,-1,-1],"loss_changes":[1.2034169E3,1.5289496E2,2.0585973E2,2.0871704E1,2.4562645E1,4.7724407E1,2.4878632E1,2.2027893E1,0E0,6.252533E0,1.661752E0,2.0731909E1,1.4829819E1,5.716873E0,1.0093399E1,0E0,0E0,0E0,0E0,0E0,0E0,0E0,0E0,0E0,0E0,0E0,0E0,0E0,0E0],"parents":[2147483647,0,0,1,1,2,2,3,3,4,4,5,5,6,6,7,7,9,9,10,10,11,11,12,12,13,13,14,14],"right_children":[2,4,6,8,10,12,14,16,-1,18,20,22,24,26,28,-1,-1,-1,-1,-1,-1,-1,-1,-1,-1,-1,-1,-1,-1],"split_conditions":[8.055555E0,6.111111E0,1.4444445E1,1.3680806E0,-1.9017822E0,1.25E1,1.6944445E1,2.2222223E0,-1.0092925E0,-8.131728E0,6.9444447E0,-3.7587705E0,-6.127965E0,-1.1328847E1,-1.6086933E1,-7.2891265E-1,-5.127056E-1,-5.629609E-1,-3.1040865E-1,-1.4914316E-1,-3.161009E-2,-9.729736E-2,9.801725E-3,1.4996486E-2,1.21361546E-1,7.501654E-2,1.9385579E-1,6.774903E-3,3.150993E-1],"split_indices":[1,1,1,2,2,1,1,1,0,2,1,2,2,2,2,0,0,0,0,0,0,0,0,0,0,0,0,0,0],"split_type":[0,0,0,0,0,0,0,0,0,0,0,0,0,0,0,0,0,0,0,0,0,0,0,0,0,0,0,0,0],"sum_hessian":[2.285E3,3.67E2,1.918E3,2.17E2,1.5E2,1.233E3,6.85E2,2.01E2,1.6E1,1.04E2,4.6E1,6.88E2,5.45E2,4.37E2,2.48E2,1.02E2,9.9E1,1.1E1,9.3E1,1.7E1,2.9E1,2.62E2,4.26E2,1.73E2,3.72E2,4.2E1,3.95E2,1E1,2.38E2],"tree_param":{"num_deleted":"0","num_feature":"3","num_nodes":"29","size_leaf_vector":"1"}},{"base_weights":[-2.4151786E-3,-1.164813E0,2.2266416E-1,-1.5669011E0,-6.421063E-1,-1.253975E-2,4.5302147E-1,-1.6774893E0,-6.445542E-1,-8.9260685E-1,-3.2876635E-1,-2.8268427E-1,4.3842237E-2,3.1128705E-1,6.459756E-1,-7.553302E-1,-4.6304286E-1,-1.50081E-1,-5.9446394E-1,-2.1384858E-1,-4.3480888E-1,-8.480521E-2,-3.1936085E-1,-2.816373E-1,-6.3099794E-2,-2.4488753E-2,5.222277E-2,3.80437E-2,1.0622368E-1,1.8640365E-1,5.0148344E-1],"categories":[],"categories_nodes":[],"categories_segments":[],"categories_sizes":[],"default_left":[0,0,0,0,0,0,0,0,0,0,0,0,0,0,0,0,0,0,0,0,0,0,0,0,0,0,0,0,0,0,0],"id":2,"left_children":[1,3,5,7,9,11,13,15,17,19,21,23,25,27,29,-1,-1,-1,-1,-1,-1,-1,-1,-1,-1,-1,-1,-1,-1,-1,-1],"loss_changes":[5.983496E2,7.6968506E1,1.0381635E2,2.0236938E1,1.2500702E1,1.4466882E1,2.6272034E1,1.7059021E1,3.6384592E0,7.975197E0,2.2081156E0,7.5876846E0,1.2857922E1,4.3757515E0,9.293335E0,0E0,0E0,0E0,0E0,0E0,0E0,0E0,0E0,0E0,0E0,0E0,0E0,0E0,0E0,0E0,0E0],"parents":[2147483647,0,0,1,1,2,2,3,3,4,4,5,5,6,6,7,7,8,8,9,9,10,10,11,11,12,12,13,13,14,14],"right_children":[2,4,6,8,10,12,14,16,18,20,22,24,26,28,30,-1,-1,-1,-1,-1,-1,-1,-1,-1,-1,-1,-1,-1,-1,-1,-1],"split_conditions":[8.333333E0,5.5555553E0,1.3055555E1,3.476E3,-2.865195E0,-7.524443E0,1.5833333E1,-2.2222223E0,1.3680806E0,-3.3809462E0,1.264E3,-1.7207293E1,1.1666667E1,-7.818438E0,7.743282E0,-7.553302E-1,-4.6304286E-1,-1.50081E-1,-5.9446394E-1,-2.1384858E-1,-4.3480888E-1,-8.480521E-2,-3.1936085E-1,-2.816373E-1,-6.3099794E-2,-2.4488753E-2,5.222277E-2,3.80437E-2,1.0622368E-1,1.8640365E-1,5.0148344E-1],"split_indices":[1,1,1,0,2,2,1,1,2,2,0,2,1,2,2,0,0,0,0,0,0,0,0,0,0,0,0,0,0,0,0],"split_type":[0,0,0,0,0,0,0,0,0,0,0,0,0,0,0,0,0,0,0,0,0,0,0,0,0,0,0,0,0,0,0],"sum_hessian":[2.285E3,3.7E2,1.915E3,2.08E2,1.62E2,9.48E2,9.67E2,1.85E2,2.3E1,8.9E1,7.3E1,1.63E2,7.85E2,5.59E2,4.08E2,2.3E1,1.62E2,2.2E1,1E0,6.9E1,2E1,7E1,3E0,1.5E1,1.48E2,4E2,3.85E2,1.06E2,4.53E2,4E2,8E0],"tree_param":{"num_deleted":"0","num_feature":"3","num_nodes":"31","size_leaf_vector":"1"}},{"base_weights":[-2.7847027E-3,-8.234978E-1,1.5613353E-1,-1.2210922E0,-5.5114347E-1,-4.571648E-2,2.9209167E-1,-1.3649312E0,-4.4729957E-1,-1.5436504E0,-4.1735503E-1,-1.6352133E-1,4.030164E-2,1.8347159E-1,4.3743178E-1,-3.608973E-1,-5.91315E-1,-6.4410515E-2,-6.2443507E-1,-6.460384E-1,-3.083782E-1,-1.7479257E-1,-1.4417627E-2,-8.74622E-2,1.1035856E-2,2.9924171E-2,-5.3425606E-2,1.4989993E-2,7.3692754E-2,1.10720396E-1,1.9201753E-1],"categories":[],"categories_nodes":[],"categories_segments":[],"categories_sizes":[],"default_left":[0,0,0,0,0,0,0,0,0,0,0,0,0,0,0,0,0,0,0,0,0,0,0,0,0,0,0,0,0,0,0],"id":3,"left_children":[1,3,5,7,9,11,13,15,17,19,21,23,25,27,29,-1,-1,-1,-1,-1,-1,-1,-1,-1,-1,-1,-1,-1,-1,-1,-1],"loss_changes":[2.9828305E2,3.9501312E1,5.2594437E1,1.6084702E1,2.8834229E1,7.829539E0,1.799569E1,9.996368E0,9.055607E0,5.963238E0,1.1996841E1,8.370418E0,5.8207817E0,5.4409065E0,6.537567E0,0E0,0E0,0E0,0E0,0E0,0E0,0E0,0E0,0E0,0E0,0E0,0E0,0E0,0E0,0E0,0E0],"parents":[2147483647,0,0,1,1,2,2,3,3,4,4,5,5,6,6,7,7,8,8,9,9,10,10,11,11,12,12,13,13,14,14],"right_children":[2,4,6,8,10,12,14,16,18,20,22,24,26,28,30,-1,-1,-1,-1,-1,-1,-1,-1,-1,-1,-1,-1,-1,-1,-1,-1],"split_conditions":[8.333333E0,3.0555556E0,1.2777778E1,2.212E3,-7.3860583E0,-3.535332E0,1.5555555E1,-1.1940306E-15,1.3680806E0,5.5555553E0,-1.7207294E0,1.1944445E1,1.8793852E0,-5.9166555E0,1.7777779E1,-3.608973E-1,-5.91315E-1,-6.4410515E-2,-6.2443507E-1,-6.460384E-1,-3.083782E-1,-1.7479257E-1,-1.4417627E-2,-8.74622E-2,1.1035856E-2,2.9924171E-2,-5.3425606E-2,1.4989993E-2,7.3692754E-2,1.10720396E-1,1.9201753E-1],"split_indices":[1,1,1,0,2,2,1,2,2,1,2,1,2,2,1,0,0,0,0,0,0,0,0,0,0,0,0,0,0,0,0],