{"learner":{"attributes":{"scikit_learn":"{\"_estimator_type\": \"regressor\"}"},"feature_names":[],"feature_types":[],"gradient_booster":{"model":{"gbtree_model_param":{"num_parallel_tree":"1","num_trees":"10"},"iteration_indptr":[0,1,2,3,4,5,6,7,8,9,10],"tree_info":[0,0,0,0,0,0,0,0,0,0],"trees":[{"base_weights":[-4.985237E-7,-4.149284E-1,2.1396508E0,-5.151489E-1,4.895718E0,2.5456707E0,7.7081585E-1,-1.953549E-1,1.5526132E-1,9.6110064E-1,1.5755923E0,5.7941777E-1,8.779731E-1,6.447825E-1,-2.612211E-1],"categories":[],"categories_nodes":[],"categories_segments":[],"categories_sizes":[],"default_left":[0,0,0,0,0,0,0,0,0,0,0,0,0,0,0],"id":0,"left_children":[1,3,5,7,9,11,13,-1,-1,-1,-1,-1,-1,-1,-1],"loss_changes":[4.744409E3,2.384808E3,4.804497E2,6.176085E2,3.320703E1,1.5088184E2,4.5443408E2,0E0,0E0,0E0,0E0,0E0,0E0,0E0,0E0],"parents":[2147483647,0,0,1,1,2,2,3,3,4,4,5,5,6,6],"right_children":[2,4,6,8,10,12,14,-1,-1,-1,-1,-1,-1,-1,-1],"split_conditions":[1.58E3,1.9444445E1,1.0555555E1,6.32E2,2E1,3.159E3,2.844E3,-1.953549E-1,1.5526132E-1,9.6110064E-1,1.5755923E0,5.7941777E-1,8.779731E-1,6.447825E-1,-2.612211E-1],"split_indices":[0,1,1,0,1,0,0,0,0,0,0,0,0,0,0],"split_type":[0,0,0,0,0,0,0,0,0,0,0,0,0,0,0],"sum_hessian":[5.342E3,4.475E3,8.67E2,4.393E3,8.2E1,6.68E2,1.99E2,3.882E3,5.11E2,1.6E1,6.6E1,2.58E2,4.1E2,1.08E2,9.1E1],"tree_param":{"num_deleted":"0","num_feature":"2","num_nodes":"15","size_leaf_vector":"1"}},{"base_weights":[8.110178E-4,-2.8989255E-1,1.499876E0,-3.606138E-1,3.4575653E0,1.7841475E0,5.414885E-1,5.924679E-2,-1.7909166E-1,6.897307E-1,1.1099695E0,4.1666853E-1,6.2709653E-1,-8.915751E-2,7.7998E-1],"categories":[],"categories_nodes":[],"categories_segments":[],"categories_sizes":[],"default_left":[0,0,0,0,0,0,0,0,0,0,0,0,0,0,0],"id":1,"left_children":[1,3,5,7,9,11,13,-1,-1,-1,-1,-1,-1,-1,-1],"loss_changes":[2.3288267E3,1.187498E3,2.3551367E2,5.7974066E2,1.4794373E1,7.80564E1,3.4604803E2,0E0,0E0,0E0,0E0,0E0,0E0,0E0,0E0],"parents":[2147483647,0,0,1,1,2,2,3,3,4,4,5,5,6,6],"right_children":[2,4,6,8,10,12,14,-1,-1,-1,-1,-1,-1,-1,-1],"split_conditions":[1.58E3,1.9444445E1,1.0555555E1,8.055555E0,2E1,3.475E3,1.5555555E1,5.924679E-2,-1.7909166E-1,6.897307E-1,1.1099695E0,4.1666853E-1,6.2709653E-1,-8.915751E-2,7.7998E-1],"split_indices":[0,1,1,1,1,0,1,0,0,0,0,0,0,0,0],"split_type":[0,0,0,0,0,0,0,0,0,0,0,0,0,0,0],"sum_hessian":[5.342E3,4.475E3,8.67E2,4.393E3,8.2E1,6.68E2,1.99E2,1.307E3,3.086E3,1.6E1,6.6E1,2.94E2,3.74E2,1.42E2,5.7E1],"tree_param":{"num_deleted":"0","num_feature":"2","num_nodes":"15","size_leaf_vector":"1"}},{"base_weights":[1.2074157E-3,-2.9999235E-1,8.5550684E-1,-3.9813682E-1,1.2606964E0,7.817335E-1,2.5709355E0,-1.020331E-1,-7.29419E-1,2.414767E-1,7.985621E-1,3.3951622E-1,6.086398E-2,4.9662453E-1,1.0796542E0],"categories":[],"categories_nodes":[],"categories_segments":[],"categories_sizes":[],"default_left":[0,0,0,0,0,0,0,0,0,0,0,0,0,0,0],"id":2,"left_children":[1,3,5,7,9,11,13,-1,-1,-1,-1,-1,-1,-1,-1],"loss_changes":[1.3750896E3,6.056885E2,1.7427832E2,4.3783368E2,1.4729456E2,2.706349E2,4.7683685E1,0E0,0E0,0E0,0E0,0E0,0E0,0E0,0E0],"parents":[2147483647,0,0,1,1,2,2,3,3,4,4,5,5,6,6],"right_children":[2,4,6,8,10,12,14,-1,-1,-1,-1,-1,-1,-1,-1],"split_conditions":[6.32E2,1.75E1,1.7777779E1,1.6944445E1,2E1,1E1,1.264E3,-1.020331E-1,-7.29419E-1,2.414767E-1,7.985621E-1,3.3951622E-1,6.086398E-2,4.9662453E-1,1.0796542E0],"split_indices":[0,1,1,1,1,1,0,0,0,0,0,0,0,0,0],"split_type":[0,0,0,0,0,0,0,0,0,0,0,0,0,0,0],"sum_hessian":[5.342E3,3.95E3,1.392E3,3.717E3,2.33E2,1.336E3,5.6E1,3.615E3,1.02E2,1.77E2,5.6E1,8.32E2,5.04E2,3.1E1,2.5E1],"tree_param":{"num_deleted":"0","num_feature":"2","num_nodes":"15","size_leaf_vector":"1"}},{"base_weights":[1.2542304E-3,-2.0994195E-1,6.0027426E-1,-2.7891955E-1,8.869324E-1,5.475134E-1,1.8273089E0,4.884131E-2,-1.4333798E-1,1.6944085E-1,5.631962E-1,2.3194852E-1,3.119744E-2,3.5229322E-1,7.682155E-1],"categories":[],"categories_nodes":[],"categories_segments":[],"categories_sizes":[],"default_left":[0,0,0,0,0,0,0,0,0,0,0,0,0,0,0],"id":3,"left_children":[1,3,5,7,9,11,13,-1,-1,-1,-1,-1,-1,-1,-1],"loss_changes":[6.760729E2,2.9917902E2,8.918152E1,3.2669394E2,7.3593475E1,1.3372644E2,2.4291061E1,0E0,0E0,0E0,0E0,0E0,0E0,0E0,0E0],"parents":[2147483647,0,0,1,1,2,2,3,3,4,4,5,5,6,6],"right_children":[2,4,6,8,10,12,14,-1,-1,-1,-1,-1,-1,-1,-1],"split_conditions":[6.32E2,1.75E1,1.7777779E1,8.055555E0,2E1,1.0555555E1,1.264E3,4.884131E-2,-1.4333798E-1,1.6944085E-1,5.631962E-1,2.3194852E-1,3.119744E-2,3.5229322E-1,7.682155E-1],"split_indices":[0,1,1,1,1,1,0,0,0,0,0,0,0,0,0],"split_type":[0,0,0,0,0,0,0,0,0,0,0,0,0,0,0],"sum_hessian":[5.342E3,3.95E3,1.392E3,3.717E3,2.33E2,1.336E3,5.6E1,1.154E3,2.563E3,1.77E2,5.6E1,8.85E2,4.51E2,3.1E1,2.5E1],"tree_param":{"num_deleted":"0","num_feature":"2","num_nodes":"15","size_leaf_vector":"1"}},{"base_weights":[1.2564403E-3,-1.0458911E-1,6.20587E-1,-1.6226818E-1,7.5553507E-1,7.293063E-1,1.913797E-1,-3.742003E-2,-5.441009E-1,2.0104869E-1,6.776853E-1,4.7009955E-3,2.4593258E-1,4.723035E-1,-2.4986768E-1],"categories":[],"categories_nodes":[],"categories_segments":[],"categories_sizes":[],"default_left":[0,0,0,0,0,0,0,0,0,0,0,0,0,0,0],"id":4,"left_children":[1,3,5,7,9,11,13,-1,-1,-1,-1,-1,-1,-1,-1],"loss_changes":[3.5031665E2,2.2654793E2,3.625766E1,2.6494534E2,3.5322815E1,4.0144653E1,2.2653993E2,0E0,0E0,0E0,0E0,0E0,0E0,0E0,0E0],"parents":[2147483647,0,0,1,1,2,2,3,3,4,4,5,5,6,6],"right_children":[2,4,6,8,10,12,14,-1,-1,-1,-1,-1,-1,-1,-1],"split_conditions":[1.896E3,1.75E1,1.0555555E1,1.7222221E1,1.264E3,2.212E3,2.844E3,-3.742003E-2,-5.441009E-1,2.0104869E-1,6.776853E-1,4.7009955E-3,2.4593258E-1,4.723035E-1,-2.4986768E-1],"split_indices":[0,1,1,1,0,0,0,0,0,0,0,0,0,0,0],"split_type":[0,0,0,0,0,0,0,0,0,0,0,0,0,0,0],"sum_hessian":[5.342E3,4.563E3,7.79E2,4.277E3,2.86E2,6.21E2,1.58E2,4.183E3,9.4E1,2.72E2,1.4E1,7E1,5.51E2,6.7E1,9.1E1],"tree_param":{"num_deleted":"0","num_feature":"2","num_nodes":"15","size_leaf_vector":"1"}},{"base_weights":[1.0238116E-3,-9.969602E-2,3.635103E-1,1.5756607E-1,-2.0632558E-1,3.0100468E-1,1.0101274E0,1.955681E-2,1.9734006E-1,-2.3967843E-1,-6.8597603E-3,1.2897527E-1,1.30261285E-2,1.8122625E-1,8.6142606E-1],"categories":[],"categories_nodes":[],"categories_segments":[],"categories_sizes":[],"default_left":[0,0,0,0,0,0,0,0,0,0,0,0,0,0,0],"id":5,"left_children":[1,3,5,7,9,11,13,-1,-1,-1,-1,-1,-1,-1,-1],"loss_changes":[1.951069E2,1.1475206E2,4.666072E1,5.661055E1,3.214629E2,3.5212822E1,7.5352844E1,0E0,0E0,0E0,0E0,0E0,0E0,0E0,0E0],"parents":[2147483647,0,0,1,1,2,2,3,3,4,4,5,5,6,6],"right_children":[2,4,6,8,10,12,14,-1,-1,-1,-1,-1,-1,-1,-1],"split_conditions":[9.48E2,8.055555E0,6.952E3,7.7777777E0,1.1111111E1,1.0555555E1,1.0555555E1,1.955681E-2,1.9734006E-1,-2.3967843E-1,-6.8597603E-3,1.2897527E-1,1.30261285E-2,1.8122625E-1,8.6142606E-1],"split_indices":[0,1,0,1,1,1,1,0,0,0,0,0,0,0,0],"split_type":[0,0,0,0,0,0,0,0,0,0,0,0,0,0,0],"sum_hessian":[5.342E3,4.181E3,1.161E3,1.225E3,2.956E3,1.06E3,1.01E2,1.035E3,1.9E2,6.98E2,2.258E3,7.06E2,3.54E2,8.4E1,1.7E1],"tree_param":{"num_deleted":"0","num_feature":"2","num_nodes":"15","size_leaf_vector":"1"}},{"base_weights":[9.3301496E-4,-1.7097011E-2,1.0903919E0,1.740634E-1,-1.324643E-1,1.1371673E0,-1.6449213E-1,2.8042566E-2,1.4699073E-1,-1.045934E-1,4.1333362E-2,2.7736455E-1,4.890575E-1,4.497757E-2,-1.6616164E-1],"categories":[],"categories_nodes":[],"categories_segments":[],"categories_sizes":[],"default_left":[0,0,0,0,0,0,0,0,0,0,0,0,0,0,0],"id":6,"left_children":[1,3,5,7,9,11,13,-1,-1,-1,-1,-1,-1,-1,-1],"loss_changes":[1.0497103E2,1.15959145E2,5.2937775E0,5.03361E1,1.9161064E2,7.2982025E0,5.727507E-1,0E0,0E0,0E0,0E0,0E0,0E0,0E0,0E0],"parents":[2147483647,0,0,1,1,2,2,3,3,4,4,5,5,6,6],"right_children":[2,4,6,8,10,12,14,-1,-1,-1,-1,-1,-1,-1,-1],"split_conditions":[1.9444445E1,8.888889E0,2.611111E1,2.843E3,1.3333333E1,2.2222221E1,6.32E2,2.8042566E-2,1.4699073E-1,-1.045934E-1,4.1333362E-2,2.7736455E-1,4.890575E-1,4.497757E-2,-1.6616164E-1],