{"learner":{"attributes":{"scikit_learn":"{\"_estimator_type\": \"regressor\"}"},"feature_names":[],"feature_types":[],"gradient_booster":{"model":{"gbtree_model_param":{"num_parallel_tree":"1","num_trees":"10"},"iteration_indptr":[0,1,2,3,4,5,6,7,8,9,10],"tree_info":[0,0,0,0,0,0,0,0,0,0],"trees":[{"base_weights":[6.2016835E-7,-9.830618E-1,3.1568458E0,-1.5296427E0,2.3122678E-2,1.830909E0,3.6864643E0,-2.0075512E0,-1.1148788E0,-2.8477055E-1,7.5860494E-1,-6.424495E-1,1.9997463E0,3.1643422E0,1.2595224E0,-6.115291E-1,5.3488E-1,-4.0500215E-1,-2.8119317E-1,-1.3518122E-1,4.242204E-3,1.7241713E-1,3.7359396E-1,-3.1013712E-1,1.4544868E-1,4.1338015E-1,6.6235113E-1,6.238003E-2,9.6574813E-1],"categories":[],"categories_nodes":[],"categories_segments":[],"categories_sizes":[],"default_left":[0,0,0,0,0,0,0,0,0,0,0,0,0,0,0,0,0,0,0,0,0,0,0,0,0,0,0,0,0],"id":0,"left_children":[1,3,5,7,9,11,13,15,17,19,21,23,25,27,-1,-1,-1,-1,-1,-1,-1,-1,-1,-1,-1,-1,-1,-1,-1],"loss_changes":[5.8157266E3,7.8592993E2,3.0574707E2,1.8131299E2,1.14346825E2,5.515451E1,7.144824E1,5.3847046E1,1.9526733E1,1.7653112E1,1.261927E1,4.4715614E0,1.261438E1,2.5423096E1,0E0,0E0,0E0,0E0,0E0,0E0,0E0,0E0,0E0,0E0,0E0,0E0,0E0,0E0,0E0],"parents":[2147483647,0,0,1,1,2,2,3,3,4,4,5,5,6,6,7,7,8,8,9,9,10,10,11,11,12,12,13,13],"right_children":[2,4,6,8,10,12,14,16,18,20,22,24,26,28,-1,-1,-1,-1,-1,-1,-1,-1,-1,-1,-1,-1,-1,-1,-1],"split_conditions":[3.46E1,2.12E1,5.72E1,2.03E1,2.24E1,2.33E1,2.56E1,3.22E1,2.07E1,2.18E1,2.32E1,2.12E1,3.88E1,2.21E1,1.2595224E0,-6.115291E-1,5.3488E-1,-4.0500215E-1,-2.8119317E-1,-1.3518122E-1,4.242204E-3,1.7241713E-1,3.7359396E-1,-3.1013712E-1,1.4544868E-1,4.1338015E-1,6.6235113E-1,6.238003E-2,9.6574813E-1],"split_indices":[3,6,3,6,6,0,6,0,6,6,6,6,3,0,0,0,0,0,0,0,0,0,0,0,0,0,0,0,0],"split_type":[0,0,0,0,0,0,0,0,0,0,0,0,0,0,0,0,0,0,0,0,0,0,0,0,0,0,0,0,0],"sum_hessian":[1.872E3,1.428E3,4.44E2,9.25E2,5.03E2,1.28E2,3.16E2,4.28E2,4.97E2,3.55E2,1.48E2,8E0,1.2E2,1.6E2,1.56E2,4.25E2,3E0,2.11E2,2.86E2,2.28E2,1.27E2,1.09E2,3.9E1,6E0,2E0,3.2E1,8.8E1,3E0,1.57E2],"tree_param":{"num_deleted":"0","num_feature":"7","num_nodes":"29","size_leaf_vector":"1"}},{"base_weights":[1.5223972E-3,-6.776403E-1,2.2549622E0,-1.1343777E0,-6.6571966E-2,1.5430304E0,2.711986E0,-1.5794771E0,-9.454988E-1,-3.5709608E-1,3.7600788E-1,-2.97294E-1,1.6706134E0,2.4887347E0,3.099891E0,-4.866218E-1,4.1453207E-1,-3.2529756E-1,-2.2681266E-1,-1.1320051E-1,2.8312284E-1,4.3207563E-2,1.9782138E-1,-2.3038764E-1,9.040919E-2,3.7752262E-1,5.8312225E-1,5.1559466E-1,7.7194E-1,7.0356196E-1,9.952392E-1],"categories":[],"categories_nodes":[],"categories_segments":[],"categories_sizes":[],"default_left":[0,0,0,0,0,0,0,0,0,0,0,0,0,0,0,0,0,0,0,0,0,0,0,0,0,0,0,0,0,0,0],"id":1,"left_children":[1,3,5,7,9,11,13,15,17,19,21,23,25,27,29,-1,-1,-1,-1,-1,-1,-1,-1,-1,-1,-1,-1,-1,-1,-1,-1],"loss_changes":[2.8680652E3,4.0182526E2,1.3702588E2,6.778015E1,7.94682E1,4.0881226E1,1.5061035E1,3.3018555E1,1.4461426E1,1.01763115E1,1.6012093E1,3.6126418E0,1.5680054E1,6.756714E0,7.326172E0,0E0,0E0,0E0,0E0,0E0,0E0,0E0,0E0,0E0,0E0,0E0,0E0,0E0,0E0,0E0,0E0],"parents":[2147483647,0,0,1,1,2,2,3,3,4,4,5,5,6,6,7,7,8,8,9,9,10,10,11,11,12,12,13,13,14,14],"right_children":[2,4,6,8,10,12,14,16,18,20,22,24,26,28,30,-1,-1,-1,-1,-1,-1,-1,-1,-1,-1,-1,-1,-1,-1,-1,-1],"split_conditions":[3.57E1,2.1E1,2.51E1,1.99E1,2.19E1,2.33E1,2.62E1,3.22E1,2.06E1,3.29E1,2.26E1,2.12E1,4.78E1,6.29E1,6.33E1,-4.866218E-1,4.1453207E-1,-3.2529756E-1,-2.2681266E-1,-1.1320051E-1,2.8312284E-1,4.3207563E-2,1.9782138E-1,-2.3038764E-1,9.040919E-2,3.7752262E-1,5.8312225E-1,5.1559466E-1,7.7194E-1,7.0356196E-1,9.952392E-1],"split_indices":[3,6,6,6,6,0,6,0,6,3,6,6,3,3,3,0,0,0,0,0,0,0,0,0,0,0,0,0,0,0,0],"split_type":[0,0,0,0,0,0,0,0,0,0,0,0,0,0,0,0,0,0,0,0,0,0,0,0,0,0,0,0,0,0,0],"sum_hessian":[1.872E3,1.439E3,4.33E2,8.23E2,6.16E2,1.71E2,2.62E2,2.43E2,5.8E2,3.72E2,2.44E2,1.1E1,1.6E2,1.71E2,9.1E1,2.4E2,3E0,3.32E2,2.48E2,3.67E2,5E0,1.35E2,1.09E2,6E0,5E0,6.6E1,9.4E1,1.9E1,1.52E2,2.3E1,6.8E1],"tree_param":{"num_deleted":"0","num_feature":"7","num_nodes":"31","size_leaf_vector":"1"}},{"base_weights":[2.984639E-3,-4.9669886E-1,1.5257717E0,-7.503734E-1,3.2782003E-2,8.965389E-1,1.8550811E0,-1.0383224E0,-5.562566E-1,-1.1630288E-1,3.7576315E-1,-4.8628107E-1,1.0011876E0,1.5192629E0,2.0761163E0,-3.8048428E-1,-2.5975135E-1,-1.7404771E-1,3.9737523E-2,-7.683267E-2,-6.1614155E-3,9.625068E-2,2.7910316E-1,-2.8192022E-1,3.7138272E-2,4.1224304E-1,2.4529882E-1,4.2911085E-1,6.6892105E-1,5.797969E-1,7.1762484E-1],"categories":[],"categories_nodes":[],"categories_segments":[],"categories_sizes":[],"default_left":[0,0,0,0,0,0,0,0,0,0,0,0,0,0,0,0,0,0,0,0,0,0,0,0,0,0,0,0,0,0,0],"id":2,"left_children":[1,3,5,7,9,11,13,15,17,19,21,23,25,27,29,-1,-1,-1,-1,-1,-1,-1,-1,-1,-1,-1,-1,-1,-1,-1,-1],"loss_changes":[1.4259452E3,1.8954422E2,9.427612E1,5.274701E1,2.3462757E1,2.3785217E1,1.9336792E1,1.4093262E1,9.493088E0,4.2790594E0,3.9356976E0,3.4360192E0,9.143417E0,4.6420593E0,3.5360718E0,0E0,0E0,0E0,0E0,0E0,0E0,0E0,0E0,0E0,0E0,0E0,0E0,0E0,0E0,0E0,0E0],"parents":[2147483647,0,0,1,1,2,2,3,3,4,4,5,5,6,6,7,7,8,8,9,9,10,10,11,11,12,12,13,13,14,14],"right_children":[2,4,6,8,10,12,14,16,18,20,22,24,26,28,30,-1,-1,-1,-1,-1,-1,-1,-1,-1,-1,-1,-1,-1,-1,-1,-1],"split_conditions":[3.36E1,2.13E1,5.89E1,2.02E1,2.24E1,2.33E1,2.54E1,1.97E1,2.99E1,2.16E1,2.37E1,2.08E1,2.28E1,1.3055555E1,2.65E1,-3.8048428E-1,-2.5975135E-1,-1.7404771E-1,3.9737523E-2,-7.683267E-2,-6.1614155E-3,9.625068E-2,2.7910316E-1,-2.8192022E-1,3.7138272E-2,4.1224304E-1,2.4529882E-1,4.2911085E-1,6.6892105E-1,5.797969E-1,7.1762484E-1],"split_indices":[3,6,3,6,6,0,6,6,3,6,6,6,6,1,6,0,0,0,0,0,0,0,0,0,0,0,0,0,0,0,0],"split_type":[0,0,0,0,0,0,0,0,0,0,0,0,0,0,0,0,0,0,0,0,0,0,0,0,0,0,0,0,0,0,0],"sum_hessian":[1.872E3,1.41E3,4.62E2,9.53E2,4.57E2,1.6E2,3.02E2,3.82E2,5.71E2,3.19E2,1.38E2,1.1E1,1.49E2,1.23E2,1.79E2,1.61E2,2.21E2,5.52E2,1.9E1,1.29E2,1.9E2,1.27E2,1.1E1,6E0,5E0,4.7E1,1.02E2,1.12E2,1.1E1,1.28E2,5.1E1],"tree_param":{"num_deleted":"0","num_feature":"7","num_nodes":"31","size_leaf_vector":"1"}},{"base_weights":[3.3309283E-3,-3.3140716E-1,1.1376698E0,-5.982397E-1,-5.3584836E-2,7.644326E-1,1.3675042E0,-6.1017054E-1,3.8185665E-1,-1.6986224E-1,2.2786286E-1,-2.1279033E-1,8.35616E-1,1.1587743E0,1.4946318E0,-2.6263776E-1,-1.5969181E-1,-7.7505335E-2,-2.2007497E-2,5.0989453E-2,2.058524E-1,-1.0808704E-1,5.1684525E-2,3.6429495E-1,2.0762601E-1,6.855631E-1,3.3080697E-1,4.5579216E-1,1.8242417E-1],"categories":[],"categories_nodes":[],"categories_segments":[],"categories_sizes":[],"default_left":[0,0,0,0,0,0,0,0,0,0,0,0,0,0,0,0,0,0,0,0,0,0,0,0,0,0,0,0,0],"id":3,"left_children":[1,3,5,7,9,11,13,15,-1,17,19,21,23,25,27,-1,-1,-1,-1,-1,-1,-1,-1,-1,-1,-1,-1,-1,-1],"loss_changes":[7.115672E2,1.07236984E2,3.5583862E1,1.7251587E1,2.3274174E1,1.1655548E1,5.2468567E0,1.4695923E1,0E0,4.2764273E0,5.402727E0,7.436479E-1,7.530205E0,4.0503693E0,2.576294E0,0E0,0E0,0E0,0E0,0E0,0E0,0E0,0E0,0E0,0E0,0E0,0E0,0E0,0E0],"parents":[2147483647,0,0,1,1,2,2,3,3,4,4,5,5,6,6,7,7,9,9,10,10,11,11,12,12,13,13,14,14],"right_children":[2,4,6,8,10,12,14,16,-1,18,20,22,24,26,28,-1,-1,-1,-1,-1,-1,-1,-1,-1,-1,-1,-1,-1,-1],"split_conditions":[3.64E1,2.08E1,2.51E1,3.22E1,2.21E1,2.33E1,2.57E1,1.97E1,3.8185665E-1,2.14E1,2.37E1,2.21E1,2.32E1,3.28E1,3.0045E1,-2.6263776E-1,-1.5969181E-1,-7.7505335E-2,-2.2007497E-2,5.0989453E-2,2.058524E-1,-1.0808704E-1,5.1684525E-2,3.6429495E-1,2.0762601E-1,6.855631E-1,3.3080697E-1,4.5579216E-1,1.8242417E-1],"split_indices":[3,6,6,0,6,0,6,6,0,6,6,0,6,0,2,0,0,0,0,0,0,0,0,0,0,0,0,0,0],"split_type":[0,0,0,0,0,0,0,0,0,0,0,0,0,0,0,0,0,0,0,0,0,0,0,0,0,0,0,0,0],"sum_hessian":[1.872E3,1.446E3,4.26E2,7.37E2,7.09E2,1.64E2,2.62E2,7.33E2,4E0,5.02E2,2.07E2,1.1E1,1.53E2,1.03E2,1.59E2,1.64E2,5.69E2,2.61E2,2.41E2,1.85E2,2.2E1,8E0,3E0,4E1,1.13E2,3E0,1E2,1.54E2,5E0],"tree_param":{"num_deleted":"0","num_feature":"7","num_nodes":"29",