{"learner":{"attributes":{"scikit_learn":"{\"_estimator_type\": \"regressor\"}"},"feature_names":[],"feature_types":[],"gradient_booster":{"model":{"gbtree_model_param":{"num_parallel_tree":"1","num_trees":"10"},"iteration_indptr":[0,1,2,3,4,5,6,7,8,9,10],"tree_info":[0,0,0,0,0,0,0,0,0,0],"trees":[{"base_weights":[-7.0555615E-7,-6.9257563E-1,1.0369078E0,-1.4876609E0,-3.0302796E-1,6.4883655E-1,2.0509334E0,-2.0282128E0,-1.1633822E0,-5.6852347E-1,-6.447699E-2,4.3055266E-1,1.0199844E0,1.7925448E0,3.4419093E0,-7.4338293E-1,-5.2568203E-1,-3.8102877E-1,-2.80004E-1,-2.022081E-1,-1.2118684E-1,-6.318663E-2,7.4498984E-3,9.3603484E-2,1.7586885E-1,2.6214665E-1,3.535389E-1,4.7395357E-1,6.485129E-1,8.460791E-1,1.1659573E0],"categories":[],"categories_nodes":[],"categories_segments":[],"categories_sizes":[],"default_left":[0,0,0,0,0,0,0,0,0,0,0,0,0,0,0,0,0,0,0,0,0,0,0,0,0,0,0,0,0,0,0],"id":0,"left_children":[1,3,5,7,9,11,13,15,17,19,21,23,25,27,29,-1,-1,-1,-1,-1,-1,-1,-1,-1,-1,-1,-1,-1,-1,-1,-1],"loss_changes":[2.8603389E3,7.391693E2,6.2632434E2,1.3524243E2,1.0155142E2,9.313382E1,1.5233118E2,3.20188E1,1.0916687E1,1.29058075E1,1.1047405E1,1.3270126E1,8.861084E0,2.595166E1,7.83374E0,0E0,0E0,0E0,0E0,0E0,0E0,0E0,0E0,0E0,0E0,0E0,0E0,0E0,0E0,0E0,0E0],"parents":[2147483647,0,0,1,1,2,2,3,3,4,4,5,5,6,6,7,7,8,8,9,9,10,10,11,11,12,12,13,13,14,14],"right_children":[2,4,6,8,10,12,14,16,18,20,22,24,26,28,30,-1,-1,-1,-1,-1,-1,-1,-1,-1,-1,-1,-1,-1,-1,-1,-1],"split_conditions":[1.8E1,1.69E1,1.92E1,1.62E1,1.75E1,1.86E1,2.05E1,1.56E1,2.54E1,1.73E1,1.77E1,1.83E1,1.89E1,1.97E1,2.12E1,-7.4338293E-1,-5.2568203E-1,-3.8102877E-1,-2.80004E-1,-2.022081E-1,-1.2118684E-1,-6.318663E-2,7.4498984E-3,9.3603484E-2,1.7586885E-1,2.6214665E-1,3.535389E-1,4.7395357E-1,6.485129E-1,8.460791E-1,1.1659573E0],"split_indices":[4,4,4,4,4,4,4,4,1,4,4,4,4,4,4,0,0,0,0,0,0,0,0,0,0,0,0,0,0,0,0],"split_type":[0,0,0,0,0,0,0,0,0,0,0,0,0,0,0,0,0,0,0,0,0,0,0,0,0,0,0,0,0,0,0],"sum_hessian":[3.981E3,2.387E3,1.594E3,7.84E2,1.603E3,1.154E3,4.4E2,2.92E2,4.92E2,7.58E2,8.45E2,7.28E2,4.26E2,3.73E2,6.7E1,1.08E2,1.84E2,3.33E2,1.59E2,4.6E2,2.98E2,3.2E2,5.25E2,4.15E2,3.13E2,2.25E2,2.01E2,2.4E2,1.33E2,3.1E1,3.6E1],"tree_param":{"num_deleted":"0","num_feature":"5","num_nodes":"31","size_leaf_vector":"1"}},{"base_weights":[4.2915583E-4,-5.359697E-1,6.649725E-1,-1.1696442E0,-2.9820505E-1,3.8954663E-1,1.3948711E0,-1.7174277E0,-1.03084E0,-4.8559567E-1,-1.17100984E-1,2.3894997E-1,6.599078E-1,1.1929796E0,2.3223767E0,-5.1924026E-1,-1.8903352E-2,-3.48854E-1,-2.5928253E-1,-1.6672051E-1,-8.8093035E-2,-4.6485137E-2,2.5789218E-2,4.6643678E-2,1.03286E-1,1.6560075E-1,2.325242E-1,3.0348203E-1,4.2007715E-1,5.814276E-1,8.207385E-1],"categories":[],"categories_nodes":[],"categories_segments":[],"categories_sizes":[],"default_left":[0,0,0,0,0,0,0,0,0,0,0,0,0,0,0,0,0,0,0,0,0,0,0,0,0,0,0,0,0,0,0],"id":1,"left_children":[1,3,5,7,9,11,13,15,17,19,21,23,25,27,29,-1,-1,-1,-1,-1,-1,-1,-1,-1,-1,-1,-1,-1,-1,-1,-1],"loss_changes":[1.419781E3,3.3171777E2,3.5709424E2,4.392639E1,5.4378418E1,5.2487442E1,8.842291E1,2.545929E0,9.593018E0,1.0445984E1,6.2927055E0,7.2618866E0,5.313797E0,1.3696533E1,8.360626E0,0E0,0E0,0E0,0E0,0E0,0E0,0E0,0E0,0E0,0E0,0E0,0E0,0E0,0E0,0E0,0E0],"parents":[2147483647,0,0,1,1,2,2,3,3,4,4,5,5,6,6,7,7,8,8,9,9,10,10,11,11,12,12,13,13,14,14],"right_children":[2,4,6,8,10,12,14,16,18,20,22,24,26,28,30,-1,-1,-1,-1,-1,-1,-1,-1,-1,-1,-1,-1,-1,-1,-1,-1],"split_conditions":[1.79E1,1.67E1,1.91E1,1.57E1,1.74E1,1.85E1,2.03E1,9.641814E0,1.64E1,3.24E1,4.15E1,1.82E1,1.88E1,1.95E1,2.11E1,-5.1924026E-1,-1.8903352E-2,-3.48854E-1,-2.5928253E-1,-1.6672051E-1,-8.8093035E-2,-4.6485137E-2,2.5789218E-2,4.6643678E-2,1.03286E-1,1.6560075E-1,2.325242E-1,3.0348203E-1,4.2007715E-1,5.814276E-1,8.207385E-1],"split_indices":[4,4,4,4,4,4,4,3,4,1,1,4,4,4,4,0,0,0,0,0,0,0,0,0,0,0,0,0,0,0,0],"split_type":[0,0,0,0,0,0,0,0,0,0,0,0,0,0,0,0,0,0,0,0,0,0,0,0,0,0,0,0,0,0,0],"sum_hessian":[3.981E3,2.203E3,1.778E3,6E2,1.603E3,1.292E3,4.86E2,1.19E2,4.81E2,7.87E2,8.16E2,8.31E2,4.61E2,4.01E2,8.5E1,1.18E2,1E0,2.65E2,2.16E2,5.75E2,2.12E2,6.88E2,1.28E2,4.65E2,3.66E2,2.41E2,2.2E2,2.17E2,1.84E2,4.7E1,3.8E1],"tree_param":{"num_deleted":"0","num_feature":"5","num_nodes":"31","size_leaf_vector":"1"}},{"base_weights":[6.1499974E-4,-4.1053888E-1,4.2926896E-1,-7.827758E-1,-2.2038497E-1,2.2783595E-1,9.3900716E-1,-1.0954385E0,-6.46593E-1,-3.8263696E-1,-1.4231198E-1,1.2888235E-1,4.0716648E-1,7.6168907E-1,1.50875E0,-4.1757518E-1,-2.894874E-1,-2.0128211E-1,-5.841256E-2,-1.2367249E-1,-1.8281832E-2,-4.9715243E-2,2.0354735E-2,3.2712646E-2,1.3163851E-1,9.754694E-2,1.4894587E-1,1.9712093E-1,2.5852504E-1,3.7722173E-1,5.620296E-1],"categories":[],"categories_nodes":[],"categories_segments":[],"categories_sizes":[],"default_left":[0,0,0,0,0,0,0,0,0,0,0,0,0,0,0,0,0,0,0,0,0,0,0,0,0,0,0,0,0,0,0],"id":2,"left_children":[1,3,5,7,9,11,13,15,17,19,21,23,25,27,29,-1,-1,-1,-1,-1,-1,-1,-1,-1,-1,-1,-1,-1,-1,-1,-1],"loss_changes":[7.019748E2,1.437279E2,2.0000833E2,2.8543701E1,1.7008667E1,2.4773338E1,5.4617035E1,6.6645966E0,5.1614227E0,4.1367607E0,4.492386E0,5.5044546E0,3.4791565E0,3.8618622E0,9.560242E0,0E0,0E0,0E0,0E0,0E0,0E0,0E0,0E0,0E0,0E0,0E0,0E0,0E0,0E0,0E0,0E0],"parents":[2147483647,0,0,1,1,2,2,3,3,4,4,5,5,6,6,7,7,8,8,9,9,10,10,11,11,12,12,13,13,14,14],"right_children":[2,4,6,8,10,12,14,16,18,20,22,24,26,28,30,-1,-1,-1,-1,-1,-1,-1,-1,-1,-1,-1,-1,-1,-1,-1,-1],"split_conditions":[1.78E1,1.68E1,1.9E1,1.6E1,1.72E1,1.84E1,2E1,1.53E1,3.95E1,4.92E1,5.01E1,5.67E1,1.87E1,1.94E1,2.08E1,-4.1757518E-1,-2.894874E-1,-2.0128211E-1,-5.841256E-2,-1.2367249E-1,-1.8281832E-2,-4.9715243E-2,2.0354735E-2,3.2712646E-2,1.3163851E-1,9.754694E-2,1.4894587E-1,1.9712093E-1,2.5852504E-1,3.7722173E-1,5.620296E-1],"split_indices":[4,4,4,4,4,4,4,4,1,1,1,1,4,4,4,0,0,0,0,0,0,0,0,0,0,0,0,0,0,0,0],"split_type":[0,0,0,0,0,0,0,0,0,0,0,0,0,0,0,0,0,0,0,0,0,0,0,0,0,0,0,0,0,0,0],"sum_hessian":[3.981E3,2.032E3,1.949E3,6.86E2,1.346E3,1.398E3,5.51E2,2.06E2,4.8E2,4.36E2,9.1E2,9.02E2,4.96E2,4.22E2,1.29E2,6E1,1.46E2,4.55E2,2.5E1,3.99E2,3.7E1,8.19E2,9.1E1,8.49E2,5.3E1,2.61E2,2.35E2,2.1E2,2.12E2,7.9E1,5E1],"tree_param":{"num_deleted":"0","num_feature":"5","num_nodes":"31","size_leaf_vector":"1"}},{"base_weights":[5.980228E-4,-2.2533463E-1,3.965653E-1,-5.0070536E-1,-7.561966E-2,2.9283768E-1,8.4765625E-1,-7.2203374E-1,-3.919701E-1,-1.6386822E-1,1.0494921E-2,1.9279052E-1,4.1993868E-1,7.3374367E-1,1.3224232E0,-2.4738301E-1,-1.3709925E-1,-1.3267833E-1,-7.94983E-2,-5.9394196E-2,-1.5345861E-2,-5.480529E-3,2.2293378E-2,5.365229E-2,1.5052891E-1,1.0445118E-1,1.4349115E-1,1.9283338E-1,2.654697E-1,3.1631988E-1,4.4681787E-1],"categories":[],"categories_nodes":[],"categories_segments":[],"categories_sizes":[],"default_left":[0,0,0,0,0,0,0,0,0,0,0,0,0,0,0,0,0,0,0,0,0,0,0,0,0,0,0,0,0,0,0],"id":3,"left_children":[1,3,5,7,9,11,13,15,17,19,21,23,25,27,29,-1,-1,-1,-1,-1,-1,-1,-1,-1,-1,-1,-1,-1,-1,-1,-1],"loss_changes":[3.5632675E2,1.0451413E2,6.745776E1,2.1208115E1,1.24952755E1,1.4898598E1,1.3631805E1,7.5887756E0,3.7206345E0,3.112011E0,1.5303888E0,2.7591934E0,2.0032425E0,2.4561996E0,7.119293E-1,0E0,0E0,0E0,0E0,0E0,0E0,0E0,0E0,0E0,0E0,0E0,0E0,0E0,0E0,0E0,0E0],"parents":[2147483647,0,0,1,1,2,2,3,3,4,4,5,5,6,6,7,7,8,8,9,9,10,10,11,11,12,12,13,13,14,14],"right_children":[2,4,6,8,10,12,14,16,18,20,22,24,26,28,30,-1,-1,-1,-1,-1,-1,-1,-1,-1,-1,-1,-1,-1,-1,-1,-1],"split_conditions":[1.81E1,1.7E1,1.95E1,1.62E1,1.76E1,1.87E1,2.08E1,2.26E1,2.82E1,3.48E1,3.12E1,6.36E1,1.9E1,2E1,2.16E1,-2.4738301E-1,-1.3709925E-1,-1.3267833E-1,-7.94983E-2,-5.9394196E-2,-1.5345861E-2,-5.480529E-3,2.2293378E-2,5.365229E-2,1.5052891E-1,1.0445118E-1,1.4349115E-1,1.9283338E-1,2.654697E-1,3.1631988E-1,4.4681787E-1],"split_indices":[4,4,4,4,4,4,4,1,1,1,1,1,4,4,4,0,0,0,0,0,0,0,0,0,0,0,0,0,0,0,0],"split_type":[0,0,0,0,0,0,0,0,0,0,0,0,0,0,0,0,0,0,0,0,0,0,0,0,0,0,0,0,0,0,0],