{"learner":{"attributes":{"scikit_learn":"{\"_estimator_type\": \"regressor\"}"},"feature_names":[],"feature_types":[],"gradient_booster":{"model":{"gbtree_model_param":{"num_parallel_tree":"1","num_trees":"10"},"iteration_indptr":[0,1,2,3,4,5,6,7,8,9,10],"tree_info":[0,0,0,0,0,0,0,0,0,0],"trees":[{"base_weights":[-1.4550496E-7,2.6261058E0,-2.8484428E0,8.5627276E-1,1.281445E0,-1.4129275E0,-3.3120751E0,1.7461228E0,1.5598094E-1,-1.383583E-1,-1.7680407E0,-3.4320793E0,-2.5011847E0,3.991644E-1,6.351608E-1,-1.8011484E0,1.7191677E-1,-2.9868662E0,-3.6157417E0,-2.637077E0,-2.8338E-1,-4.925173E-1,-5.847421E-1,-1.008887E0,-7.912636E-1,-1.0659994E0,-1.288141E0,-4.585502E-1,-8.553359E-1,3.971062E-2,-3.2231838E-1],"categories":[],"categories_nodes":[],"categories_segments":[],"categories_sizes":[],"default_left":[0,0,0,0,0,0,0,0,0,0,0,0,0,0,0,0,0,0,0,0,0,0,0,0,0,0,0,0,0,0,0],"id":0,"left_children":[1,3,5,-1,7,9,11,13,-1,-1,15,17,19,-1,-1,21,-1,23,25,27,29,-1,-1,-1,-1,-1,-1,-1,-1,-1,-1],"loss_changes":[5.175628E4,1.1006992E3,2.2042852E3,0E0,1.8451276E2,2.7361865E2,2.354707E2,4.7301636E1,0E0,0E0,4.683972E1,1.6761914E2,9.7805176E1,0E0,0E0,1.0555054E1,0E0,7.560498E1,4.991211E1,6.872485E1,6.7194824E0,0E0,0E0,0E0,0E0,0E0,0E0,0E0,0E0,0E0,0E0],"parents":[2147483647,0,0,1,1,2,2,4,4,5,5,6,6,7,7,10,10,11,11,12,12,15,15,17,17,18,18,19,19,20,20],"right_children":[2,4,6,-1,8,10,12,14,-1,-1,16,18,20,-1,-1,22,-1,24,26,28,30,-1,-1,-1,-1,-1,-1,-1,-1,-1,-1],"split_conditions":[1.58E3,6.32E2,2.528E3,8.5627276E-1,1.264E3,1.896E3,6.003E3,9.48E2,1.5598094E-1,-1.383583E-1,2.527E3,3.16E3,1.5165E4,3.991644E-1,6.351608E-1,2.212E3,1.7191677E-1,2.843E3,5.372E3,6.32E3,2.0852E4,-4.925173E-1,-5.847421E-1,-1.008887E0,-7.912636E-1,-1.0659994E0,-1.288141E0,-4.585502E-1,-8.553359E-1,3.971062E-2,-3.2231838E-1],"split_indices":[0,0,0,0,0,0,0,0,0,0,0,0,0,0,0,0,0,0,0,0,0,0,0,0,0,0,0,0,0,0,0],"split_type":[0,0,0,0,0,0,0,0,0,0,0,0,0,0,0,0,0,0,0,0,0,0,0,0,0,0,0,0,0,0,0],"sum_hessian":[6.917E3,3.599E3,3.318E3,3.076E3,5.23E2,8.11E2,2.507E3,3.24E2,1.99E2,2.21E2,5.9E2,2.181E3,3.26E2,1.55E2,1.69E2,5.82E2,8E0,6.42E2,1.539E3,3.07E2,1.9E1,2.86E2,2.96E2,3.05E2,3.37E2,1.415E3,1.24E2,5.1E1,2.56E2,1.3E1,6E0],"tree_param":{"num_deleted":"0","num_feature":"1","num_nodes":"31","size_leaf_vector":"1"}},{"base_weights":[-6.863344E-4,1.8388426E0,-1.9959571E0,5.9947443E-1,8.992831E-1,-9.903346E-1,-2.3207455E0,1.2254685E0,1.094206E-1,-9.70378E-2,-1.2391603E0,-2.4043593E0,-1.7557116E0,2.8018275E-1,4.457334E-1,-1.2626516E0,1.2607223E-1,-2.093606E0,-2.5325477E0,-1.8389549E0,9.834595E-2,-3.452769E-1,-4.099101E-1,-7.0721006E-1,-5.5458677E-1,-7.464254E-1,-9.047902E-1,-5.1179856E-1,-8.859589E-1,1.0282466E0,-1.1528119E-1],"categories":[],"categories_nodes":[],"categories_segments":[],"categories_sizes":[],"default_left":[0,0,0,0,0,0,0,0,0,0,0,0,0,0,0,0,0,0,0,0,0,0,0,0,0,0,0,0,0,0,0],"id":1,"left_children":[1,3,5,-1,7,9,11,13,-1,-1,15,17,19,-1,-1,21,-1,23,25,27,29,-1,-1,-1,-1,-1,-1,-1,-1,-1,-1],"loss_changes":[2.5395207E4,5.373779E2,1.0817363E3,0E0,9.091858E1,1.3433893E2,1.14268555E2,2.3275635E1,0E0,0E0,2.3568726E1,8.161719E1,5.064917E1,0E0,0E0,5.1832886E0,0E0,3.7190674E1,2.5597656E1,4.1332764E1,2.5417576E1,0E0,0E0,0E0,0E0,0E0,0E0,0E0,0E0,0E0,0E0],"parents":[2147483647,0,0,1,1,2,2,4,4,5,5,6,6,7,7,10,10,11,11,12,12,15,15,17,17,18,18,19,19,20,20],"right_children":[2,4,6,-1,8,10,12,14,-1,-1,16,18,20,-1,-1,22,-1,24,26,28,30,-1,-1,-1,-1,-1,-1,-1,-1,-1,-1],"split_conditions":[1.58E3,6.32E2,2.528E3,5.9947443E-1,1.264E3,1.896E3,6.003E3,9.48E2,1.094206E-1,-9.70378E-2,2.527E3,3.16E3,1.6113E4,2.8018275E-1,4.457334E-1,2.212E3,1.2607223E-1,2.843E3,5.372E3,1.2324E4,1.6116E4,-3.452769E-1,-4.099101E-1,-7.0721006E-1,-5.5458677E-1,-7.464254E-1,-9.047902E-1,-5.1179856E-1,-8.859589E-1,1.0282466E0,-1.1528119E-1],"split_indices":[0,0,0,0,0,0,0,0,0,0,0,0,0,0,0,0,0,0,0,0,0,0,0,0,0,0,0,0,0,0,0],"split_type":[0,0,0,0,0,0,0,0,0,0,0,0,0,0,0,0,0,0,0,0,0,0,0,0,0,0,0,0,0,0,0],"sum_hessian":[6.917E3,3.599E3,3.318E3,3.076E3,5.23E2,8.11E2,2.507E3,3.24E2,1.99E2,2.21E2,5.9E2,2.181E3,3.26E2,1.55E2,1.69E2,5.82E2,8E0,6.42E2,1.539E3,3.12E2,1.4E1,2.86E2,2.96E2,3.05E2,3.37E2,1.415E3,1.24E2,2.81E2,3.1E1,1E0,1.3E1],"tree_param":{"num_deleted":"0","num_feature":"1","num_nodes":"31","size_leaf_vector":"1"}},{"base_weights":[-8.6912356E-4,1.2875884E0,-1.3984123E0,4.1969052E-1,6.3109237E-1,-6.9412845E-1,-1.6258765E0,8.6006176E-1,7.67585E-2,-6.805761E-2,-8.684766E-1,-1.6454861E0,-5.7157815E-2,1.9666675E-1,3.1280005E-1,-8.8515145E-1,9.245297E-2,-1.6299579E0,-4.699424E0,3.4340165E0,-9.94891E-1,-2.4205475E-1,-2.873511E-1,-4.974772E-1,-6.006169E-2,-1.7434714E0,-5.94031E-1,1.5049742E0,5.3930247E-1,-1.1364619E0,9.754136E-3],"categories":[],"categories_nodes":[],"categories_segments":[],"categories_sizes":[],"default_left":[0,0,0,0,0,0,0,0,0,0,0,0,0,0,0,0,0,0,0,0,0,0,0,0,0,0,0,0,0,0,0],"id":2,"left_children":[1,3,5,-1,7,9,11,13,-1,-1,15,17,19,-1,-1,21,-1,23,25,27,29,-1,-1,-1,-1,-1,-1,-1,-1,-1,-1],"loss_changes":[1.245887E4,2.6235107E2,5.3057275E2,0E0,4.480011E1,6.595471E1,7.705762E1,1.1453201E1,0E0,0E0,1.1868439E1,1.09805176E2,1.0817775E2,0E0,0E0,2.545288E0,0E0,9.944531E1,2.4783905E1,9.109123E0,7.473966E1,0E0,0E0,0E0,0E0,0E0,0E0,0E0,0E0,0E0,0E0],"parents":[2147483647,0,0,1,1,2,2,4,4,5,5,6,6,7,7,10,10,11,11,12,12,15,15,17,17,18,18,19,19,20,20],"right_children":[2,4,6,-1,8,10,12,14,-1,-1,16,18,20,-1,-1,22,-1,24,26,28,30,-1,-1,-1,-1,-1,-1,-1,-1,-1,-1],"split_conditions":[1.58E3,6.32E2,2.528E3,4.1969052E-1,1.264E3,1.896E3,1.3269E4,9.48E2,7.67585E-2,-6.805761E-2,2.527E3,1.2638E4,1.4217E4,1.9666675E-1,3.1280005E-1,2.212E3,9.245297E-2,9.478E3,1.2956E4,1.3272E4,1.5165E4,-2.4205475E-1,-2.873511E-1,-4.974772E-1,-6.006169E-2,-1.7434714E0,-5.94031E-1,1.5049742E0,5.3930247E-1,-1.1364619E0,9.754136E-3],"split_indices":[0,0,0,0,0,0,0,0,0,0,0,0,0,0,0,0,0,0,0,0,0,0,0,0,0,0,0,0,0,0,0],"split_type":[0,0,0,0,0,0,0,0,0,0,0,0,0,0,0,0,0,0,0,0,0,0,0,0,0,0,0,0,0,0,0],"sum_hessian":[6.917E3,3.599E3,3.318E3,3.076E3,5.23E2,8.11E2,2.507E3,3.24E2,1.99E2,2.21E2,5.9E2,2.476E3,3.1E1,1.55E2,1.69E2,5.82E2,8E0,2.465E3,1.1E1,6E0,2.5E1,2.86E2,2.96E2,2.417E3,4.8E1,7E0,4E0,2E0,4E0,6E0,1.9E1],"tree_param":{"num_deleted":"0","num_feature":"1","num_nodes":"31","size_leaf_vector":"1"}},{"base_weights":[-8.216972E-4,9.0159154E-1,-9.7963667E-1,2.938244E-1,4.4288337E-1,-4.8651183E-1,-1.1389022E0,6.0361063E-1,5.3846136E-2,-4.773233E-2,-6.0867286E-1,-1.1966245E0,-8.104755E-1,1.3804494E-1,2.1951194E-1,-6.20514E-1,6.779884E-2,-1.1599703E0,-6.599513E-1,7.573852E-1,-8.619503E-1,-1.6969128E-1,-2.0143601E-1,-3.549618E-1,6.9508815E-1,-2.817059E-1,-3.400936E-3],"categories":[],"categories_nodes":[],"categories_segments":[],"categories_sizes":[],"default_left":[0,0,0,0,0,0,0,0,0,0,0,0,0,0,0,0,0,0,0,0,0,0,0,0,0,0,0],"id":3,"left_children":[1,3,5,-1,7,9,11,13,-1,-1,15,17,19,-1,-1,21,-1,23,-1,-1,25,-1,-1,-1,-1,-1,-1],"loss_changes":[6.1115225E3,1.280791E2,2.601128E2,0E0,2.207518E1,3.237993E1,4.6575684E1,5.635742E0,0E0,0E0,5.9813232E0,7.5809326E1,6.706851E1,0E0,0E0,1.2498932E0,0E0,1.6900537E2,0E0,0E0,2.4441833E1,0E0,0E0,0E0,0E0,0E0,0E0],"parents":[2147483647,0,0,1,1,2,2,4,4,5,5,6,6,7,7,10,10,11,11,12,12,15,15,17,17,20,20],"right_children":[2,4,6,-1,8,10,12,14,-1,-1,16,18,20,-1,-1,22,-1,24,-1,-1,26,-1,-1,-1,-1,-1,-1],"split_conditions":[1.58E3,6.32E2,2.528E3,2.938244E-1,1.264E3,1.896E3,5.687E3,9.48E2,5.3846136E-2,-4.773233E-2,2.527E3,5.372E3,5.688E3,1.3804494E-1,2.1951194E-1,2.212E3,6.779884E-2,5.371E3,-6.599513E-1,7.573852E-1,1.3269E4,-1.6969128E-1,-2.0143601E-1,-3.549618E-1,6.9508815E-1,-2.817059E-1,-3.400936E-3],"split_indices":[0,0,0,0,0,0,0,0,0,0,0,0,0,0,0,0,0,0,0,0,0,0,0,0,0,0,0],"split_type":[0,0,0,0,0,0,0,0,0,0,0,0,0,0,0,0,0,0,0,0,0,0,0,0,0,0,0],"sum_hessian":[6.917E3,3.599E3,3.318E3,3.076E3,5.23E2,8.11E2,2.507E3,3.24E2,1.99E2,2.21E2,5.9E2,2.13E3,3.77E2,1.55E2,1.69E2,5.82E2,8E0,2.057E3,7.3E1,5E0,3.72E2,2.86E2,2.96E2,2.044E3,1.3E1,3.41E2,3.1E1],"tree_param":{"num_deleted":"0","num_feature":"1","num_nodes":"27",