{"learner":{"attributes":{"scikit_learn":"{\"_estimator_type\": \"regressor\"}"},"feature_names":[],"feature_types":[],"gradient_booster":{"model":{"gbtree_model_param":{"num_parallel_tree":"1","num_trees":"10"},"iteration_indptr":[0,1,2,3,4,5,6,7,8,9,10],"tree_info":[0,0,0,0,0,0,0,0,0,0],"trees":[{"base_weights":[-1.4029347E-7,5.986371E-1,-3.5027955E0,1.6308284E-1,9.51757E-1,-2.154789E0,-4.33174E0,1.1573887E0,-8.227298E-2,-5.6785715E-1,-2.5297306E0,-5.005347E0,-3.860611E0,3.6577958E-1,2.7769354E-1,-7.732713E-1,4.7449452E-1,-1.1055038E0,-1.619923E0,-1.1241162E0,-2.3651524E0],"categories":[],"categories_nodes":[],"categories_segments":[],"categories_sizes":[],"default_left":[0,0,0,0,0,0,0,0,0,0,0,0,0,0,0,0,0,0,0,0,0],"id":0,"left_children":[1,3,5,-1,7,9,11,13,-1,-1,15,17,19,-1,-1,-1,-1,-1,-1,-1,-1],"loss_changes":[1.1205854E4,8.816748E1,8.6225586E2,0E0,1.5510956E2,2.457605E1,1.336416E2,6.4140015E0,0E0,0E0,2.7679688E1,8.164551E1,1.0203711E2,0E0,0E0,0E0,0E0,0E0,0E0,0E0,0E0],"parents":[2147483647,0,0,1,1,2,2,4,4,5,5,6,6,7,7,10,10,11,11,12,12],"right_children":[2,4,6,-1,8,10,12,14,-1,-1,16,18,20,-1,-1,-1,-1,-1,-1,-1,-1],"split_conditions":[1.896E3,6.32E2,3.16E3,1.6308284E-1,1.58E3,2.528E3,4.423E3,1.264E3,-8.227298E-2,-5.6785715E-1,3.159E3,3.476E3,1.3901E4,3.6577958E-1,2.7769354E-1,-7.732713E-1,4.7449452E-1,-1.1055038E0,-1.619923E0,-1.1241162E0,-2.3651524E0],"split_indices":[0,0,0,0,0,0,0,0,0,0,0,0,0,0,0,0,0,0,0,0,0],"split_type":[0,0,0,0,0,0,0,0,0,0,0,0,0,0,0,0,0,0,0,0,0],"sum_hessian":[5.342E3,4.563E3,7.79E2,3.95E3,6.13E2,2.98E2,4.81E2,5.25E2,8.8E1,1.79E2,1.19E2,1.94E2,2.87E2,4.11E2,1.14E2,1.18E2,1E0,4.7E1,1.47E2,2.81E2,6E0],"tree_param":{"num_deleted":"0","num_feature":"1","num_nodes":"21","size_leaf_vector":"1"}},{"base_weights":[-1.1901181E-3,4.192044E-1,-2.4610357E0,1.141703E-1,6.6714364E-1,-1.5112509E0,-3.0451117E0,8.1139517E-1,-5.786853E-2,-1.3771566E0,-1.9821103E0,-3.3772786E0,-2.437728E0,2.5631195E-1,1.9510984E-1,-4.2819646E-1,8.98425E-1,-6.168755E-1,4.0332028E-1,-9.6724665E-1,-1.2898629E0,-6.8422985E-1,-1.7569703E0],"categories":[],"categories_nodes":[],"categories_segments":[],"categories_sizes":[],"default_left":[0,0,0,0,0,0,0,0,0,0,0,0,0,0,0,0,0,0,0,0,0,0,0],"id":1,"left_children":[1,3,5,-1,7,9,11,13,-1,15,17,19,21,-1,-1,-1,-1,-1,-1,-1,-1,-1,-1],"loss_changes":[5.5262583E3,4.3467224E1,4.281001E2,0E0,7.633057E1,1.6149109E1,8.901221E1,3.0846252E0,0E0,5.603296E1,1.8548904E1,2.9774414E1,8.0015625E1,0E0,0E0,0E0,0E0,0E0,0E0,0E0,0E0,0E0,0E0],"parents":[2147483647,0,0,1,1,2,2,4,4,5,5,6,6,7,7,9,9,10,10,11,11,12,12],"right_children":[2,4,6,-1,8,10,12,14,-1,16,18,20,22,-1,-1,-1,-1,-1,-1,-1,-1,-1,-1],"split_conditions":[1.896E3,6.32E2,3.16E3,1.141703E-1,1.58E3,2.844E3,5.688E3,1.264E3,-5.786853E-2,2.843E3,3.159E3,5.055E3,1.3901E4,2.5631195E-1,1.9510984E-1,-4.2819646E-1,8.98425E-1,-6.168755E-1,4.0332028E-1,-9.6724665E-1,-1.2898629E0,-6.8422985E-1,-1.7569703E0],"split_indices":[0,0,0,0,0,0,0,0,0,0,0,0,0,0,0,0,0,0,0,0,0,0,0],"split_type":[0,0,0,0,0,0,0,0,0,0,0,0,0,0,0,0,0,0,0,0,0,0,0],"sum_hessian":[5.342E3,4.563E3,7.79E2,3.95E3,6.13E2,2.98E2,4.81E2,5.25E2,8.8E1,2.35E2,6.3E1,3.08E2,1.73E2,4.11E2,1.14E2,2.33E2,2E0,6.2E1,1E0,2.68E2,4E1,1.67E2,6E0],"tree_param":{"num_deleted":"0","num_feature":"1","num_nodes":"23","size_leaf_vector":"1"}},{"base_weights":[-1.5691814E-3,2.935545E-1,-1.7284192E0,7.992794E-2,4.6764138E-1,-1.0570168E0,-2.1413255E0,5.688346E-1,-4.07029E-2,-9.023371E-1,-1.2802279E0,-2.555433E0,-1.8535051E0,1.7960489E-1,1.37086E-1,-2.9550618E-1,-2.367356E-1,-3.9305758E-1,3.4282222E-1,-4.966331E-1,-8.4901655E-1,8.7153244E-1,-5.640624E-1],"categories":[],"categories_nodes":[],"categories_segments":[],"categories_sizes":[],"default_left":[0,0,0,0,0,0,0,0,0,0,0,0,0,0,0,0,0,0,0,0,0,0,0],"id":2,"left_children":[1,3,5,-1,7,9,11,13,-1,15,17,19,21,-1,-1,-1,-1,-1,-1,-1,-1,-1,-1],"loss_changes":[2.7234836E3,2.1429535E1,2.1397339E2,0E0,3.7562912E1,9.168152E0,5.271216E1,1.4829865E0,0E0,9.077301E-1,1.0209427E1,4.351062E1,4.2058044E1,0E0,0E0,0E0,0E0,0E0,0E0,0E0,0E0,0E0,0E0],"parents":[2147483647,0,0,1,1,2,2,4,4,5,5,6,6,7,7,9,9,10,10,11,11,12,12],"right_children":[2,4,6,-1,8,10,12,14,-1,16,18,20,22,-1,-1,-1,-1,-1,-1,-1,-1,-1,-1],"split_conditions":[1.896E3,6.32E2,3.16E3,7.992794E-2,1.58E3,2.528E3,4.423E3,1.264E3,-4.07029E-2,2.212E3,3.159E3,3.476E3,4.424E3,1.7960489E-1,1.37086E-1,-2.9550618E-1,-2.367356E-1,-3.9305758E-1,3.4282222E-1,-4.966331E-1,-8.4901655E-1,8.7153244E-1,-5.640624E-1],"split_indices":[0,0,0,0,0,0,0,0,0,0,0,0,0,0,0,0,0,0,0,0,0,0,0],"split_type":[0,0,0,0,0,0,0,0,0,0,0,0,0,0,0,0,0,0,0,0,0,0,0],"sum_hessian":[5.342E3,4.563E3,7.79E2,3.95E3,6.13E2,2.98E2,4.81E2,5.25E2,8.8E1,1.79E2,1.19E2,1.94E2,2.87E2,4.11E2,1.14E2,9.9E1,8E1,1.18E2,1E0,4.7E1,1.47E2,1E0,2.86E2],"tree_param":{"num_deleted":"0","num_feature":"1","num_nodes":"23","size_leaf_vector":"1"}},{"base_weights":[-1.3354264E-3,2.0556578E-1,-1.211971E0,5.5955492E-2,3.277987E-1,-7.418597E-1,-1.5010816E0,3.9878657E-1,-2.8629258E-2,-6.6453695E-1,-1.0153958E0,-1.4631336E0,-1.1601331E0,1.00541204E-1,1.3424733E-1,-2.112875E-1,7.973515E-1,-3.187047E-1,2.913989E-1,-4.6991304E-1,2.2158839E-1],"categories":[],"categories_nodes":[],"categories_segments":[],"categories_sizes":[],"default_left":[0,0,0,0,0,0,0,0,0,0,0,0,0,0,0,0,0,0,0,0,0],"id":3,"left_children":[1,3,5,-1,7,9,11,13,-1,15,17,19,-1,-1,-1,-1,-1,-1,-1,-1,-1],"loss_changes":[1.3385743E3,1.0564896E1,1.04899414E2,0E0,1.8485176E1,5.6492615E0,3.7618896E1,1.4806366E0,0E0,3.304274E1,7.002014E0,1.093598E2,0E0,0E0,0E0,0E0,0E0,0E0,0E0,0E0,0E0],"parents":[2147483647,0,0,1,1,2,2,4,4,5,5,6,6,7,7,9,9,10,10,11,11],"right_children":[2,4,6,-1,8,10,12,14,-1,16,18,20,-1,-1,-1,-1,-1,-1,-1,-1,-1],"split_conditions":[1.896E3,6.32E2,3.16E3,5.5955492E-2,1.58E3,2.844E3,1.3901E4,9.48E2,-2.8629258E-2,2.843E3,3.159E3,9.796E3,-1.1601331E0,1.00541204E-1,1.3424733E-1,-2.112875E-1,7.973515E-1,-3.187047E-1,2.913989E-1,-4.6991304E-1,2.2158839E-1],"split_indices":[0,0,0,0,0,0,0,0,0,0,0,0,0,0,0,0,0,0,0,0,0],"split_type":[0,0,0,0,0,0,0,0,0,0,0,0,0,0,0,0,0,0,0,0,0],"sum_hessian":[5.342E3,4.563E3,7.79E2,3.95E3,6.13E2,2.98E2,4.81E2,5.25E2,8.8E1,2.35E2,6.3E1,4.75E2,6E0,2.31E2,2.94E2,2.33E2,2E0,6.2E1,1E0,4.54E2,2.1E1],"tree_param":{"num_deleted":"0","num_feature":"1","num_nodes":"21","size_leaf_vector":"1"}},{"base_weights":[-1.0450851E-3,1.4395311E-1,-8.4946907E-1,3.9172977E-2,2.2979468E-1,-5.45509E-1,-1.0892868E0,2.7959678E-1,-2.0136971E-2,-4.244791E-1,-6.7269385E-1,-1.5200369E0,-8.641469E-1,9.1347314E-2,5.639372E-2,-1.4498837E-1,-1.0398809E-1,-2.0600182E-1,2.0583702E-2,-4.928138E-1,-3.636918E-1,-2.4071929E-1,-8.0676544E-1],"categories":[],"categories_nodes":[],"categories_segments":[],"categories_sizes":[],"default_left":[0,0,0,0,0,0,0,0,0,0,0,0,0,0,0,0,0,0,0,0,0,0,0],"id":4,"left_children":[1,3,5,-1,7,9,11,13,-1,15,17,19,21,-1,-1,-1,-1,-1,-1,-1,-1,-1,-1],"loss_changes":[6.5741785E2,5.210663E0,5.6263855E1,0E0,9.098068E0,5.040489E0,4.0872375E1,1.1424408E0,0E0,6.5668106E-1,1.7776718E0,3.5956726E0,3.0298843E1,0E0,0E0,0E0,0E0,0E0,0E0,0E0,0E0,0E0,0E0],"parents":[2147483647,0,0,1,1,2,2,4,4,5,5,6,6,7,7,9,9,10,10,11,11,12,12],"right_children":[2,4,6,-1,8,10,12,14,-1,16,18,20,22,-1,-1,-1,-1,-1,-1,-1,-1,-1,-1],"split_conditions":[1.896E3,6.32E2,3.476E3,3.9172977E-2,1.58E3,2.528E3,4.423E3,1.264E3,-2.0136971E-2,2.212E3,3.475E3,4.108E3,1.3272E4,9.1347314E-2,5.639372E-2,-1.4498837E-1,-1.0398809E-1,-2.0600182E-1,2.0583702E-2,-4.928138E-1,-3.636918E-1,-2.4071929E-1,-8.0676544E-1],"split_indices":[0,0,0,0,0,0,0,0,0,0,0,0,0,0,0,0,0,0,0,0,0,0,0],"split_type":[0,0,0,0,0,0,0,0,0,0,0,0,0,0,0,0,0,0,0,0,0,0,0],"sum_hessian":[5.342E3,4.563E3,7.79E2,3.95E3,6.13E2,3.45E2,4.34E2,5.25E2,8.8E1,1.79E2,1.66E2,1.47E2,2.87E2,4.11E2,1.14E2,9.9E1,8E1,1.63E2,3E0,1.02E2,4.5E1,2.79E2,8E0],"tree_param":{"num_deleted":"0","num_feature":"1","num_nodes":"23",