{"learner":{"attributes":{"scikit_learn":"{\"_estimator_type\": \"regressor\"}"},"feature_names":[],"feature_types":[],"gradient_booster":{"model":{"gbtree_model_param":{"num_parallel_tree":"1","num_trees":"10"},"iteration_indptr":[0,1,2,3,4,5,6,7,8,9,10],"tree_info":[0,0,0,0,0,0,0,0,0,0],"trees":[{"base_weights":[1.956015E-7,8.1156236E-1,-3.3031116E0,8.663125E-1,-5.8086073E-1,-2.3546855E0,-3.5580814E0,2.7172485E-1,4.33057E-1,-2.6554123E-1,-8.8805884E-1,-1.8419533E0,-2.7538085E0,-3.7579582E0,-2.3276455E0,8.0097355E-2,4.2164087E-1,-1.6344863E-1,4.8921427E-1,-7.008312E-1,-1.3664916E-1,-7.463303E-1,-3.6885107E-1,-8.824744E-1,-3.4967113E-1,-9.9531865E-1,-1.1925071E0,-7.1764606E-1,-3.4864008E-1],"categories":[],"categories_nodes":[],"categories_segments":[],"categories_sizes":[],"default_left":[0,0,0,0,0,0,0,0,0,0,0,0,0,0,0,0,0,0,0,0,0,0,0,0,0,0,0,0,0],"id":0,"left_children":[1,3,5,7,9,11,13,-1,15,17,19,21,23,25,27,-1,-1,-1,-1,-1,-1,-1,-1,-1,-1,-1,-1,-1,-1],"loss_changes":[3.278204E4,7.4890625E2,5.748926E2,1.610044E2,3.5798172E1,1.0011426E2,4.5828516E2,0E0,1.2719751E2,9.886456E1,1.1669325E2,8.712189E1,8.21626E1,1.4276367E2,1.7369629E1,0E0,0E0,0E0,0E0,0E0,0E0,0E0,0E0,0E0,0E0,0E0,0E0,0E0,0E0],"parents":[2147483647,0,0,1,1,2,2,3,3,4,4,5,5,6,6,8,8,9,9,10,10,11,11,12,12,13,13,14,14],"right_children":[2,4,6,8,10,12,14,-1,16,18,20,22,24,26,28,-1,-1,-1,-1,-1,-1,-1,-1,-1,-1,-1,-1,-1,-1],"split_conditions":[1.451E3,8.94E2,2.57E3,2.23E2,1.117E3,1.901E3,9.399E3,2.7172485E-1,7.82E2,1.116E3,1.119E3,1.674E3,2.462E3,4.018E3,6.6425E4,8.0097355E-2,4.2164087E-1,-1.6344863E-1,4.8921427E-1,-7.008312E-1,-1.3664916E-1,-7.463303E-1,-3.6885107E-1,-8.824744E-1,-3.4967113E-1,-9.9531865E-1,-1.1925071E0,-7.1764606E-1,-3.4864008E-1],"split_indices":[0,0,0,0,0,0,0,0,0,0,0,0,0,0,0,0,0,0,0,0,0,0,0,0,0,0,0,0,0],"split_type":[0,0,0,0,0,0,0,0,0,0,0,0,0,0,0,0,0,0,0,0,0,0,0,0,0,0,0,0,0],"sum_hessian":[1.2227E4,9.816E3,2.411E3,9.445E3,3.71E2,5.13E2,1.898E3,8.656E3,7.89E2,1.84E2,1.87E2,2.27E2,2.86E2,1.631E3,2.67E2,6.75E2,1.14E2,1.61E2,2.3E1,4.2E1,1.45E2,1.09E2,1.18E2,2.55E2,3.1E1,5.44E2,1.087E3,2.52E2,1.5E1],"tree_param":{"num_deleted":"0","num_feature":"1","num_nodes":"29","size_leaf_vector":"1"}},{"base_weights":[-4.3642992E-4,5.637731E-1,-2.335268E0,6.273961E-1,-1.5666653E-1,-1.5617458E0,-2.4625397E0,6.189909E-1,1.1287751E0,2.9276375E-2,-6.470127E-1,-1.7767861E0,1.0953476E0,-2.6375363E0,-1.8175355E0,1.9021684E-1,2.6541166E-2,5.361789E-1,2.4139637E-1,-4.8807544E-1,3.1067789E-2,-4.9547133E-1,-1.2021109E-1,-4.1396043E-1,-7.2468084E-1,1.5567121E-1,4.8956266E-1,-6.6992587E-1,-8.6544144E-1,-1.6087642E-1,-5.603641E-1],"categories":[],"categories_nodes":[],"categories_segments":[],"categories_sizes":[],"default_left":[0,0,0,0,0,0,0,0,0,0,0,0,0,0,0,0,0,0,0,0,0,0,0,0,0,0,0,0,0,0,0],"id":1,"left_children":[1,3,5,7,9,11,13,15,17,19,21,23,25,27,29,-1,-1,-1,-1,-1,-1,-1,-1,-1,-1,-1,-1,-1,-1,-1,-1],"loss_changes":[1.6109681E4,4.51542E2,2.3045898E2,3.7439697E1,7.296006E1,1.9564496E2,2.2569434E2,7.110034E1,3.014943E1,7.164714E1,5.3773216E1,7.628381E1,7.1944447E0,1.539707E2,2.7316528E1,0E0,0E0,0E0,0E0,0E0,0E0,0E0,0E0,0E0,0E0,0E0,0E0,0E0,0E0,0E0,0E0],"parents":[2147483647,0,0,1,1,2,2,3,3,4,4,5,5,6,6,7,7,8,8,9,9,10,10,11,11,12,12,13,13,14,14],"right_children":[2,4,6,8,10,12,14,16,18,20,22,24,26,28,30,-1,-1,-1,-1,-1,-1,-1,-1,-1,-1,-1,-1,-1,-1,-1,-1],"split_conditions":[1.454E3,4.48E2,2.237E3,3.36E2,1.117E3,2.126E3,7.814E3,2.23E2,4.47E2,5.58E2,1.119E3,1.901E3,2.234E3,3.797E3,7.934E3,1.9021684E-1,2.6541166E-2,5.361789E-1,2.4139637E-1,-4.8807544E-1,3.1067789E-2,-4.9547133E-1,-1.2021109E-1,-4.1396043E-1,-7.2468084E-1,1.5567121E-1,4.8956266E-1,-6.6992587E-1,-8.6544144E-1,-1.6087642E-1,-5.603641E-1],"split_indices":[0,0,0,0,0,0,0,0,0,0,0,0,0,0,0,0,0,0,0,0,0,0,0,0,0,0,0,0,0,0,0],"split_type":[0,0,0,0,0,0,0,0,0,0,0,0,0,0,0,0,0,0,0,0,0,0,0,0,0,0,0,0,0,0,0],"sum_hessian":[1.2227E4,9.848E3,2.379E3,9.049E3,7.99E2,3.38E2,2.041E3,8.902E3,1.47E2,5.8E2,2.19E2,3.13E2,2.5E1,1.603E3,4.38E2,8.656E3,2.46E2,4.7E1,1E2,2.4E1,5.56E2,4.2E1,1.77E2,1.95E2,1.18E2,1.3E1,1.2E1,6.12E2,9.91E2,1.7E1,4.21E2],"tree_param":{"num_deleted":"0","num_feature":"1","num_nodes":"31","size_leaf_vector":"1"}},{"base_weights":[-5.3693965E-4,3.9316228E-1,-1.6434482E0,4.2629418E-1,-3.5292602E-1,-1.2072872E0,-1.7496134E0,4.2272955E-1,4.8305556E-1,-6.428781E-1,-2.5668642E-1,-2.058027E0,-1.0740695E0,-1.8593141E0,-1.075057E0,1.2860757E-1,-2.325909E-1,-1.6517785E-1,-2.3303093E-1,9.9077016E-2,-1.37861E-1,-4.2315242E-1,-8.701026E-1,-1.3598105E-1,-3.983195E-1,-7.3328334E-1,-5.4325587E-1,-1.944322E-1,-3.668177E-1],"categories":[],"categories_nodes":[],"categories_segments":[],"categories_sizes":[],"default_left":[0,0,0,0,0,0,0,0,0,0,0,0,0,0,0,0,0,0,0,0,0,0,0,0,0,0,0,0,0],"id":2,"left_children":[1,3,5,7,9,11,13,15,-1,17,19,21,23,25,27,-1,-1,-1,-1,-1,-1,-1,-1,-1,-1,-1,-1,-1,-1],"loss_changes":[7.9098745E3,2.4400647E2,1.07353516E2,3.918274E1,1.1555031E1,5.0602966E1,1.3852539E2,6.761279E1,0E0,8.5736084E-1,3.7894276E1,2.9724762E1,6.3174866E1,4.183789E1,1.6104187E1,0E0,0E0,0E0,0E0,0E0,0E0,0E0,0E0,0E0,0E0,0E0,0E0,0E0,0E0],"parents":[2147483647,0,0,1,1,2,2,3,3,4,4,5,5,6,6,7,7,9,9,10,10,11,11,12,12,13,13,14,14],"right_children":[2,4,6,8,10,12,14,16,-1,18,20,22,24,26,28,-1,-1,-1,-1,-1,-1,-1,-1,-1,-1,-1,-1,-1,-1],"split_conditions":[1.563E3,8.94E2,2.57E3,8.93E2,1.006E3,1.674E3,9.399E3,7.83E2,4.8305556E-1,1.005E3,1.117E3,1.566E3,1.901E3,2.796E3,1.0159E4,1.2860757E-1,-2.325909E-1,-1.6517785E-1,-2.3303093E-1,9.9077016E-2,-1.37861E-1,-4.2315242E-1,-8.701026E-1,-1.3598105E-1,-3.983195E-1,-7.3328334E-1,-5.4325587E-1,-1.944322E-1,-3.668177E-1],"split_indices":[0,0,0,0,0,0,0,0,0,0,0,0,0,0,0,0,0,0,0,0,0,0,0,0,0,0,0,0,0],"split_type":[0,0,0,0,0,0,0,0,0,0,0,0,0,0,0,0,0,0,0,0,0,0,0,0,0,0,0,0,0],"sum_hessian":[1.2227E4,9.864E3,2.363E3,9.445E3,4.19E2,4.65E2,1.898E3,9.418E3,2.7E1,1.03E2,3.16E2,6.1E1,4.04E2,1.631E3,2.67E2,9.372E3,4.6E1,6.4E1,3.9E1,8.1E1,2.35E2,3.6E1,2.5E1,1.18E2,2.86E2,1.21E2,1.51E3,7E1,1.97E2],"tree_param":{"num_deleted":"0","num_feature":"1","num_nodes":"29","size_leaf_vector":"1"}},{"base_weights":[-6.8049267E-4,2.8551644E-1,-1.1138844E0,3.1069344E-1,-5.047382E-2,-8.49754E-1,-1.278993E0,3.0472448E-1,6.676581E-1,-4.4891223E-1,1.7983161E-1,-6.027959E-1,-9.690697E-1,-1.468121E0,-9.0082425E-1,9.458045E-2,-1.9814938E-2,3.4089786E-1,1.3149427E-1,-3.8454878E-1,-1.06311224E-1,4.4534534E-1,-2.9758485E-2,-2.1171379E-1,1.5538402E-2,-3.547215E-1,-1.6078134E-1,-4.2236367E-1,-9.869253E-1,-3.1022525E-1,-1.6305009E-1],"categories":[],"categories_nodes":[],"categories_segments":[],"categories_sizes":[],"default_left":[0,0,0,0,0,0,0,0,0,0,0,0,0,0,0,0,0,0,0,0,0,0,0,0,0,0,0,0,0,0,0],"id":3,"left_children":[1,3,5,7,9,11,13,15,17,19,21,23,25,27,29,-1,-1,-1,-1,-1,-1,-1,-1,-1,-1,-1,-1,-1,-1,-1,-1],"loss_changes":[3.8961042E3,8.230701E1,1.0798242E2,1.9079407E1,6.2387486E1,2.7850525E1,1.0860742E2,3.482556E1,1.5409882E1,1.9153324E1,1.570454E2,2.1392319E1,5.9335327E1,1.0763159E2,2.3960693E1,0E0,0E0,0E0,0E0,0E0,0E0,0E0,0E0,0E0,0E0,0E0,0E0,0E0,0E0,0E0,0E0],"parents":[2147483647,0,0,1,1,2,2,3,3,4,4,5,5,6,6,7,7,8,8,9,9,10,10,11,11,12,12,13,13,14,14],"right_children":[2,4,6,8,10,12,14,16,18,20,22,24,26,28,30,-1,-1,-1,-1,-1,-1,-1,-1,-1,-1,-1,-1,-1,-1,-1,-1],"split_conditions":[1.23E3,4.48E2,3.461E3,3.36E2,6.72E2,1.901E3,7.368E3,2.23E2,4.47E2,5.58E2,7.83E2,1.789E3,2.903E3,7.157E3,1.129E4,9.458045E-2,-1.9814938E-2,3.4089786E-1,1.3149427E-1,-3.8454878E-1,-1.06311224E-1,4.4534534E-1,-2.9758485E-2,-2.1171379E-1,1.5538402E-2,-3.547215E-1,-1.6078134E-1,-4.2236367E-1,-9.869253E-1,-3.1022525E-1,-1.6305009E-1],"split_indices":[0,0,0,0,0,0,0,0,0,0,0,0,0,0,0,0,0,0,0,0,0,0,0,0,0,0,0,0,0,0,0],"split_type":[0,0,0,0,0,0,0,0,0,0,0,0,0,0,0,0,0,0,0,0,0,0,0,0,0,0,0,0,0,0,0],"sum_hessian":[1.2227E4,9.727E3,2.5E3,9.049E3,6.78E2,9.64E2,1.536E3,8.902E3,1.47E2,2.48E2,4.3E2,3.16E2,6.48E2,1.022E3,5.14E2,8.656E3,2.46E2,4.7E1,1E2,2.4E1,2.24E2,7.5E1,3.55E2,2.73E2,4.3E1,4.33E2,2.15E2,9.91E2,3.1E1,3.73E2,1.41E2],