{"learner":{"attributes":{"scikit_learn":"{\"_estimator_type\": \"regressor\"}"},"feature_names":[],"feature_types":[],"gradient_booster":{"model":{"gbtree_model_param":{"num_parallel_tree":"1","num_trees":"10"},"iteration_indptr":[0,1,2,3,4,5,6,7,8,9,10],"tree_info":[0,0,0,0,0,0,0,0,0,0],"trees":[{"base_weights":[1.4469542E-7,-3.27806E0,1.1372863E0,-4.1368666E0,-2.6255481E0,-8.255113E-2,1.6803843E0,-1.1366029E0,-1.6839496E0,-9.500712E-1,-5.445842E-1,8.715315E-2,-7.2926176E-1,4.1149265E-1,6.502113E-1],"categories":[],"categories_nodes":[],"categories_segments":[],"categories_sizes":[],"default_left":[0,0,0,0,0,0,0,0,0,0,0,0,0,0,0],"id":0,"left_children":[1,3,5,7,9,11,13,-1,-1,-1,-1,-1,-1,-1,-1],"loss_changes":[2.706595E3,9.3929565E1,3.5722156E2,1.9342163E1,4.2063354E1,1.4700966E2,5.3108887E1,0E0,0E0,0E0,0E0,0E0,0E0,0E0,0E0],"parents":[2147483647,0,0,1,1,2,2,3,3,4,4,5,5,6,6],"right_children":[2,4,6,8,10,12,14,-1,-1,-1,-1,-1,-1,-1,-1],"split_conditions":[4.78E2,4.18E2,5.19E2,5.024E3,2.687E3,2.24E2,5.53E2,-1.1366029E0,-1.6839496E0,-9.500712E-1,-5.445842E-1,8.715315E-2,-7.2926176E-1,4.1149265E-1,6.502113E-1],"split_indices":[0,0,0,1,1,1,0,0,0,0,0,0,0,0,0],"split_type":[0,0,0,0,0,0,0,0,0,0,0,0,0,0,0],"sum_hessian":[7.24E2,1.86E2,5.38E2,7.8E1,1.08E2,1.66E2,3.72E2,6.6E1,1.2E1,6.3E1,4.5E1,1.44E2,2.2E1,2.3E2,1.42E2],"tree_param":{"num_deleted":"0","num_feature":"2","num_nodes":"15","size_leaf_vector":"1"}},{"base_weights":[-5.373113E-3,-2.3177178E0,7.9687893E-1,-3.0234404E0,-1.8794272E0,-1.831703E-1,1.1445425E0,-8.3997405E-1,-1.2682068E0,-4.9032542E-1,-7.630921E-1,4.099501E-2,-6.097356E-1,2.0481128E-1,4.1370362E-1],"categories":[],"categories_nodes":[],"categories_segments":[],"categories_sizes":[],"default_left":[0,0,0,0,0,0,0,0,0,0,0,0,0,0,0],"id":1,"left_children":[1,3,5,7,9,11,13,-1,-1,-1,-1,-1,-1,-1,-1],"loss_changes":[1.3467823E3,5.2158875E1,1.8386176E2,7.001343E0,1.5045746E1,8.426191E1,4.215674E1,0E0,0E0,0E0,0E0,0E0,0E0,0E0,0E0],"parents":[2147483647,0,0,1,1,2,2,3,3,4,4,5,5,6,6],"right_children":[2,4,6,8,10,12,14,-1,-1,-1,-1,-1,-1,-1,-1],"split_conditions":[4.78E2,4.15E2,5.16E2,4.913E3,4.67E2,2.24E2,5.33E2,-8.3997405E-1,-1.2682068E0,-4.9032542E-1,-7.630921E-1,4.099501E-2,-6.097356E-1,2.0481128E-1,4.1370362E-1],"split_indices":[0,0,0,1,0,1,0,0,0,0,0,0,0,0,0],"split_type":[0,0,0,0,0,0,0,0,0,0,0,0,0,0,0],"sum_hessian":[7.24E2,1.86E2,5.38E2,6.9E1,1.17E2,1.41E2,3.97E2,6.1E1,8E0,8.8E1,2.9E1,1.21E2,2E1,1.35E2,2.62E2],"tree_param":{"num_deleted":"0","num_feature":"2","num_nodes":"15","size_leaf_vector":"1"}},{"base_weights":[-8.329244E-3,-1.6478682E0,5.564162E-1,-1.9674603E0,-1.0226665E0,-1.3302952E-1,8.0273366E-1,-6.750114E-1,-4.0629536E-1,-5.0327085E-2,-5.391627E-1,2.7959896E-2,-4.3552542E-1,2.4894239E-1,-6.214606E-1],"categories":[],"categories_nodes":[],"categories_segments":[],"categories_sizes":[],"default_left":[0,0,0,0,0,0,0,0,0,0,0,0,0,0,0],"id":2,"left_children":[1,3,5,7,9,11,13,-1,-1,-1,-1,-1,-1,-1,-1],"loss_changes":[6.7221045E2,3.5152588E1,9.181094E1,1.8090485E1,4.273915E1,4.279697E1,3.2690826E1,0E0,0E0,0E0,0E0,0E0,0E0,0E0,0E0],"parents":[2147483647,0,0,1,1,2,2,3,3,4,4,5,5,6,6],"right_children":[2,4,6,8,10,12,14,-1,-1,-1,-1,-1,-1,-1,-1],"split_conditions":[4.77E2,4.35E2,5.16E2,3.241E3,4.59E2,2.24E2,4.801E3,-6.750114E-1,-4.0629536E-1,-5.0327085E-2,-5.391627E-1,2.7959896E-2,-4.3552542E-1,2.4894239E-1,-6.214606E-1],"split_indices":[0,0,0,1,0,1,1,0,0,0,0,0,0,0,0],"split_type":[0,0,0,0,0,0,0,0,0,0,0,0,0,0,0],"sum_hessian":[7.24E2,1.85E2,5.39E2,1.21E2,6.4E1,1.42E2,3.97E2,8.1E1,4E1,3.1E1,3.3E1,1.22E2,2E1,3.94E2,3E0],"tree_param":{"num_deleted":"0","num_feature":"2","num_nodes":"15","size_leaf_vector":"1"}},{"base_weights":[-9.210963E-3,-1.1624904E0,3.880468E-1,-1.0661769E0,-3.1721933E0,4.977414E-2,7.138376E-1,-4.118858E-1,-1.3953511E-1,-1.1169101E0,-5.0717837E-1,3.4979943E-2,-3.2286462E-1,2.2133173E-1,-8.766435E-1],"categories":[],"categories_nodes":[],"categories_segments":[],"categories_sizes":[],"default_left":[0,0,0,0,0,0,0,0,0,0,0,0,0,0,0],"id":3,"left_children":[1,3,5,7,9,11,13,-1,-1,-1,-1,-1,-1,-1,-1],"loss_changes":[3.3260925E2,3.2620316E1,5.9475784E1,3.2367325E1,2.3485565E-1,2.0140656E1,2.608815E1,0E0,0E0,0E0,0E0,0E0,0E0,0E0,0E0],"parents":[2147483647,0,0,1,1,2,2,3,3,4,4,5,5,6,6],"right_children":[2,4,6,8,10,12,14,-1,-1,-1,-1,-1,-1,-1,-1],"split_conditions":[4.77E2,7.815E3,5.31E2,2.687E3,1.1841E4,4.138E3,4.801E3,-4.118858E-1,-1.3953511E-1,-1.1169101E0,-5.0717837E-1,3.4979943E-2,-3.2286462E-1,2.2133173E-1,-8.766435E-1],"split_indices":[0,1,0,1,1,1,1,0,0,0,0,0,0,0,0],"split_type":[0,0,0,0,0,0,0,0,0,0,0,0,0,0,0],"sum_hessian":[7.24E2,1.85E2,5.39E2,1.78E2,7E0,2.65E2,2.74E2,1.17E2,6.1E1,4E0,3E0,2.51E2,1.4E1,2.73E2,1E0],"tree_param":{"num_deleted":"0","num_feature":"2","num_nodes":"15","size_leaf_vector":"1"}},{"base_weights":[-1.0749278E-2,-9.845848E-1,2.3440716E-1,-7.966306E-1,-2.0077522E0,7.7894616E-1,2.0101964E-1,-3.152257E-1,1.322647E-1,-1.1777347E0,-5.188427E-1,-7.662121E-2,1.2070505E-1],"categories":[],"categories_nodes":[],"categories_segments":[],"categories_sizes":[],"default_left":[0,0,0,0,0,0,0,0,0,0,0,0,0],"id":4,"left_children":[1,3,5,7,9,-1,11,-1,-1,-1,-1,-1,-1],"loss_changes":[1.7331879E2,2.6477615E1,4.5219162E1,3.9773125E1,4.9528046E0,0E0,5.275688E1,0E0,0E0,0E0,0E0,0E0,0E0],"parents":[2147483647,0,0,1,1,2,2,3,3,4,4,6,6],"right_children":[2,4,6,8,10,-1,12,-1,-1,-1,-1,-1,-1],"split_conditions":[4.53E2,5.135E3,4.59E2,4.473E3,5.263E3,7.7894616E-1,5.16E2,-3.152257E-1,1.322647E-1,-1.1777347E0,-5.188427E-1,-7.662121E-2,1.2070505E-1],"split_indices":[0,1,0,1,1,0,0,0,0,0,0,0,0],"split_type":[0,0,0,0,0,0,0,0,0,0,0,0,0],"sum_hessian":[7.24E2,1.45E2,5.79E2,1.24E2,2.1E1,7E0,5.72E2,1.03E2,2.1E1,1E0,2E1,1.75E2,3.97E2],"tree_param":{"num_deleted":"0","num_feature":"2","num_nodes":"13","size_leaf_vector":"1"}},{"base_weights":[-8.98158E-3,-6.358858E-1,2.0077126E-1,-5.7581717E-1,-2.055342E0,1.11415E-1,6.819843E-1,-4.3490458E-1,-1.4381105E-1,-7.2078E-1,-2.3743945E-1,4.698504E-2,-3.2271102E-1,2.6187265E-1,-2.5117216E-1],"categories":[],"categories_nodes":[],"categories_segments":[],"categories_sizes":[],"default_left":[0,0,0,0,0,0,0,0,0,0,0,0,0,0,0],"id":5,"left_children":[1,3,5,7,9,11,13,-1,-1,-1,-1,-1,-1,-1,-1],"loss_changes":[9.546149E1,1.4334694E1,2.3315695E1,1.4138634E1,1.1706657E0,2.4852018E1,2.5385704E1,0E0,0E0,0E0,0E0,0E0,0E0,0E0,0E0],"parents":[2147483647,0,0,1,1,2,2,3,3,4,4,5,5,6,6],"right_children":[2,4,6,8,10,12,14,-1,-1,-1,-1,-1,-1,-1,-1],"split_conditions":[4.76E2,7.815E3,5.71E2,3.94E2,1.1945E4,4.138E3,6.46E2,-4.3490458E-1,-1.4381105E-1,-7.2078E-1,-2.3743945E-1,4.698504E-2,-3.2271102E-1,2.6187265E-1,-2.5117216E-1],"split_indices":[0,1,0,0,1,1,0,0,0,0,0,0,0,0,0],"split_type":[0,0,0,0,0,0,0,0,0,0,0,0,0,0,0],"sum_hessian":[7.24E2,1.81E2,5.43E2,1.75E2,6E0,4.59E2,8.4E1,1.6E1,1.59E2,4E0,2E0,4.43E2,1.6E1,7.5E1,9E0],"tree_param":{"num_deleted":"0","num_feature":"2","num_nodes":"15","size_leaf_vector":"1"}},{"base_weights":[-8.772278E-3,-3.861874E-1,1.6961819E-1,-3.4080294E-1,-1.6200259E0,2.0519425E-1,-1.2734883E0,-8.292927E-2,-3.8875037E-1,-7.065274E-1,-2.9474664E-1,5.418786E-2,7.538582E-1,-8.2276285E-1,-5.8842964E-2],"categories":[],"categories_nodes":[],"categories_segments":[],"categories_sizes":[],"default_left":[0,0,0,0,0,0,0,0,0,0,0,0,0,0,0],"id":6,"left_children":[1,3,5,7,9,11,13,-1,-1,-1,-1,-1,-1,-1,-1],"loss_changes":[4.8877773E1,1.249522E1,2.5571949E1,1.3535669E1,1.4351997E0,2.6873026E1,1.845421E1,0E0,0E0,0E0,0E0,0E0,0E0,0E0,0E0],"parents":[2147483647,0,0,1,1,2,2,3,3,4,4,5,5,6,6],"right_children":[2,4,6,8,10,12,14,-1,-1,-1,-1,-1,-1,-1,-1],"split_conditions":[4.92E2,7.815E3,4.801E3,4.9E2,8.388E3,3.018E3,5.7E3,-8.292927E-2,-3.8875037E-1,-7.065274E-1,-2.9474664E-1,5.418786E-2,7.538582E-1,-8.2276285E-1,-5.8842964E-2],"split_indices":[0,1,1,0,1,1,1,0,0,0,0,0,0,0,0],"split_type":[0,0,0,0,0,0,0,0,0,0,0,0,0,0,0],"sum_hessian":[7.24E2,2.32E2,4.92E2,2.25E2,7E0,4.81E2,1.1E1,2.12E2,1.3E1,2E0,5E0,4.77E2,4E0,4E0,7E0],"tree_param":{"num_deleted":"0",