{"learner":{"attributes":{"scikit_learn":"{\"_estimator_type\": \"regressor\"}"},"feature_names":[],"feature_types":[],"gradient_booster":{"model":{"gbtree_model_param":{"num_parallel_tree":"1","num_trees":"10"},"iteration_indptr":[0,1,2,3,4,5,6,7,8,9,10],"tree_info":[0,0,0,0,0,0,0,0,0,0],"trees":[{"base_weights":[-7.822697E-7,-7.696235E-1,2.0431733E0,-1.9407483E0,-2.9396567E-1,1.2773191E0,3.6162968E0,-2.5826924E0,-1.552716E0,-6.263483E-1,1.5420733E-1,9.618414E-1,1.7720151E0,3.278373E0,2.1346612E0,-9.5089376E-1,-7.08055E-1,-5.5318433E-1,-4.09187E-1,-2.7370343E-1,-1.3869995E-1,-2.7024323E-2,1.143643E-1,2.3517238E-1,3.4310037E-1,4.6859705E-1,5.9935635E-1,8.7137985E-1,1.2014935E0],"categories":[],"categories_nodes":[],"categories_segments":[],"categories_sizes":[],"default_left":[0,0,0,0,0,0,0,0,0,0,0,0,0,0,0,0,0,0,0,0,0,0,0,0,0,0,0,0,0],"id":0,"left_children":[1,3,5,7,9,11,13,15,17,19,21,23,25,27,-1,-1,-1,-1,-1,-1,-1,-1,-1,-1,-1,-1,-1,-1,-1],"loss_changes":[5.959674E3,1.5330015E3,1.2447407E3,1.9402002E2,2.919189E2,1.07385376E2,3.7753223E2,3.1438599E1,2.4861328E1,5.2349396E1,4.6339413E1,1.298291E1,9.733398E0,7.283032E1,0E0,0E0,0E0,0E0,0E0,0E0,0E0,0E0,0E0,0E0,0E0,0E0,0E0,0E0,0E0],"parents":[2147483647,0,0,1,1,2,2,3,3,4,4,5,5,6,6,7,7,8,8,9,9,10,10,11,11,12,12,13,13],"right_children":[2,4,6,8,10,12,14,16,18,20,22,24,26,28,-1,-1,-1,-1,-1,-1,-1,-1,-1,-1,-1,-1,-1,-1,-1],"split_conditions":[2.44E1,2.26E1,2.62E1,2.16E1,2.35E1,2.52E1,3E1,2.08E1,2.21E1,2.3E1,2.39E1,2.47E1,2.56E1,2.74E1,2.1346612E0,-9.5089376E-1,-7.08055E-1,-5.5318433E-1,-4.09187E-1,-2.7370343E-1,-1.3869995E-1,-2.7024323E-2,1.143643E-1,2.3517238E-1,3.4310037E-1,4.6859705E-1,5.9935635E-1,8.7137985E-1,1.2014935E0],"split_indices":[3,3,3,3,3,3,3,3,3,3,3,3,3,3,0,0,0,0,0,0,0,0,0,0,0,0,0,0,0],"split_type":[0,0,0,0,0,0,0,0,0,0,0,0,0,0,0,0,0,0,0,0,0,0,0,0,0,0,0,0,0],"sum_hessian":[3.788E3,2.752E3,1.036E3,7.94E2,1.958E3,6.98E2,3.38E2,2.97E2,4.97E2,1.124E3,8.34E2,4.28E2,2.7E2,3.1E2,2.8E1,7.8E1,2.19E2,1.92E2,3.05E2,4.08E2,7.16E2,4.02E2,4.32E2,2.19E2,2.09E2,1.44E2,1.26E2,2.08E2,1.02E2],"tree_param":{"num_deleted":"0","num_feature":"4","num_nodes":"29","size_leaf_vector":"1"}},{"base_weights":[7.6694746E-4,-6.016576E-1,1.2962546E0,-1.4140135E0,-2.803323E-1,8.278195E-1,2.6085145E0,-1.9466867E0,-1.181782E0,-5.3866524E-1,-3.7363E-2,5.3801817E-1,1.1948099E0,2.3531616E0,1.5163455E0,-6.276954E-1,-4.3367586E-1,-3.8317314E-1,-2.4613002E-1,-2.0914306E-1,-1.2701929E-1,-5.0921768E-2,3.968808E-2,1.4873478E-1,2.3199505E-1,3.2227147E-1,4.604794E-1,5.563061E-1,7.8750557E-1],"categories":[],"categories_nodes":[],"categories_segments":[],"categories_sizes":[],"default_left":[0,0,0,0,0,0,0,0,0,0,0,0,0,0,0,0,0,0,0,0,0,0,0,0,0,0,0,0,0],"id":1,"left_children":[1,3,5,7,9,11,13,15,17,19,21,23,25,27,-1,-1,-1,-1,-1,-1,-1,-1,-1,-1,-1,-1,-1,-1,-1],"loss_changes":[2.957843E3,6.748894E2,7.373351E2,8.8374146E1,1.1641263E2,9.3799805E1,1.8547485E2,1.3103088E1,1.664801E1,1.6127228E1,2.151524E1,4.5657043E0,1.438562E1,3.41864E1,0E0,0E0,0E0,0E0,0E0,0E0,0E0,0E0,0E0,0E0,0E0,0E0,0E0,0E0,0E0],"parents":[2147483647,0,0,1,1,2,2,3,3,4,4,5,5,6,6,7,7,8,8,9,9,10,10,11,11,12,12,13,13],"right_children":[2,4,6,8,10,12,14,16,18,20,22,24,26,28,-1,-1,-1,-1,-1,-1,-1,-1,-1,-1,-1,-1,-1,-1,-1],"split_conditions":[2.42E1,2.25E1,2.63E1,2.14E1,2.33E1,2.49E1,3E1,3.3E1,3.47E1,2.29E1,2.37E1,5.74E1,2.58E1,2.68E1,1.5163455E0,-6.276954E-1,-4.3367586E-1,-3.8317314E-1,-2.4613002E-1,-2.0914306E-1,-1.2701929E-1,-5.0921768E-2,3.968808E-2,1.4873478E-1,2.3199505E-1,3.2227147E-1,4.604794E-1,5.563061E-1,7.8750557E-1],"split_indices":[3,3,3,3,3,3,3,1,1,3,3,1,3,3,0,0,0,0,0,0,0,0,0,0,0,0,0,0,0],"split_type":[0,0,0,0,0,0,0,0,0,0,0,0,0,0,0,0,0,0,0,0,0,0,0,0,0,0,0,0,0],"sum_hessian":[3.788E3,2.586E3,1.202E3,7.32E2,1.854E3,8.87E2,3.15E2,2.2E2,5.12E2,8.98E2,9.56E2,4.97E2,3.9E2,2.87E2,2.8E1,1.68E2,5.2E1,4.03E2,1.09E2,3.76E2,5.22E2,5.37E2,4.19E2,4.24E2,7.3E1,2.91E2,9.9E1,1.04E2,1.83E2],"tree_param":{"num_deleted":"0","num_feature":"4","num_nodes":"29","size_leaf_vector":"1"}},{"base_weights":[1.0609283E-3,-3.615801E-1,1.0700953E0,-1.0353513E0,-1.5210694E-1,7.478084E-1,1.9973941E0,-1.4979553E0,-8.8995284E-1,-3.5770813E-1,7.0064984E-2,5.6478035E-1,1.0710732E0,1.760717E0,1.0436561E0,-5.848839E-1,-4.133416E-1,-3.143066E-1,-2.2009264E-1,-1.5875758E-1,-8.59523E-2,-2.3805201E-2,5.6811865E-2,1.5135245E-1,2.5975314E-1,2.7681306E-1,4.1991532E-1,4.6654895E-1,6.3710463E-1],"categories":[],"categories_nodes":[],"categories_segments":[],"categories_sizes":[],"default_left":[0,0,0,0,0,0,0,0,0,0,0,0,0,0,0,0,0,0,0,0,0,0,0,0,0,0,0,0,0],"id":2,"left_children":[1,3,5,7,9,11,13,15,17,19,21,23,25,27,-1,-1,-1,-1,-1,-1,-1,-1,-1,-1,-1,-1,-1,-1,-1],"loss_changes":[1.4692904E3,3.992602E2,2.8540833E2,4.379962E1,9.8691284E1,4.1639984E1,8.047974E1,5.9421997E0,1.1879791E1,1.3547699E1,1.8536726E1,7.873932E0,1.1239441E1,1.2738281E1,0E0,0E0,0E0,0E0,0E0,0E0,0E0,0E0,0E0,0E0,0E0,0E0,0E0,0E0,0E0],"parents":[2147483647,0,0,1,1,2,2,3,3,4,4,5,5,6,6,7,7,8,8,9,9,10,10,11,11,12,12,13,13],"right_children":[2,4,6,8,10,12,14,16,18,20,22,24,26,28,-1,-1,-1,-1,-1,-1,-1,-1,-1,-1,-1,-1,-1,-1,-1],"split_conditions":[2.45E1,2.24E1,2.66E1,2.12E1,2.34E1,2.55E1,2.87E1,2.04E1,2.19E1,2.28E1,2.38E1,5.92E1,5.61E1,2.76E1,1.0436561E0,-5.848839E-1,-4.133416E-1,-3.143066E-1,-2.2009264E-1,-1.5875758E-1,-8.59523E-2,-2.3805201E-2,5.6811865E-2,1.5135245E-1,2.5975314E-1,2.7681306E-1,4.1991532E-1,4.6654895E-1,6.3710463E-1],"split_indices":[3,3,3,3,3,3,3,3,3,3,3,1,1,3,0,0,0,0,0,0,0,0,0,0,0,0,0,0,0],"split_type":[0,0,0,0,0,0,0,0,0,0,0,0,0,0,0,0,0,0,0,0,0,0,0,0,0,0,0,0,0],"sum_hessian":[3.788E3,2.829E3,9.59E2,6.7E2,2.159E3,7.13E2,2.46E2,1.58E2,5.12E2,1.121E3,1.038E3,4.57E2,2.56E2,2.14E2,3.2E1,3E1,1.28E2,2.52E2,2.6E2,3.27E2,7.94E2,4.61E2,5.77E2,3.83E2,7.4E1,1.79E2,7.7E1,1.4E2,7.4E1],"tree_param":{"num_deleted":"0","num_feature":"4","num_nodes":"29","size_leaf_vector":"1"}},{"base_weights":[1.141563E-3,-3.1483307E-1,6.1277556E-1,-7.921602E-1,-1.8316394E-1,3.629238E-1,1.2384555E0,-1.092125E0,-6.8647045E-1,-3.2601583E-1,-5.200242E-2,2.5028047E-1,5.5657E-1,1.1201518E0,2.5827594E0,-3.6290002E-1,-2.312904E-1,-2.3359977E-1,-1.1410119E-1,-1.103758E-1,-4.313275E-2,-2.614055E-2,4.5915324E-2,6.916605E-2,1.385301E-1,1.482664E-1,2.3933399E-1,2.9788545E-1,4.470213E-1,2.4285737E-1,8.0523837E-1],"categories":[],"categories_nodes":[],"categories_segments":[],"categories_sizes":[],"default_left":[0,0,0,0,0,0,0,0,0,0,0,0,0,0,0,0,0,0,0,0,0,0,0,0,0,0,0,0,0,0,0],"id":3,"left_children":[1,3,5,7,9,11,13,15,17,19,21,23,25,27,29,-1,-1,-1,-1,-1,-1,-1,-1,-1,-1,-1,-1,-1,-1,-1,-1],"loss_changes":[7.324582E2,1.5691519E2,2.0136896E2,1.6369995E1,3.6706924E1,2.001587E1,5.5632202E1,4.3145447E0,1.1049927E1,7.1101303E0,7.3831234E0,2.3383255E0,4.703987E0,1.4518768E1,3.0398865E0,0E0,0E0,0E0,0E0,0E0,0E0,0E0,0E0,0E0,0E0,0E0,0E0,0E0,0E0,0E0,0E0],"parents":[2147483647,0,0,1,1,2,2,3,3,4,4,5,5,6,6,7,7,8,8,9,9,10,10,11,11,12,12,13,13,14,14],"right_children":[2,4,6,8,10,12,14,16,18,20,22,24,26,28,30,-1,-1,-1,-1,-1,-1,-1,-1,-1,-1,-1,-1,-1,-1,-1,-1],"split_conditions":[2.41E1,2.22E1,2.6E1,2.11E1,2.32E1,2.49E1,3E1,2.84E1,3.19E1,4.39E1,5.14E1,1.7222221E1,5.92E1,2.75E1,4.47E1,-3.6290002E-1,-2.312904E-1,-2.3359977E-1,-1.1410119E-1,-1.103758E-1,-4.313275E-2,-2.614055E-2,4.5915324E-2,6.916605E-2,1.385301E-1,1.482664E-1,2.3933399E-1,2.9788545E-1,4.470213E-1,2.4285737E-1,8.0523837E-1],"split_indices":[3,3,3,3,3,3,3,1,1,1,1,2,1,3,1,0,0,0,0,0,0,0,0,0,0,0,0,0,0,0,0],"split_type":[0,0,0,0,0,0,0,0,0,0,0,0,0,0,0,0,0,0,0,0,0,0,0,0,0,0,0,0,0,0,0],"sum_hessian":[3.788E3,2.498E3,1.29E3,5.39E2,1.959E3,9.23E2,3.67E2,1.38E2,4.01E2,9.37E2,1.022E3,5.85E2,3.38E2,3.39E2,2.8E1,9.9E1,3.9E1,3.07E2,9.4E1,7.61E2,1.76E2,8.73E2,1.49E2,5.37E2,4.8E1,2.71E2,6.7E1,2.55E2,8.4E1,2E0,2.6E1],"tree_param":{"num_deleted":"0","num_feature":"4","num_nodes":"31",