{"learner":{"attributes":{"scikit_learn":"{\"_estimator_type\": \"regressor\"}"},"feature_names":[],"feature_types":[],"gradient_booster":{"model":{"gbtree_model_param":{"num_parallel_tree":"1","num_trees":"10"},"iteration_indptr":[0,1,2,3,4,5,6,7,8,9,10],"tree_info":[0,0,0,0,0,0,0,0,0,0],"trees":[{"base_weights":[3.1511895E-8,7.3477095E-1,-9.744703E-1,7.314886E-1,8.000599E-1,-6.8783927E-1,-1.597065E0,7.491076E-1,3.0732253E-1,-7.262254E-1,-3.4475125E-2,-7.4427664E-1,-1.5197345E0,2.1746935E-1,3.9814597E-1,1.2021258E-1,6.6498995E-2,-2.0118998E-1,-4.766284E-1,1.8033423E-2,-5.7070058E-2,-2.938928E-1,-5.0461566E-1],"categories":[],"categories_nodes":[],"categories_segments":[],"categories_sizes":[],"default_left":[0,0,0,0,0,0,0,0,0,0,0,0,0,0,0,0,0,0,0,0,0,0,0],"id":0,"left_children":[1,3,5,7,-1,9,11,13,15,17,19,-1,21,-1,-1,-1,-1,-1,-1,-1,-1,-1,-1],"loss_changes":[3.9824614E3,1.8159302E1,4.2558716E2,2.3437988E1,0E0,4.10813E1,4.769641E1,4.158081E1,9.350977E-1,7.316138E1,1.3668386E0,0E0,5.9280273E1,0E0,0E0,0E0,0E0,0E0,0E0,0E0,0E0,0E0,0E0],"parents":[2147483647,0,0,1,1,2,2,3,3,5,5,6,6,7,7,8,8,9,9,10,10,12,12],"right_children":[2,4,6,8,-1,10,12,14,16,18,20,-1,22,-1,-1,-1,-1,-1,-1,-1,-1,-1,-1],"split_conditions":[3.16E3,3.159E3,1.1375E4,2.527E3,8.000599E-1,1.0744E4,1.1691E4,1.896E3,2.844E3,1.0112E4,1.1058E4,-7.4427664E-1,1.264E4,2.1746935E-1,3.9814597E-1,1.2021258E-1,6.6498995E-2,-2.0118998E-1,-4.766284E-1,1.8033423E-2,-5.7070058E-2,-2.938928E-1,-5.0461566E-1],"split_indices":[0,0,0,0,0,0,0,0,0,0,0,0,0,0,0,0,0,0,0,0,0,0,0],"split_type":[0,0,0,0,0,0,0,0,0,0,0,0,0,0,0,0,0,0,0,0,0,0,0],"sum_hessian":[5.56E3,3.17E3,2.39E3,3.166E3,4E0,1.638E3,7.52E2,3.039E3,1.27E2,1.547E3,9.1E1,5.8E1,6.94E2,2.919E3,1.2E2,5.9E1,6.8E1,1.455E3,9.2E1,5.7E1,3.4E1,1.62E2,5.32E2],"tree_param":{"num_deleted":"0","num_feature":"1","num_nodes":"23","size_leaf_vector":"1"}},{"base_weights":[-1.18131196E-4,4.9808207E-1,-7.11957E-1,5.2457786E-1,1.502483E-1,-5.117203E-1,-1.1199942E0,5.0389653E-1,8.623297E-1,1.0709352E-1,5.2952665E-1,-9.5753556E-1,-4.603441E-1,-1.0504787E0,-1.9503855E0,1.6226251E-1,-3.629316E-2,2.0687428E-1,2.7968928E-1,8.603837E-2,-4.1565653E-2,-3.407858E-1,-2.334961E-1,9.884912E-2,-1.6343458E-1,-3.5012496E-1,7.6290846E-2,-1.3092791E0,-4.0318134E-1],"categories":[],"categories_nodes":[],"categories_segments":[],"categories_sizes":[],"default_left":[0,0,0,0,0,0,0,0,0,0,0,0,0,0,0,0,0,0,0,0,0,0,0,0,0,0,0,0,0],"id":1,"left_children":[1,3,5,7,9,11,13,15,17,19,-1,21,23,25,27,-1,-1,-1,-1,-1,-1,-1,-1,-1,-1,-1,-1,-1,-1],"loss_changes":[1.9724979E3,3.0076355E1,1.8652905E2,2.0800354E1,1.6048296E1,3.478601E1,4.141809E1,6.631287E1,1.4602051E0,1.0104292E1,0E0,4.167923E0,9.228174E1,1.063407E2,7.757651E1,0E0,0E0,0E0,0E0,0E0,0E0,0E0,0E0,0E0,0E0,0E0,0E0,0E0,0E0],"parents":[2147483647,0,0,1,1,2,2,3,3,4,4,5,5,6,6,7,7,8,8,9,9,11,11,12,12,13,13,14,14],"right_children":[2,4,6,8,10,12,14,16,18,20,-1,22,24,26,28,-1,-1,-1,-1,-1,-1,-1,-1,-1,-1,-1,-1,-1,-1],"split_conditions":[3.476E3,2.527E3,1.1375E4,1.58E3,3.475E3,4.107E3,1.7063E4,6.32E2,1.896E3,3.16E3,5.2952665E-1,3.792E3,4.739E3,1.5799E4,1.7377E4,1.6226251E-1,-3.629316E-2,2.0687428E-1,2.7968928E-1,8.603837E-2,-4.1565653E-2,-3.407858E-1,-2.334961E-1,9.884912E-2,-1.6343458E-1,-3.5012496E-1,7.6290846E-2,-1.3092791E0,-4.0318134E-1],"split_indices":[0,0,0,0,0,0,0,0,0,0,0,0,0,0,0,0,0,0,0,0,0,0,0,0,0,0,0,0,0],"split_type":[0,0,0,0,0,0,0,0,0,0,0,0,0,0,0,0,0,0,0,0,0,0,0,0,0,0,0,0,0],"sum_hessian":[5.56E3,3.271E3,2.289E3,3.039E3,2.32E2,1.537E3,7.52E2,2.866E3,1.73E2,2.27E2,5E0,1.57E2,1.38E3,6.96E2,5.6E1,2.706E3,1.6E2,5.3E1,1.2E2,1.31E2,9.6E1,7.6E1,8.1E1,1.33E2,1.247E3,6.39E2,5.7E1,1E1,4.6E1],"tree_param":{"num_deleted":"0","num_feature":"1","num_nodes":"29","size_leaf_vector":"1"}},{"base_weights":[-3.413863E-4,3.4902012E-1,-4.995163E-1,3.6740607E-1,1.0763712E-1,-3.5861966E-1,-7.8663385E-1,3.5277158E-1,6.064271E-1,7.516031E-2,3.9714494E-1,-3.8988966E-1,1.3710116E-1,-1.4050698E0,-7.330017E-1,1.1360177E-1,-2.547288E-2,1.4596127E-1,1.9647591E-1,6.042234E-2,-2.9224569E-2,-1.05232775E-1,-2.8667426E-1,6.0901646E-2,7.191333E-3,-5.875659E-1,-3.916373E-1,-9.721402E-2,-2.546445E-1],"categories":[],"categories_nodes":[],"categories_segments":[],"categories_sizes":[],"default_left":[0,0,0,0,0,0,0,0,0,0,0,0,0,0,0,0,0,0,0,0,0,0,0,0,0,0,0,0,0],"id":2,"left_children":[1,3,5,7,9,11,13,15,17,19,-1,21,23,25,27,-1,-1,-1,-1,-1,-1,-1,-1,-1,-1,-1,-1,-1,-1],"loss_changes":[9.69971E2,1.4481781E1,9.235736E1,1.041983E1,9.103449E0,2.3894287E1,2.3945648E1,3.253354E1,6.929512E-1,4.9871078E0,0E0,3.1681595E1,6.8106353E-1,6.9608307E-1,3.2641846E1,0E0,0E0,0E0,0E0,0E0,0E0,0E0,0E0,0E0,0E0,0E0,0E0,0E0,0E0],"parents":[2147483647,0,0,1,1,2,2,3,3,4,4,5,5,6,6,7,7,8,8,9,9,11,11,12,12,13,13,14,14],"right_children":[2,4,6,8,10,12,14,16,18,20,-1,22,24,26,28,-1,-1,-1,-1,-1,-1,-1,-1,-1,-1,-1,-1,-1,-1],"split_conditions":[3.476E3,2.527E3,1.1375E4,1.58E3,3.475E3,1.0744E4,1.1691E4,6.32E2,1.896E3,3.16E3,3.9714494E-1,1.0112E4,1.1058E4,1.1376E4,1.2637E4,1.1360177E-1,-2.547288E-2,1.4596127E-1,1.9647591E-1,6.042234E-2,-2.9224569E-2,-1.05232775E-1,-2.8667426E-1,6.0901646E-2,7.191333E-3,-5.875659E-1,-3.916373E-1,-9.721402E-2,-2.546445E-1],"split_indices":[0,0,0,0,0,0,0,0,0,0,0,0,0,0,0,0,0,0,0,0,0,0,0,0,0,0,0,0,0],"split_type":[0,0,0,0,0,0,0,0,0,0,0,0,0,0,0,0,0,0,0,0,0,0,0,0,0,0,0,0,0],"sum_hessian":[5.56E3,3.271E3,2.289E3,3.039E3,2.32E2,1.537E3,7.52E2,2.866E3,1.73E2,2.27E2,5E0,1.446E3,9.1E1,5.8E1,6.94E2,2.706E3,1.6E2,5.3E1,1.2E2,1.31E2,9.6E1,1.354E3,9.2E1,5.7E1,3.4E1,6E0,5.2E1,1.54E2,5.4E2],"tree_param":{"num_deleted":"0","num_feature":"1","num_nodes":"29","size_leaf_vector":"1"}},{"base_weights":[-3.8207925E-4,2.4457666E-1,-3.503841E-1,2.5732595E-1,7.7184245E-2,-1.8318675E-1,-4.7510034E-1,2.4422882E-1,4.1778603E-1,5.2748922E-2,2.9785874E-1,-3.5038233E-1,5.6058373E-2,-8.204088E-1,-4.0998366E-1,7.803095E-2,-1.3929775E-1,1.09964035E-1,1.3802025E-1,4.2432934E-2,-2.0547636E-2,-4.63449E-2,-1.6433734E-1,9.2636764E-2,-2.8322345E-2,-1.9320455E-1,-3.0300906E-1,1.5354094E-1,-1.4213204E-1],"categories":[],"categories_nodes":[],"categories_segments":[],"categories_sizes":[],"default_left":[0,0,0,0,0,0,0,0,0,0,0,0,0,0,0,0,0,0,0,0,0,0,0,0,0,0,0,0,0],"id":3,"left_children":[1,3,5,7,9,11,13,15,17,19,-1,21,23,25,27,-1,-1,-1,-1,-1,-1,-1,-1,-1,-1,-1,-1,-1,-1],"loss_changes":[4.768639E2,6.963043E0,4.766455E1,6.2866974E0,5.160978E0,3.922035E1,2.9141937E1,3.176094E1,3.2531738E-1,2.4614568E0,0E0,2.2229279E1,1.5392239E1,6.2732544E0,6.521713E1,0E0,0E0,0E0,0E0,0E0,0E0,0E0,0E0,0E0,0E0,0E0,0E0,0E0,0E0],"parents":[2147483647,0,0,1,1,2,2,3,3,4,4,5,5,6,6,7,7,8,8,9,9,11,11,12,12,13,13,14,14],"right_children":[2,4,6,8,10,12,14,16,18,20,-1,22,24,26,28,-1,-1,-1,-1,-1,-1,-1,-1,-1,-1,-1,-1,-1,-1],"split_conditions":[3.476E3,2.527E3,7.9E3,1.264E3,3.475E3,6.004E3,9.163E3,9.48E2,1.896E3,3.16E3,2.9785874E-1,4.739E3,6.635E3,8.532E3,9.48E3,7.803095E-2,-1.3929775E-1,1.09964035E-1,1.3802025E-1,4.2432934E-2,-2.0547636E-2,-4.63449E-2,-1.6433734E-1,9.2636764E-2,-2.8322345E-2,-1.9320455E-1,-3.0300906E-1,1.5354094E-1,-1.4213204E-1],"split_indices":[0,0,0,0,0,0,0,0,0,0,0,0,0,0,0,0,0,0,0,0,0,0,0,0,0,0,0,0,0],"split_type":[0,0,0,0,0,0,0,0,0,0,0,0,0,0,0,0,0,0,0,0,0,0,0,0,0,0,0,0,0],"sum_hessian":[5.56E3,3.271E3,2.289E3,3.039E3,2.32E2,9.79E2,1.31E3,2.812E3,2.27E2,2.27E2,5E0,5.76E2,4.03E2,2.06E2,1.104E3,2.751E3,6.1E1,1.07E2,1.2E2,1.31E2,9.6E1,2.9E2,2.86E2,1.5E2,2.53E2,1.09E2,9.7E1,7.1E1,1.033E3],"tree_param":{"num_deleted":"0","num_feature":"1","num_nodes":"29","size_leaf_vector":"1"}},{"base_weights":[-2.8995177E-4,1.7135836E-1,-2.4554454E-1,5.613317E-2,9.571781E-2,-2.2604461E-1,-1.0054973E0,-2.3980309E-1,1.7355481E-1,-2.4712949E-1,5.692628E-1,-2.8133042E0,-5.6100005E-1,-3.500808E-2,-9.818239E-2,8.806142E-2,1.6620433E-2,-5.44875E-2,-1.5621725E-1,9.9808437E-1,9.101391E-2,-1.5641953E0,-6.155514E-1,-2.0984435E-1,5.1096475E-1],"categories":[],"categories_nodes":[],"categories_segments":[],"categories_sizes":[],