{"learner":{"attributes":{"scikit_learn":"{\"_estimator_type\": \"regressor\"}"},"feature_names":[],"feature_types":[],"gradient_booster":{"model":{"gbtree_model_param":{"num_parallel_tree":"1","num_trees":"10"},"iteration_indptr":[0,1,2,3,4,5,6,7,8,9,10],"tree_info":[0,0,0,0,0,0,0,0,0,0],"trees":[{"base_weights":[-5.030574E-7,-9.1555065E-1,3.1765606E0,-1.59022E0,-2.2000092E-1,2.1611066E0,3.8895366E0,-5.852107E-1,-3.796573E-1,-1.645527E-1,1.6065782E-1,5.3761345E-1,8.214539E-1,9.9837655E-1,1.2958528E0],"categories":[],"categories_nodes":[],"categories_segments":[],"categories_sizes":[],"default_left":[0,0,0,0,0,0,0,0,0,0,0,0,0,0,0],"id":0,"left_children":[1,3,5,7,9,11,13,-1,-1,-1,-1,-1,-1,-1,-1],"loss_changes":[5.979467E3,7.4859863E2,3.2463135E2,9.23396E1,1.9562454E2,3.5984375E1,5.0583008E1,0E0,0E0,0E0,0E0,0E0,0E0,0E0,0E0],"parents":[2147483647,0,0,1,1,2,2,3,3,4,4,5,5,6,6],"right_children":[2,4,6,8,10,12,14,-1,-1,-1,-1,-1,-1,-1,-1],"split_conditions":[3.39E1,2.08E1,6.27E1,2.02E1,2.19E1,5.18E1,2.56E1,-5.852107E-1,-3.796573E-1,-1.645527E-1,1.6065782E-1,5.3761345E-1,8.214539E-1,9.9837655E-1,1.2958528E0],"split_indices":[0,4,0,4,4,0,4,0,0,0,0,0,0,0,0],"split_type":[0,0,0,0,0,0,0,0,0,0,0,0,0,0,0],"sum_hessian":[2.054E3,1.595E3,4.59E2,8.09E2,7.86E2,1.91E2,2.68E2,3.81E2,4.28E2,5.48E2,2.38E2,1.19E2,7.2E1,1.2E2,1.48E2],"tree_param":{"num_deleted":"0","num_feature":"5","num_nodes":"15","size_leaf_vector":"1"}},{"base_weights":[1.3061403E-3,-6.414923E-1,2.2315345E0,-9.935002E-1,5.845872E-2,1.3260435E0,2.635822E0,-4.0272263E-1,-2.2364561E-1,-4.3548428E-2,1.9188024E-1,-1.0307007E-1,4.128602E-1,5.9290266E-1,8.572586E-1],"categories":[],"categories_nodes":[],"categories_segments":[],"categories_sizes":[],"default_left":[0,0,0,0,0,0,0,0,0,0,0,0,0,0,0],"id":1,"left_children":[1,3,5,7,9,11,13,-1,-1,-1,-1,-1,-1,-1,-1],"loss_changes":[2.9474536E3,3.932937E2,1.6490112E2,9.0898926E1,6.3400585E1,1.2531815E1,4.0701416E1,0E0,0E0,0E0,0E0,0E0,0E0,0E0,0E0],"parents":[2147483647,0,0,1,1,2,2,3,3,4,4,5,5,6,6],"right_children":[2,4,6,8,10,12,14,-1,-1,-1,-1,-1,-1,-1,-1],"split_conditions":[3.39E1,2.12E1,5.59E1,2.03E1,2.24E1,-1.5937777E1,2.51E1,-4.0272263E-1,-2.2364561E-1,-4.3548428E-2,1.9188024E-1,-1.0307007E-1,4.128602E-1,5.9290266E-1,8.572586E-1],"split_indices":[0,4,0,4,4,3,4,0,0,0,0,0,0,0,0],"split_type":[0,0,0,0,0,0,0,0,0,0,0,0,0,0,0],"sum_hessian":[2.054E3,1.595E3,4.59E2,1.061E3,5.34E2,1.43E2,3.16E2,4.39E2,6.22E2,3.96E2,1.38E2,4E0,1.39E2,8.2E1,2.34E2],"tree_param":{"num_deleted":"0","num_feature":"5","num_nodes":"15","size_leaf_vector":"1"}},{"base_weights":[1.538407E-3,-4.3728906E-1,1.6225916E0,-6.5896636E-1,1.3251571E-1,1.2181783E0,2.007034E0,-2.6039296E-1,-1.2513572E-1,6.0250787E-3,1.997875E-1,3.3317235E-1,6.3497007E-1,5.4501355E-1,7.296735E-1],"categories":[],"categories_nodes":[],"categories_segments":[],"categories_sizes":[],"default_left":[0,0,0,0,0,0,0,0,0,0,0,0,0,0,0],"id":2,"left_children":[1,3,5,7,9,11,13,-1,-1,-1,-1,-1,-1,-1,-1],"loss_changes":[1.4625598E3,2.044614E2,6.565259E1,5.8526978E1,2.7215765E1,1.853012E1,1.3628052E1,0E0,0E0,0E0,0E0,0E0,0E0,0E0,0E0],"parents":[2147483647,0,0,1,1,2,2,3,3,4,4,5,5,6,6],"right_children":[2,4,6,8,10,12,14,-1,-1,-1,-1,-1,-1,-1,-1],"split_conditions":[3.57E1,2.14E1,2.53E1,2.06E1,2.29E1,1.4444445E1,2.65E1,-2.6039296E-1,-1.2513572E-1,6.0250787E-3,1.997875E-1,3.3317235E-1,6.3497007E-1,5.4501355E-1,7.296735E-1],"split_indices":[0,4,4,4,4,1,4,0,0,0,0,0,0,0,0],"split_type":[0,0,0,0,0,0,0,0,0,0,0,0,0,0,0],"sum_hessian":[2.054E3,1.617E3,4.37E2,1.164E3,4.53E2,2.15E2,2.22E2,6.23E2,5.41E2,3.75E2,7.8E1,1.94E2,2.1E1,1.57E2,6.5E1],"tree_param":{"num_deleted":"0","num_feature":"5","num_nodes":"15","size_leaf_vector":"1"}},{"base_weights":[2.0808505E-3,-2.9109937E-1,1.2272291E0,-4.369804E-1,1.8629366E-1,8.316105E-1,1.4211539E0,-2.509666E-1,-1.05208345E-1,3.253955E-2,1.5320686E-1,4.706489E-1,2.1738032E-1,3.766818E-1,5.518103E-1],"categories":[],"categories_nodes":[],"categories_segments":[],"categories_sizes":[],"default_left":[0,0,0,0,0,0,0,0,0,0,0,0,0,0,0],"id":3,"left_children":[1,3,5,7,9,11,13,-1,-1,-1,-1,-1,-1,-1,-1],"loss_changes":[7.384911E2,1.1561847E2,2.9276123E1,4.3527786E1,9.765783E0,9.35553E0,1.6037598E1,0E0,0E0,0E0,0E0,0E0,0E0,0E0,0E0],"parents":[2147483647,0,0,1,1,2,2,3,3,4,4,5,5,6,6],"right_children":[2,4,6,8,10,12,14,-1,-1,-1,-1,-1,-1,-1,-1],"split_conditions":[4.1E1,2.16E1,6.29E1,1.99E1,2.32E1,2.9285E1,2.62E1,-2.509666E-1,-1.05208345E-1,3.253955E-2,1.5320686E-1,4.706489E-1,2.1738032E-1,3.766818E-1,5.518103E-1],"split_indices":[0,4,0,4,4,2,4,0,0,0,0,0,0,0,0],"split_type":[0,0,0,0,0,0,0,0,0,0,0,0,0,0,0],"sum_hessian":[2.054E3,1.658E3,3.96E2,1.27E3,3.88E2,1.32E2,2.64E2,2.24E2,1.046E3,3.14E2,7.4E1,1.5E1,1.17E2,1.92E2,7.2E1],"tree_param":{"num_deleted":"0","num_feature":"5","num_nodes":"15","size_leaf_vector":"1"}},{"base_weights":[2.1597748E-3,-2.4442601E-1,7.535626E-1,-4.309812E-1,-4.224679E-2,4.7883686E-1,9.9586976E-1,-2.204573E-1,-1.0739029E-1,-2.7438287E-2,1.1195462E-1,1.10665336E-1,3.0581307E-1,2.5784367E-1,4.2321134E-1],"categories":[],"categories_nodes":[],"categories_segments":[],"categories_sizes":[],"default_left":[0,0,0,0,0,0,0,0,0,0,0,0,0,0,0],"id":4,"left_children":[1,3,5,7,9,11,13,-1,-1,-1,-1,-1,-1,-1,-1],"loss_changes":[3.809454E2,5.83686E1,3.333969E1,1.7597565E1,1.5245197E1,1.388805E1,1.4007446E1,0E0,0E0,0E0,0E0,0E0,0E0,0E0,0E0],"parents":[2147483647,0,0,1,1,2,2,3,3,4,4,5,5,6,6],"right_children":[2,4,6,8,10,12,14,-1,-1,-1,-1,-1,-1,-1,-1],"split_conditions":[3.1E1,2.08E1,6.27E1,1.97E1,2.26E1,1.4444445E1,1.0555555E1,-2.204573E-1,-1.0739029E-1,-2.7438287E-2,1.1195462E-1,1.10665336E-1,3.0581307E-1,2.5784367E-1,4.2321134E-1],"split_indices":[0,4,0,4,4,1,1,0,0,0,0,0,0,0,0],"split_type":[0,0,0,0,0,0,0,0,0,0,0,0,0,0,0],"sum_hessian":[2.054E3,1.547E3,5.07E2,8.04E2,7.43E2,2.39E2,2.68E2,1.54E2,6.5E2,6.65E2,7.8E1,2E2,3.9E1,2.04E2,6.4E1],"tree_param":{"num_deleted":"0","num_feature":"5","num_nodes":"15","size_leaf_vector":"1"}},{"base_weights":[1.9274886E-3,-1.7531084E-1,5.187845E-1,-2.868247E-1,-8.75224E-3,2.8910744E-1,6.887465E-1,-1.5474688E-1,-7.197866E-2,-1.8355351E-2,5.3973816E-2,6.0581997E-2,1.9923015E-1,-1.460482E-1,2.1429202E-1],"categories":[],"categories_nodes":[],"categories_segments":[],"categories_sizes":[],"default_left":[0,0,0,0,0,0,0,0,0,0,0,0,0,0,0],"id":5,"left_children":[1,3,5,7,9,11,13,-1,-1,-1,-1,-1,-1,-1,-1],"loss_changes":[1.8834308E2,2.8433662E1,2.0294968E1,9.723961E0,6.094668E0,7.2205086E0,9.392181E0,0E0,0E0,0E0,0E0,0E0,0E0,0E0,0E0],"parents":[2147483647,0,0,1,1,2,2,3,3,4,4,5,5,6,6],"right_children":[2,4,6,8,10,12,14,-1,-1,-1,-1,-1,-1,-1,-1],"split_conditions":[3.04E1,2.1E1,5.81E1,1.97E1,2.22E1,1.4444445E1,2.23E1,-1.5474688E-1,-7.197866E-2,-1.8355351E-2,5.3973816E-2,6.0581997E-2,1.9923015E-1,-1.460482E-1,2.1429202E-1],"split_indices":[0,4,0,4,4,1,4,0,0,0,0,0,0,0,0],"split_type":[0,0,0,0,0,0,0,0,0,0,0,0,0,0,0],"sum_hessian":[2.054E3,1.53E3,5.24E2,9.16E2,6.14E2,2.24E2,3E2,1.54E2,7.62E2,4.81E2,1.33E2,1.83E2,4.1E1,6E0,2.94E2],"tree_param":{"num_deleted":"0","num_feature":"5","num_nodes":"15","size_leaf_vector":"1"}},{"base_weights":[1.4159711E-3,-1.0361442E-1,4.4031775E-1,-2.6015365E-1,-2.846137E-2,3.8261005E-1,8.4235173E-1,-1.0528664E-1,-4.762766E-2,-2.3063947E-2,2.1773182E-2,1.0835973E-1,3.750309E-1,1.1706955E-1,3.036151E-1],"categories":[],"categories_nodes":[],"categories_segments":[],"categories_sizes":[],"default_left":[0,0,0,0,0,0,0,0,0,0,0,0,0,0,0],"id":6,"left_children":[1,3,5,7,9,11,13,-1,-1,-1,-1,-1,-1,-1,-1],"loss_changes":[9.477707E1,1.9509735E1,8.888283E0,4.89756E0,5.4945545E0,6.0307465E0,3.364544E0,0E0,0E0,0E0,0E0,0E0,0E0,0E0,0E0],"parents":[2147483647,0,0,1,1,2,2,3,3,4,4,5,5,6,6],"right_children":[2,4,6,8,10,12,14,-1,-1,-1,-1,-1,-1,-1,-1],"split_conditions":[4.1E1,2.27E1,2.66E1,2.05E1,2.16E1,1.611111E1,6.34E1,-1.0528664E-1,-4.762766E-2,-2.3063947E-2,2.1773182E-2,1.0835973E-1,3.750309E-1,1.1706955E-1,3.036151E-1],"split_indices":[0,0,4,4,4,1,0,0,0,0,0,0,0,0,0],