{"learner":{"attributes":{"scikit_learn":"{\"_estimator_type\": \"regressor\"}"},"feature_names":[],"feature_types":[],"gradient_booster":{"model":{"gbtree_model_param":{"num_parallel_tree":"1","num_trees":"10"},"iteration_indptr":[0,1,2,3,4,5,6,7,8,9,10],"tree_info":[0,0,0,0,0,0,0,0,0,0],"trees":[{"base_weights":[-4.5852755E-7,4.4869792E-1,-2.450492E0,-2.5441274E-2,1.7959139E0,-2.9501424E0,-1.7455915E0,6.817554E-1,-2.3861624E-1,-4.981351E-1,-9.91357E-1,-4.5835325E-1,-1.4446409E0],"categories":[],"categories_nodes":[],"categories_segments":[],"categories_sizes":[],"default_left":[0,0,0,0,0,0,0,0,0,0,0,0,0],"id":0,"left_children":[1,3,5,-1,7,9,11,-1,-1,-1,-1,-1,-1],"loss_changes":[2.664165E3,1.4721375E3,1.2692676E2,0E0,7.1935657E2,9.414819E1,9.825906E1,0E0,0E0,0E0,0E0,0E0,0E0],"parents":[2147483647,0,0,1,1,2,2,4,4,5,5,6,6],"right_children":[2,4,6,-1,8,10,12,-1,-1,-1,-1,-1,-1],"split_conditions":[1.264E4,6.32E2,2.4016E4,-2.5441274E-2,3.792E3,1.738E4,3.95E4,6.817554E-1,-2.3861624E-1,-4.981351E-1,-9.91357E-1,-4.5835325E-1,-1.4446409E0],"split_indices":[0,0,0,0,0,0,0,0,0,0,0,0,0],"split_type":[0,0,0,0,0,0,0,0,0,0,0,0,0],"sum_hessian":[2.421E3,2.047E3,3.74E2,1.467E3,5.8E2,2.17E2,1.57E2,4.9E2,9E1,4.8E1,1.69E2,1.48E2,9E0],"tree_param":{"num_deleted":"0","num_feature":"1","num_nodes":"13","size_leaf_vector":"1"}},{"base_weights":[-1.2285883E-3,3.142925E-1,-1.7243911E0,-1.7814124E-2,1.2579026E0,-2.0857658E0,-1.2415861E0,4.776454E-1,-1.6781808E-1,-3.5174423E-1,-7.0330286E-1,-3.257642E-1,-1.0545877E0],"categories":[],"categories_nodes":[],"categories_segments":[],"categories_sizes":[],"default_left":[0,0,0,0,0,0,0,0,0,0,0,0,0],"id":1,"left_children":[1,3,5,-1,7,9,11,-1,-1,-1,-1,-1,-1],"loss_changes":[1.3173691E3,7.222027E2,6.283789E1,0E0,3.538067E2,4.7552185E1,5.388945E1,0E0,0E0,0E0,0E0,0E0,0E0],"parents":[2147483647,0,0,1,1,2,2,4,4,5,5,6,6],"right_children":[2,4,6,-1,8,10,12,-1,-1,-1,-1,-1,-1],"split_conditions":[1.264E4,6.32E2,2.37E4,-1.7814124E-2,3.792E3,1.738E4,3.95E4,4.776454E-1,-1.6781808E-1,-3.5174423E-1,-7.0330286E-1,-3.257642E-1,-1.0545877E0],"split_indices":[0,0,0,0,0,0,0,0,0,0,0,0,0],"split_type":[0,0,0,0,0,0,0,0,0,0,0,0,0],"sum_hessian":[2.421E3,2.047E3,3.74E2,1.467E3,5.8E2,2.12E2,1.62E2,4.9E2,9E1,4.8E1,1.64E2,1.53E2,9E0],"tree_param":{"num_deleted":"0","num_feature":"1","num_nodes":"13","size_leaf_vector":"1"}},{"base_weights":[-1.7451386E-3,2.2014712E-1,-1.2135681E0,-1.2473656E-2,8.8106555E-1,-1.3889736E0,-5.493983E-1,4.1549602E-1,5.5296216E-2,-3.876683E-1,-7.443368E-1,2.4683526E-2,-5.593521E-1],"categories":[],"categories_nodes":[],"categories_segments":[],"categories_sizes":[],"default_left":[0,0,0,0,0,0,0,0,0,0,0,0,0],"id":2,"left_children":[1,3,5,-1,7,9,11,-1,-1,-1,-1,-1,-1],"loss_changes":[6.5152875E2,3.5429868E2,4.292401E1,0E0,2.0373636E2,2.8069458E1,6.661128E1,0E0,0E0,0E0,0E0,0E0,0E0],"parents":[2147483647,0,0,1,1,2,2,4,4,5,5,6,6],"right_children":[2,4,6,-1,8,10,12,-1,-1,-1,-1,-1,-1],"split_conditions":[1.264E4,6.32E2,2.8124E4,-1.2473656E-2,2.212E3,2.7176E4,3.4444E4,4.1549602E-1,5.5296216E-2,-3.876683E-1,-7.443368E-1,2.4683526E-2,-5.593521E-1],"split_indices":[0,0,0,0,0,0,0,0,0,0,0,0,0],"split_type":[0,0,0,0,0,0,0,0,0,0,0,0,0],"sum_hessian":[2.421E3,2.047E3,3.74E2,1.467E3,5.8E2,2.95E2,7.9E1,3.36E2,2.44E2,2.73E2,2.2E1,5.4E1,2.5E1],"tree_param":{"num_deleted":"0","num_feature":"1","num_nodes":"13","size_leaf_vector":"1"}},{"base_weights":[-1.7201866E-3,1.8224707E-1,-7.763571E-1,-8.733988E-3,8.138046E-1,-1.9739357E0,-6.6208595E-1,4.0745252E-1,1.8963303E-1,-3.9319012E-1,-1.1498336E0,3.575288E-1,-2.431785E-1],"categories":[],"categories_nodes":[],"categories_segments":[],"categories_sizes":[],"default_left":[0,0,0,0,0,0,0,0,0,0,0,0,0],"id":3,"left_children":[1,3,5,-1,7,9,11,-1,-1,-1,-1,-1,-1],"loss_changes":[3.452954E2,2.6138974E2,6.232773E1,0E0,4.770587E1,4.4295578E1,1.182495E2,0E0,0E0,0E0,0E0,0E0,0E0],"parents":[2147483647,0,0,1,1,2,2,4,4,5,5,6,6],"right_children":[2,4,6,-1,8,10,12,-1,-1,-1,-1,-1,-1],"split_conditions":[3.792E3,6.32E2,5.372E3,-8.733988E-3,1.264E3,4.74E3,9.164E3,4.0745252E-1,1.8963303E-1,-3.9319012E-1,-1.1498336E0,3.575288E-1,-2.431785E-1],"split_indices":[0,0,0,0,0,0,0,0,0,0,0,0,0],"split_type":[0,0,0,0,0,0,0,0,0,0,0,0,0],"sum_hessian":[2.421E3,1.957E3,4.64E2,1.467E3,4.9E2,3.9E1,4.25E2,1.21E2,3.69E2,3E1,9E0,3.1E1,3.94E2],"tree_param":{"num_deleted":"0","num_feature":"1","num_nodes":"13","size_leaf_vector":"1"}},{"base_weights":[-1.5513003E-3,1.2787318E-1,-5.4652244E-1,-6.1156475E-3,5.7087904E-1,-1.4203303E0,-4.6319187E-1,2.862187E-1,1.3289677E-1,-2.7903807E-1,-8.393784E-1,1.8438335E-1,-1.8342362E-1],"categories":[],"categories_nodes":[],"categories_segments":[],"categories_sizes":[],"default_left":[0,0,0,0,0,0,0,0,0,0,0,0,0],"id":4,"left_children":[1,3,5,-1,7,9,11,-1,-1,-1,-1,-1,-1],"loss_changes":[1.7089987E2,1.2861201E2,3.3201065E1,0E0,2.3638931E1,2.440969E1,6.843021E1,0E0,0E0,0E0,0E0,0E0,0E0],"parents":[2147483647,0,0,1,1,2,2,4,4,5,5,6,6],"right_children":[2,4,6,-1,8,10,12,-1,-1,-1,-1,-1,-1],"split_conditions":[3.792E3,6.32E2,5.372E3,-6.1156475E-3,1.264E3,4.74E3,1.264E4,2.862187E-1,1.3289677E-1,-2.7903807E-1,-8.393784E-1,1.8438335E-1,-1.8342362E-1],"split_indices":[0,0,0,0,0,0,0,0,0,0,0,0,0],"split_type":[0,0,0,0,0,0,0,0,0,0,0,0,0],"sum_hessian":[2.421E3,1.957E3,4.64E2,1.467E3,4.9E2,3.9E1,4.25E2,1.21E2,3.69E2,3E1,9E0,5.1E1,3.74E2],"tree_param":{"num_deleted":"0","num_feature":"1","num_nodes":"13","size_leaf_vector":"1"}},{"base_weights":[-1.3765309E-3,7.4361764E-2,-4.868386E-1,-4.2821257E-3,2.811067E-1,-1.1856836E0,-2.4809991E-1,1.3718413E-1,-3.226337E-2,-2.4540752E-1,-6.9087213E-1,2.7949303E-1,-1.1235665E-1],"categories":[],"categories_nodes":[],"categories_segments":[],"categories_sizes":[],"default_left":[0,0,0,0,0,0,0,0,0,0,0,0,0],"id":5,"left_children":[1,3,5,-1,7,9,11,-1,-1,-1,-1,-1,-1],"loss_changes":[8.908847E1,3.84131E1,5.4262955E1,0E0,4.3116882E1,3.2208984E1,3.6889645E1,0E0,0E0,0E0,0E0,0E0,0E0],"parents":[2147483647,0,0,1,1,2,2,4,4,5,5,6,6],"right_children":[2,4,6,-1,8,10,12,-1,-1,-1,-1,-1,-1],"split_conditions":[1.738E4,6.32E2,2.054E4,-4.2821257E-3,2.844E3,1.9908E4,2.1488E4,1.3718413E-1,-3.226337E-2,-2.4540752E-1,-6.9087213E-1,2.7949303E-1,-1.1235665E-1],"split_indices":[0,0,0,0,0,0,0,0,0,0,0,0,0],"split_type":[0,0,0,0,0,0,0,0,0,0,0,0,0],"sum_hessian":[2.421E3,2.095E3,3.26E2,1.467E3,6.28E2,8.2E1,2.44E2,4.32E2,1.96E2,6.3E1,1.9E1,2.3E1,2.21E2],"tree_param":{"num_deleted":"0","num_feature":"1","num_nodes":"13","size_leaf_vector":"1"}},{"base_weights":[-1.2396603E-3,5.1854122E-2,-3.4890908E-1,4.349305E-2,1.2122582E0,-6.851567E-1,-1.8772433E-2,1.5227093E-2,-3.652188E-1,6.1302024E-1,-8.860016E-3,-1.520158E-1,-4.735329E-1,1.9915735E-2,-6.77443E-1],"categories":[],"categories_nodes":[],"categories_segments":[],"categories_sizes":[],"default_left":[0,0,0,0,0,0,0,0,0,0,0,0,0,0,0],"id":6,"left_children":[1,3,5,7,9,11,13,-1,-1,-1,-1,-1,-1,-1,-1],"loss_changes":[4.4725998E1,2.0341343E1,3.562059E1,1.9185795E1,1.5541939E1,2.4544075E1,3.1234146E1,0E0,0E0,0E0,0E0,0E0,0E0,0E0,0E0],"parents":[2147483647,0,0,1,1,2,2,3,3,4,4,5,5,6,6],"right_children":[2,4,6,8,10,12,14,-1,-1,-1,-1,-1,-1,-1,-1],"split_conditions":[1.7696E4,1.6432E4,2.37E4,1.5484E4,1.738E4,2.3068E4,4.4551E4,1.5227093E-2,-3.652188E-1,6.1302024E-1,-8.860016E-3,-1.520158E-1,-4.735329E-1,1.9915735E-2,-6.77443E-1],"split_indices":[0,0,0,0,0,0,0,0,0,0,0,0,0,0,0],"split_type":[0,0,0,0,0,0,0,0,0,0,0,0,0,0,0],"sum_hessian":[2.421E3,2.101E3,3.2E2,2.087E3,1.4E1,1.58E2,1.62E2,2.076E3,1.1E1,8E0,6E0,1.33E2,2.5E1,1.57E2,5E0],"tree_param":{"num_deleted":"0","num_feature":"1","num_nodes":"15","size_leaf_vector":"1"}},{"base_weights":[-1.2927674E-3,4.8399426E-2,-2.1053152E-1,-7.5634825E-3,2.6838434E-1,-9.7304773E-1,-1.3052857E-1,1.2362969E-1,2.6402332E-2,-1.9308086E-1,-4.8990884E-1,2.620299E-1,-6.0409505E-2],"categories":[],"categories_nodes":[],"categories_segments":[],"categories_sizes":[],"default_left":[0,0,0,0,0,0,0,0,0,0,0,0,0],"id":7,