{"learner":{"attributes":{"scikit_learn":"{\"_estimator_type\": \"regressor\"}"},"feature_names":[],"feature_types":[],"gradient_booster":{"model":{"gbtree_model_param":{"num_parallel_tree":"1","num_trees":"10"},"iteration_indptr":[0,1,2,3,4,5,6,7,8,9,10],"tree_info":[0,0,0,0,0,0,0,0,0,0],"trees":[{"base_weights":[-1.7680479E-7,-9.956197E-1,5.048309E-1,-1.753864E0,-6.489518E-1,1.710512E-1,1.0809138E0,-6.424601E-1,-4.5497653E-1,-2.9360637E-1,-1.5246193E-1,-1.771651E-2,1.08972006E-1,2.6416713E-1,4.4974485E-1],"categories":[],"categories_nodes":[],"categories_segments":[],"categories_sizes":[],"default_left":[0,0,0,0,0,0,0,0,0,0,0,0,0,0,0],"id":0,"left_children":[1,3,5,7,9,11,13,-1,-1,-1,-1,-1,-1,-1,-1],"loss_changes":[1.0740981E3,1.8785748E2,2.7247485E2,1.744867E1,2.247499E1,3.977868E1,4.225403E1,0E0,0E0,0E0,0E0,0E0,0E0,0E0,0E0],"parents":[2147483647,0,0,1,1,2,2,3,3,4,4,5,5,6,6],"right_children":[2,4,6,8,10,12,14,-1,-1,-1,-1,-1,-1,-1,-1],"split_conditions":[1.95E1,1.85E1,2.04E1,1.79E1,1.9E1,1.99E1,2.1E1,-6.424601E-1,-4.5497653E-1,-2.9360637E-1,-1.5246193E-1,-1.771651E-2,1.08972006E-1,2.6416713E-1,4.4974485E-1],"split_indices":[3,3,3,3,3,3,3,0,0,0,0,0,0,0,0],"split_type":[0,0,0,0,0,0,0,0,0,0,0,0,0,0,0],"sum_hessian":[2.135E3,7.18E2,1.417E3,2.24E2,4.94E2,8.98E2,5.19E2,8.2E1,1.42E2,1.46E2,3.48E2,4.09E2,4.89E2,3.53E2,1.66E2],"tree_param":{"num_deleted":"0","num_feature":"4","num_nodes":"15","size_leaf_vector":"1"}},{"base_weights":[-3.4588375E-4,-5.8508545E-1,4.308404E-1,-1.1816707E0,-3.4351844E-1,2.3685214E-1,8.776282E-1,-4.3236947E-1,-2.8086597E-1,-1.5778844E-1,-5.557587E-2,2.5791774E-2,1.17217354E-1,2.4616675E-1,5.123891E-1],"categories":[],"categories_nodes":[],"categories_segments":[],"categories_sizes":[],"default_left":[0,0,0,0,0,0,0,0,0,0,0,0,0,0,0],"id":1,"left_children":[1,3,5,7,9,11,13,-1,-1,-1,-1,-1,-1,-1,-1],"loss_changes":[5.3880536E2,1.3030664E2,1.0639818E2,1.5278839E1,1.8584328E1,1.9909119E1,1.6227325E1,0E0,0E0,0E0,0E0,0E0,0E0,0E0,0E0],"parents":[2147483647,0,0,1,1,2,2,3,3,4,4,5,5,6,6],"right_children":[2,4,6,8,10,12,14,-1,-1,-1,-1,-1,-1,-1,-1],"split_conditions":[1.97E1,1.87E1,2.06E1,1.81E1,1.93E1,2.01E1,2.17E1,-4.3236947E-1,-2.8086597E-1,-1.5778844E-1,-5.557587E-2,2.5791774E-2,1.17217354E-1,2.4616675E-1,5.123891E-1],"split_indices":[3,3,3,3,3,3,3,0,0,0,0,0,0,0,0],"split_type":[0,0,0,0,0,0,0,0,0,0,0,0,0,0,0],"sum_hessian":[2.135E3,9.06E2,1.229E3,2.6E2,6.46E2,8.58E2,3.71E2,1.24E2,1.36E2,2.99E2,3.47E2,4.34E2,4.24E2,3.49E2,2.2E1],"tree_param":{"num_deleted":"0","num_feature":"4","num_nodes":"15","size_leaf_vector":"1"}},{"base_weights":[-2.5353895E-4,-4.5737296E-1,2.7326614E-1,-9.0737253E-1,-3.0384907E-1,7.556837E-2,5.1451576E-1,-3.400479E-1,-2.3629217E-1,-1.4218491E-1,-5.841924E-2,2.120414E-2,5.502268E-1,1.1065335E-1,2.1338896E-1],"categories":[],"categories_nodes":[],"categories_segments":[],"categories_sizes":[],"default_left":[0,0,0,0,0,0,0,0,0,0,0,0,0,0,0],"id":2,"left_children":[1,3,5,7,9,11,13,-1,-1,-1,-1,-1,-1,-1,-1],"loss_changes":[2.6719156E2,5.4992844E1,6.3728683E1,4.6032104E0,1.10072365E1,6.196641E0,1.6994156E1,0E0,0E0,0E0,0E0,0E0,0E0,0E0,0E0],"parents":[2147483647,0,0,1,1,2,2,3,3,4,4,5,5,6,6],"right_children":[2,4,6,8,10,12,14,-1,-1,-1,-1,-1,-1,-1,-1],"split_conditions":[1.96E1,1.84E1,2.03E1,1.78E1,1.91E1,3.033E1,2.08E1,-3.400479E-1,-2.3629217E-1,-1.4218491E-1,-5.841924E-2,2.120414E-2,5.502268E-1,1.1065335E-1,2.1338896E-1],"split_indices":[3,3,3,3,3,2,3,0,0,0,0,0,0,0,0],"split_type":[0,0,0,0,0,0,0,0,0,0,0,0,0,0,0],"sum_hessian":[2.135E3,7.99E2,1.336E3,2.02E2,5.97E2,7.35E2,6.01E2,6.7E1,1.35E2,2.32E2,3.65E2,7.34E2,1E0,3.47E2,2.54E2],"tree_param":{"num_deleted":"0","num_feature":"4","num_nodes":"15","size_leaf_vector":"1"}},{"base_weights":[-1.2163009E-4,-2.6412657E-1,2.4736816E-1,-5.672956E-1,-1.4060529E-1,1.5958466E-1,4.7548538E-1,-2.0762405E-1,-1.2379466E-1,-8.010171E-2,-2.8745173E-2,2.6497284E-2,7.073946E-2,1.23281114E-1,2.5515056E-1],"categories":[],"categories_nodes":[],"categories_segments":[],"categories_sizes":[],"default_left":[0,0,0,0,0,0,0,0,0,0,0,0,0,0,0],"id":3,"left_children":[1,3,5,7,9,11,13,-1,-1,-1,-1,-1,-1,-1,-1],"loss_changes":[1.3962843E2,3.8641296E1,2.2011612E1,5.4843674E0,4.141081E0,4.313116E0,7.0577393E0,0E0,0E0,0E0,0E0,0E0,0E0,0E0,0E0],"parents":[2147483647,0,0,1,1,2,2,3,3,4,4,5,5,6,6],"right_children":[2,4,6,8,10,12,14,-1,-1,-1,-1,-1,-1,-1,-1],"split_conditions":[1.98E1,1.88E1,2.07E1,1.83E1,1.92E1,2.02E1,2.14E1,-2.0762405E-1,-1.2379466E-1,-8.010171E-2,-2.8745173E-2,2.6497284E-2,7.073946E-2,1.23281114E-1,2.5515056E-1],"split_indices":[3,3,3,3,3,3,3,0,0,0,0,0,0,0,0],"split_type":[0,0,0,0,0,0,0,0,0,0,0,0,0,0,0],"sum_hessian":[2.135E3,1.033E3,1.102E3,2.98E2,7.35E2,7.97E2,3.05E2,1.63E2,1.35E2,1.91E2,5.44E2,4.13E2,3.84E2,2.62E2,4.3E1],"tree_param":{"num_deleted":"0","num_feature":"4","num_nodes":"15","size_leaf_vector":"1"}},{"base_weights":[-6.8489535E-5,-1.8531422E-1,1.7358895E-1,-3.7862757E-1,-8.922781E-2,1.3782163E-1,4.7383472E-1,-1.9568501E-1,-1.0021409E-1,-4.3389134E-2,-1.2765858E-2,1.8567419E-2,5.770396E-2,-2.232296E-1,1.4722465E-1],"categories":[],"categories_nodes":[],"categories_segments":[],"categories_sizes":[],"default_left":[0,0,0,0,0,0,0,0,0,0,0,0,0,0,0],"id":4,"left_children":[1,3,5,7,9,11,13,-1,-1,-1,-1,-1,-1,-1,-1],"loss_changes":[6.87458E1,1.9172543E1,1.1779797E1,3.9666214E0,1.7832994E0,4.074362E0,2.7753925E0,0E0,0E0,0E0,0E0,0E0,0E0,0E0,0E0],"parents":[2147483647,0,0,1,1,2,2,3,3,4,4,5,5,6,6],"right_children":[2,4,6,8,10,12,14,-1,-1,-1,-1,-1,-1,-1,-1],"split_conditions":[1.98E1,1.89E1,2.11E1,1.76E1,1.94E1,2.02E1,1.59E1,-1.9568501E-1,-1.0021409E-1,-4.3389134E-2,-1.2765858E-2,1.8567419E-2,5.770396E-2,-2.232296E-1,1.4722465E-1],"split_indices":[3,3,3,3,3,3,0,0,0,0,0,0,0,0,0],"split_type":[0,0,0,0,0,0,0,0,0,0,0,0,0,0,0],"sum_hessian":[2.135E3,1.033E3,1.102E3,3.42E2,6.91E2,9.86E2,1.16E2,4.6E1,2.96E2,3.15E2,3.76E2,4.13E2,5.73E2,1E0,1.15E2],"tree_param":{"num_deleted":"0","num_feature":"4","num_nodes":"15","size_leaf_vector":"1"}},{"base_weights":[-2.1262383E-4,-1.0850395E-1,1.4664355E-1,-2.8364858E-1,-5.2198425E-2,1.339456E-1,6.288628E-1,-1.13616616E-1,-6.0923286E-2,-1.6666537E-2,4.6093312E-1,2.9098911E-2,6.3538775E-2,1.21852554E-1,2.5046092E-1],"categories":[],"categories_nodes":[],"categories_segments":[],"categories_sizes":[],"default_left":[0,0,0,0,0,0,0,0,0,0,0,0,0,0,0],"id":5,"left_children":[1,3,5,7,9,11,13,-1,-1,-1,-1,-1,-1,-1,-1],"loss_changes":[3.3985256E1,1.2114975E1,5.469507E0,2.213478E0,5.055333E0,2.5251665E0,7.160263E-1,0E0,0E0,0E0,0E0,0E0,0E0,0E0,0E0],"parents":[2147483647,0,0,1,1,2,2,3,3,4,4,5,5,6,6],"right_children":[2,4,6,8,10,12,14,-1,-1,-1,-1,-1,-1,-1,-1],"split_conditions":[2E1,1.88E1,2.17E1,1.82E1,3.033E1,2.07E1,1.6666666E1,-1.13616616E-1,-6.0923286E-2,-1.6666537E-2,4.6093312E-1,2.9098911E-2,6.3538775E-2,1.21852554E-1,2.5046092E-1],"split_indices":[3,3,3,3,2,3,1,0,0,0,0,0,0,0,0],"split_type":[0,0,0,0,0,0,0,0,0,0,0,0,0,0,0],"sum_hessian":[2.135E3,1.229E3,9.06E2,2.98E2,9.31E2,8.84E2,2.2E1,1.35E2,1.63E2,9.3E2,1E0,6.01E2,2.83E2,1.2E1,1E1],"tree_param":{"num_deleted":"0","num_feature":"4","num_nodes":"15","size_leaf_vector":"1"}},{"base_weights":[1.9503979E-4,-1.398E-1,6.2478025E-2,-2.554129E-1,-1.0121349E-1,2.3712765E-2,1.5249953E-1,-1.4023447E-1,-6.9278955E-2,-3.1178072E-2,1.8588181E-1,6.3628894E-3,3.9179307E-1,4.088351E-2,1.4205693E-1],"categories":[],"categories_nodes":[],"categories_segments":[],"categories_sizes":[],"default_left":[0,0,0,0,0,0,0,0,0,0,0,0,0,0,0],"id":6,"left_children":[1,3,5,7,9,11,13,-1,-1,-1,-1,-1,-1,-1,-1],"loss_changes":[1.8633179E1,2.9095516E0,5.15766E0,7.4342155E-1,1.0325546E0,3.294319E0,2.2527504E0,0E0,0E0,0E0,0E0,0E0,0E0,0E0,0E0],"parents":[2147483647,0,0,1,1,2,2,3,3,4,4,5,5,6,6],"right_children":[2,4,6,8,10,12,14,-1,-1,-1,-1,-1,-1,-1,-1],"split_conditions":[1.94E1,1.83E1,2.05E1,1.74E1,3.033E1,3.033E1,2.18E1,-1.4023447E-1,-6.9278955E-2,-3.1178072E-2,1.8588181E-1,6.3628894E-3,3.9179307E-1,4.088351E-2,1.4205693E-1],