{"learner":{"attributes":{"scikit_learn":"{\"_estimator_type\": \"regressor\"}"},"feature_names":[],"feature_types":[],"gradient_booster":{"model":{"gbtree_model_param":{"num_parallel_tree":"1","num_trees":"10"},"iteration_indptr":[0,1,2,3,4,5,6,7,8,9,10],"tree_info":[0,0,0,0,0,0,0,0,0,0],"trees":[{"base_weights":[6.030377E-7,-2.2361906E0,5.719759E-1,-3.1213124E0,-1.3968219E0,-1.2008031E-2,1.0056515E0,-9.9987596E-1,-4.468855E-1,-5.650544E-1,-2.5342092E-1,-4.5122545E-2,5.7834513E-2,2.2438349E-1,4.370523E-1],"categories":[],"categories_nodes":[],"categories_segments":[],"categories_sizes":[],"default_left":[0,0,0,0,0,0,0,0,0,0,0,0,0,0,0],"id":0,"left_children":[1,3,5,7,9,11,13,-1,-1,-1,-1,-1,-1,-1,-1],"loss_changes":[3.4035415E3,3.9831543E2,5.3666907E2,8.5843506E1,7.364386E1,2.565106E1,1.4030005E2,0E0,0E0,0E0,0E0,0E0,0E0,0E0,0E0],"parents":[2147483647,0,0,1,1,2,2,3,3,4,4,5,5,6,6],"right_children":[2,4,6,8,10,12,14,-1,-1,-1,-1,-1,-1,-1,-1],"split_conditions":[8.055555E0,5.31E2,1.2777778E1,3.476E3,5.76E2,1.1666667E1,1.5833333E1,-9.9987596E-1,-4.468855E-1,-5.650544E-1,-2.5342092E-1,-4.5122545E-2,5.7834513E-2,2.2438349E-1,4.370523E-1],"split_indices":[2,0,2,1,0,2,2,0,0,0,0,0,0,0,0],"split_type":[0,0,0,0,0,0,0,0,0,0,0,0,0,0,0],"sum_hessian":[2.659E3,5.41E2,2.118E3,2.62E2,2.79E2,9.03E2,1.215E3,2.31E2,3.1E1,1.47E2,1.32E2,5.39E2,3.64E2,7.75E2,4.4E2],"tree_param":{"num_deleted":"0","num_feature":"3","num_nodes":"15","size_leaf_vector":"1"}},{"base_weights":[-5.979502E-4,-1.7889138E0,3.6240134E-1,-2.0883212E0,-7.4986815E-1,7.712234E-3,7.768932E-1,-6.828877E-1,-3.6559007E-1,-6.2933445E-2,-2.458648E-1,-1.1694294E-1,3.0764611E-2,1.908629E-1,3.5078204E-1],"categories":[],"categories_nodes":[],"categories_segments":[],"categories_sizes":[],"default_left":[0,0,0,0,0,0,0,0,0,0,0,0,0,0,0],"id":1,"left_children":[1,3,5,7,9,11,13,-1,-1,-1,-1,-1,-1,-1,-1],"loss_changes":[1.727407E3,1.3811707E2,3.251929E2,5.41156E1,3.6667595E0,4.5015583E1,5.5561584E1,0E0,0E0,0E0,0E0,0E0,0E0,0E0,0E0],"parents":[2147483647,0,0,1,1,2,2,3,3,4,4,5,5,6,6],"right_children":[2,4,6,8,10,12,14,-1,-1,-1,-1,-1,-1,-1,-1],"split_conditions":[7.5E0,5.76E2,1.3055555E1,5.5555553E0,5.81E2,9.444445E0,1.6944445E1,-6.828877E-1,-3.6559007E-1,-6.2933445E-2,-2.458648E-1,-1.1694294E-1,3.0764611E-2,1.908629E-1,3.5078204E-1],"split_indices":[2,0,2,2,0,2,2,0,0,0,0,0,0,0,0],"split_type":[0,0,0,0,0,0,0,0,0,0,0,0,0,0,0],"sum_hessian":[2.659E3,4.48E2,2.211E3,3.47E2,1.01E2,1.192E3,1.019E3,2.84E2,6.3E1,1.2E1,8.9E1,2.29E2,9.63E2,7.52E2,2.67E2],"tree_param":{"num_deleted":"0","num_feature":"3","num_nodes":"15","size_leaf_vector":"1"}},{"base_weights":[-7.578412E-4,-1.2552624E0,2.5388652E-1,-1.7361861E0,-8.758267E-1,-9.022063E-2,4.9177876E-1,-5.357859E-1,1.2027178E0,-3.3189124E-1,-1.4812706E-1,-9.345146E-2,1.0652558E-2,1.0466588E-1,2.1291803E-1],"categories":[],"categories_nodes":[],"categories_segments":[],"categories_sizes":[],"default_left":[0,0,0,0,0,0,0,0,0,0,0,0,0,0,0],"id":2,"left_children":[1,3,5,7,9,11,13,-1,-1,-1,-1,-1,-1,-1,-1],"loss_changes":[8.500624E2,8.041278E1,1.8111961E2,6.3486755E1,2.1732544E1,2.5189861E1,4.048761E1,0E0,0E0,0E0,0E0,0E0,0E0,0E0,0E0],"parents":[2147483647,0,0,1,1,2,2,3,3,4,4,5,5,6,6],"right_children":[2,4,6,8,10,12,14,-1,-1,-1,-1,-1,-1,-1,-1],"split_conditions":[7.5E0,5.16E2,1.25E1,6.9444447E0,5.78E2,5.78E2,1.5555555E1,-5.357859E-1,1.2027178E0,-3.3189124E-1,-1.4812706E-1,-9.345146E-2,1.0652558E-2,1.0466588E-1,2.1291803E-1],"split_indices":[2,0,2,2,0,0,2,0,0,0,0,0,0,0,0],"split_type":[0,0,0,0,0,0,0,0,0,0,0,0,0,0,0],"sum_hessian":[2.659E3,4.48E2,2.211E3,1.96E2,2.52E2,9.04E2,1.307E3,1.95E2,1E0,1.56E2,9.6E1,3.27E2,5.77E2,7.91E2,5.16E2],"tree_param":{"num_deleted":"0","num_feature":"3","num_nodes":"15","size_leaf_vector":"1"}},{"base_weights":[-3.7188135E-4,-1.0229723E0,1.555206E-1,-1.1500626E0,9.009416E-2,-9.131098E-2,3.444883E-1,-4.6264926E-1,-2.500285E-1,1.9250828E-1,-5.0386697E-2,1.1129085E0,-3.1931646E-2,8.78627E-2,2.372326E-1],"categories":[],"categories_nodes":[],"categories_segments":[],"categories_sizes":[],"default_left":[0,0,0,0,0,0,0,0,0,0,0,0,0,0,0],"id":3,"left_children":[1,3,5,7,9,11,13,-1,-1,-1,-1,-1,-1,-1,-1],"loss_changes":[4.2420496E2,4.989743E1,1.0773059E2,3.794702E1,5.374367E0,5.8010864E1,2.9896927E1,0E0,0E0,0E0,0E0,0E0,0E0,0E0,0E0],"parents":[2147483647,0,0,1,1,2,2,3,3,4,4,5,5,6,6],"right_children":[2,4,6,8,10,12,14,-1,-1,-1,-1,-1,-1,-1,-1],"split_conditions":[6.111111E0,3.476E3,1.25E1,5.02E2,4.45E2,4.4E2,1.7777779E1,-4.6264926E-1,-2.500285E-1,1.9250828E-1,-5.0386697E-2,1.1129085E0,-3.1931646E-2,8.78627E-2,2.372326E-1],"split_indices":[2,1,2,0,0,0,2,0,0,0,0,0,0,0,0],"split_type":[0,0,0,0,0,0,0,0,0,0,0,0,0,0,0],"sum_hessian":[2.659E3,3.51E2,2.308E3,3.15E2,3.6E1,1.001E3,1.307E3,1.39E2,1.76E2,1.1E1,2.5E1,3E0,9.98E2,1.173E3,1.34E2],"tree_param":{"num_deleted":"0","num_feature":"3","num_nodes":"15","size_leaf_vector":"1"}},{"base_weights":[5.3795837E-5,-5.793644E-1,1.4825796E-1,-7.3958373E-1,-1.8175915E-1,4.509745E-2,3.5076457E-1,-2.4426407E-1,4.2393856E-2,-4.324045E-2,-2.9022118E-1,2.1283077E-2,-9.124711E-2,1.3062313E-1,4.3124788E-2],"categories":[],"categories_nodes":[],"categories_segments":[],"categories_sizes":[],"default_left":[0,0,0,0,0,0,0,0,0,0,0,0,0,0,0],"id":4,"left_children":[1,3,5,7,9,11,13,-1,-1,-1,-1,-1,-1,-1,-1],"loss_changes":[2.2850589E2,3.4393158E1,4.4251537E1,2.549115E1,4.501382E0,1.2704341E1,1.2466347E1,0E0,0E0,0E0,0E0,0E0,0E0,0E0,0E0],"parents":[2147483647,0,0,1,1,2,2,3,3,4,4,5,5,6,6],"right_children":[2,4,6,8,10,12,14,-1,-1,-1,-1,-1,-1,-1,-1],"split_conditions":[8.055555E0,5.69E2,1.4444445E1,5.056E3,1.58E3,9.48E2,6.35E2,-2.4426407E-1,4.2393856E-2,-4.324045E-2,-2.9022118E-1,2.1283077E-2,-9.124711E-2,1.3062313E-1,4.3124788E-2],"split_indices":[2,0,2,1,1,1,0,0,0,0,0,0,0,0,0],"split_type":[0,0,0,0,0,0,0,0,0,0,0,0,0,0,0],"sum_hessian":[2.659E3,5.41E2,2.118E3,3.85E2,1.56E2,1.404E3,7.14E2,3.55E2,3E1,1.5E2,6E0,1.308E3,9.6E1,5.06E2,2.08E2],"tree_param":{"num_deleted":"0","num_feature":"3","num_nodes":"15","size_leaf_vector":"1"}},{"base_weights":[-1.2409597E-4,-5.326514E-1,8.105812E-2,-6.0359466E-1,8.763826E-2,8.975474E-1,7.597394E-2,-2.5209016E-1,-1.2388791E-1,1.3507634E-1,-2.4928128E-2,-3.070236E-2,4.7392022E-2],"categories":[],"categories_nodes":[],"categories_segments":[],"categories_sizes":[],"default_left":[0,0,0,0,0,0,0,0,0,0,0,0,0],"id":5,"left_children":[1,3,5,7,9,-1,11,-1,-1,-1,-1,-1,-1],"loss_changes":[1.15039635E2,1.5542793E1,3.3943283E1,1.39123E1,2.3280904E0,0E0,3.373391E1,0E0,0E0,0E0,0E0,0E0,0E0],"parents":[2147483647,0,0,1,1,2,2,3,3,4,4,6,6],"right_children":[2,4,6,8,10,-1,12,-1,-1,-1,-1,-1,-1],"split_conditions":[6.111111E0,3.476E3,4.4E2,5.02E2,4.45E2,8.975474E-1,1.1666667E1,-2.5209016E-1,-1.2388791E-1,1.3507634E-1,-2.4928128E-2,-3.070236E-2,4.7392022E-2],"split_indices":[2,1,0,0,0,0,2,0,0,0,0,0,0],"split_type":[0,0,0,0,0,0,0,0,0,0,0,0,0],"sum_hessian":[2.659E3,3.51E2,2.308E3,3.15E2,3.6E1,3E0,2.305E3,1.39E2,1.76E2,1.1E1,2.5E1,7.26E2,1.579E3],"tree_param":{"num_deleted":"0","num_feature":"3","num_nodes":"13","size_leaf_vector":"1"}},{"base_weights":[1.5706658E-4,-2.959168E-1,7.588707E-2,-3.8251275E-1,-6.9769146E-3,5.7727687E-2,5.0975126E-1,5.5604313E-2,-1.309966E-1,1.1851295E-1,-4.4411223E-2,1.15013316E-1,1.1836782E-2,1.3945937E-1,3.9074722E-1],"categories":[],"categories_nodes":[],"categories_segments":[],"categories_sizes":[],"default_left":[0,0,0,0,0,0,0,0,0,0,0,0,0,0,0],"id":6,"left_children":[1,3,5,7,9,11,13,-1,-1,-1,-1,-1,-1,-1,-1],"loss_changes":[5.9664112E1,1.3558727E1,1.666555E1,1.2901779E1,7.203834E0,1.2093521E1,2.4191113E0,0E0,0E0,0E0,0E0,0E0,0E0,0E0,0E0],"parents":[2147483647,0,0,1,1,2,2,3,3,4,4,5,5,6,6],"right_children":[2,4,6,8,10,12,14,-1,-1,-1,-1,-1,-1,-1,-1],"split_conditions":[8.055555E0,5.78E2,1.8333334E1,4.45E2,5.9E2,5.25E2,2.25E1,5.5604313E-2,-1.309966E-1,1.1851295E-1,-4.4411223E-2,1.15013316E-1,1.1836782E-2,1.3945937E-1,3.9074722E-1],"split_indices":[2,0,2,0,0,0,2,0,0,0,0,0,0,0,0],"split_type":[0,0,0,0,0,0,0,0,0,0,0,0,0,0,0],