{"learner":{"attributes":{"scikit_learn":"{\"_estimator_type\": \"regressor\"}"},"feature_names":[],"feature_types":[],"gradient_booster":{"model":{"gbtree_model_param":{"num_parallel_tree":"1","num_trees":"10"},"iteration_indptr":[0,1,2,3,4,5,6,7,8,9,10],"tree_info":[0,0,0,0,0,0,0,0,0,0],"trees":[{"base_weights":[3.3722927E-7,1.0115606E0,-3.1674953E0,2.7979317E-1,1.6427301E0,-2.413447E0,-4.0876465E0,6.2818193E-1,1.2092209E-1,-4.9223796E-1,-8.3803E-1,-1.1093675E0,-1.3445827E0],"categories":[],"categories_nodes":[],"categories_segments":[],"categories_sizes":[],"default_left":[0,0,0,0,0,0,0,0,0,0,0,0,0],"id":0,"left_children":[1,3,5,-1,7,9,11,-1,-1,-1,-1,-1,-1],"loss_changes":[3.3370832E4,3.916665E2,1.7393027E3,0E0,4.8914233E2,4.0293018E2,1.5769727E2,0E0,0E0,0E0,0E0,0E0,0E0],"parents":[2147483647,0,0,1,1,2,2,4,4,5,5,6,6],"right_children":[2,4,6,-1,8,10,12,-1,-1,-1,-1,-1,-1],"split_conditions":[1.007E3,2.23E2,4.478E3,2.7979317E-1,5.59E2,2.35E3,5.585E3,6.2818193E-1,1.2092209E-1,-4.9223796E-1,-8.3803E-1,-1.1093675E0,-1.3445827E0],"split_indices":[0,0,0,0,0,0,0,0,0,0,0,0,0],"split_type":[0,0,0,0,0,0,0,0,0,0,0,0,0],"sum_hessian":[1.0413E4,7.893E3,2.52E3,7.018E3,8.75E2,1.387E3,1.133E3,6.41E2,2.34E2,4.59E2,9.28E2,5.75E2,5.58E2],"tree_param":{"num_deleted":"0","num_feature":"1","num_nodes":"13","size_leaf_vector":"1"}},{"base_weights":[-2.6407422E-4,6.720224E-1,-2.3421247E0,7.2073305E-1,-6.795754E-1,-1.8433005E0,-2.8635168E0,1.958673E-1,3.9609233E-1,-3.0876634E-1,1.3733508E-1,-5.794396E-1,-3.6138326E-1,-7.949149E-1,-9.682644E-1],"categories":[],"categories_nodes":[],"categories_segments":[],"categories_sizes":[],"default_left":[0,0,0,0,0,0,0,0,0,0,0,0,0,0,0],"id":1,"left_children":[1,3,5,7,9,11,13,-1,-1,-1,-1,-1,-1,-1,-1],"loss_changes":[1.6397389E4,5.332439E2,5.9889453E2,3.1686157E2,1.1261485E2,6.4681885E1,7.970703E1,0E0,0E0,0E0,0E0,0E0,0E0,0E0,0E0],"parents":[2147483647,0,0,1,1,2,2,3,3,4,4,5,5,6,6],"right_children":[2,4,6,8,10,12,14,-1,-1,-1,-1,-1,-1,-1,-1],"split_conditions":[1.563E3,7.84E2,4.478E3,2.23E2,1.339E3,4.143E3,5.823E3,1.958673E-1,3.9609233E-1,-3.0876634E-1,1.3733508E-1,-5.794396E-1,-3.6138326E-1,-7.949149E-1,-9.682644E-1],"split_indices":[0,0,0,0,0,0,0,0,0,0,0,0,0,0,0],"split_type":[0,0,0,0,0,0,0,0,0,0,0,0,0,0,0],"sum_hessian":[1.0413E4,8.091E3,2.322E3,7.81E3,2.81E2,1.189E3,1.133E3,7.018E3,7.92E2,2.15E2,6.6E1,1.043E3,1.46E2,7.19E2,4.14E2],"tree_param":{"num_deleted":"0","num_feature":"1","num_nodes":"15","size_leaf_vector":"1"}},{"base_weights":[-4.0428934E-4,4.975978E-1,-1.5597967E0,1.371154E-1,8.219109E-1,-9.9414194E-1,-1.8915106E0,3.213784E-1,4.116279E-2,-6.00884E-1,-2.7825534E-1,-5.1376295E-1,-6.653665E-1],"categories":[],"categories_nodes":[],"categories_segments":[],"categories_sizes":[],"default_left":[0,0,0,0,0,0,0,0,0,0,0,0,0],"id":2,"left_children":[1,3,5,-1,7,9,11,-1,-1,-1,-1,-1,-1],"loss_changes":[8.0880874E3,1.0342847E2,4.7114893E2,0E0,1.4941302E2,6.0917053E1,8.8958496E1,0E0,0E0,0E0,0E0,0E0,0E0],"parents":[2147483647,0,0,1,1,2,2,4,4,5,5,6,6],"right_children":[2,4,6,-1,8,10,12,-1,-1,-1,-1,-1,-1],"split_conditions":[1.007E3,2.23E2,3.471E3,1.371154E-1,5.59E2,1.12E3,5.585E3,3.213784E-1,4.116279E-2,-6.00884E-1,-2.7825534E-1,-5.1376295E-1,-6.653665E-1],"split_indices":[0,0,0,0,0,0,0,0,0,0,0,0,0],"split_type":[0,0,0,0,0,0,0,0,0,0,0,0,0],"sum_hessian":[1.0413E4,7.893E3,2.52E3,7.018E3,8.75E2,9.33E2,1.587E3,6.41E2,2.34E2,5.6E1,8.77E2,1.029E3,5.58E2],"tree_param":{"num_deleted":"0","num_feature":"1","num_nodes":"13","size_leaf_vector":"1"}},{"base_weights":[-4.32712E-4,3.3002326E-1,-1.1848089E0,3.5422435E-1,-2.3863964E-1,-9.514935E-1,-1.418108E0,9.598662E-2,1.9712974E-1,-2.083711E-1,2.7483784E-2,-3.1252107E-1,-1.00625336E-1,-4.3312714E-1,1.3930544E-1],"categories":[],"categories_nodes":[],"categories_segments":[],"categories_sizes":[],"default_left":[0,0,0,0,0,0,0,0,0,0,0,0,0,0,0],"id":3,"left_children":[1,3,5,7,9,11,13,-1,-1,-1,-1,-1,-1,-1,-1],"loss_changes":[4.0762654E3,1.1215057E2,1.223208E2,8.0861755E1,5.0204163E1,6.297522E1,5.542383E1,0E0,0E0,0E0,0E0,0E0,0E0,0E0,0E0],"parents":[2147483647,0,0,1,1,2,2,3,3,4,4,5,5,6,6],"right_children":[2,4,6,8,10,12,14,-1,-1,-1,-1,-1,-1,-1,-1],"split_conditions":[1.68E3,7.84E2,4.478E3,2.23E2,1.12E3,4.143E3,1.0414E4,9.598662E-2,1.9712974E-1,-2.083711E-1,2.7483784E-2,-3.1252107E-1,-1.00625336E-1,-4.3312714E-1,1.3930544E-1],"split_indices":[0,0,0,0,0,0,0,0,0,0,0,0,0,0,0],"split_type":[0,0,0,0,0,0,0,0,0,0,0,0,0,0,0],"sum_hessian":[1.0413E4,8.142E3,2.271E3,7.81E3,3.32E2,1.138E3,1.133E3,7.018E3,7.92E2,1.39E2,1.93E2,9.92E2,1.46E2,1.118E3,1.5E1],"tree_param":{"num_deleted":"0","num_feature":"1","num_nodes":"15","size_leaf_vector":"1"}},{"base_weights":[-3.5989835E-4,2.3449995E-1,-8.184768E-1,2.5066468E-1,-1.2920691E-1,-3.9858633E-1,-9.114779E-1,6.719481E-2,1.5206113E-1,-8.2765085E-1,-1.516788E-2,-2.275873E-1,-8.041932E-2,-2.506151E-1,-3.6181605E-1],"categories":[],"categories_nodes":[],"categories_segments":[],"categories_sizes":[],"default_left":[0,0,0,0,0,0,0,0,0,0,0,0,0,0,0],"id":4,"left_children":[1,3,5,7,9,11,13,-1,-1,-1,-1,-1,-1,-1,-1],"loss_changes":[2.0011671E3,4.7607086E1,9.0350586E1,5.2852386E1,7.1211105E1,1.9674622E1,4.160437E1,0E0,0E0,0E0,0E0,0E0,0E0,0E0,0E0],"parents":[2147483647,0,0,1,1,2,2,3,3,4,4,5,5,6,6],"right_children":[2,4,6,8,10,12,14,-1,-1,-1,-1,-1,-1,-1,-1],"split_conditions":[1.563E3,6.7E2,2.799E3,2.23E2,6.71E2,1.904E3,5.924E3,6.719481E-2,1.5206113E-1,-8.2765085E-1,-1.516788E-2,-2.275873E-1,-8.041932E-2,-2.506151E-1,-3.6181605E-1],"split_indices":[0,0,0,0,0,0,0,0,0,0,0,0,0,0,0],"split_type":[0,0,0,0,0,0,0,0,0,0,0,0,0,0,0],"sum_hessian":[1.0413E4,8.091E3,2.322E3,7.747E3,3.44E2,4.22E2,1.9E3,7.018E3,7.29E2,9E0,3.35E2,1.11E2,3.11E2,1.513E3,3.87E2],"tree_param":{"num_deleted":"0","num_feature":"1","num_nodes":"15","size_leaf_vector":"1"}},{"base_weights":[-4.0029665E-4,1.5338576E-1,-6.199997E-1,1.7288578E-1,-1.8826967E-1,-5.495511E-1,-8.095681E-1,4.70392E-2,9.047944E-2,-3.5789618E-1,-1.2842543E-2,-1.8109336E-1,7.926565E-2,-2.5550508E-1,2.0188646E-1],"categories":[],"categories_nodes":[],"categories_segments":[],"categories_sizes":[],"default_left":[0,0,0,0,0,0,0,0,0,0,0,0,0,0,0],"id":5,"left_children":[1,3,5,7,9,11,13,-1,-1,-1,-1,-1,-1,-1,-1],"loss_changes":[9.924009E2,5.562268E1,2.7212952E1,1.6299484E1,6.586141E1,6.676117E1,3.5475464E1,0E0,0E0,0E0,0E0,0E0,0E0,0E0,0E0],"parents":[2147483647,0,0,1,1,2,2,3,3,4,4,5,5,6,6],"right_children":[2,4,6,8,10,12,14,-1,-1,-1,-1,-1,-1,-1,-1],"split_conditions":[2.345E3,1.007E3,5.585E3,2.23E2,1.12E3,5.376E3,1.0414E4,4.70392E-2,9.047944E-2,-3.5789618E-1,-1.2842543E-2,-1.8109336E-1,7.926565E-2,-2.5550508E-1,2.0188646E-1],"split_indices":[0,0,0,0,0,0,0,0,0,0,0,0,0,0,0],"split_type":[0,0,0,0,0,0,0,0,0,0,0,0,0,0,0],"sum_hessian":[1.0413E4,8.343E3,2.07E3,7.893E3,4.5E2,1.512E3,5.58E2,7.018E3,8.75E2,5.6E1,3.94E2,1.418E3,9.4E1,5.43E2,1.5E1],"tree_param":{"num_deleted":"0","num_feature":"1","num_nodes":"15","size_leaf_vector":"1"}},{"base_weights":[-3.1747197E-4,1.14972405E-1,-4.1352397E-1,1.2667847E-1,-7.0530415E-2,-2.4406047E-1,-4.8636338E-1,3.4584012E-2,1.318294E-1,-5.491464E-2,1.01205185E-1,-9.591127E-2,3.385528E-1,-3.3718884E-1,-1.3116612E-1],"categories":[],"categories_nodes":[],"categories_segments":[],"categories_sizes":[],"default_left":[0,0,0,0,0,0,0,0,0,0,0,0,0,0,0],"id":6,"left_children":[1,3,5,7,9,11,13,-1,-1,-1,-1,-1,-1,-1,-1],"loss_changes":[4.9615515E2,1.7691513E1,2.7925995E1,2.7256416E1,2.2274498E1,7.148184E1,4.9266266E1,0E0,0E0,0E0,0E0,0E0,0E0,0E0,0E0],"parents":[2147483647,0,0,1,1,2,2,3,3,4,4,5,5,6,6],"right_children":[2,4,6,8,10,12,14,-1,-1,-1,-1,-1,-1,-1,-1],"split_conditions":[1.68E3,5.59E2,3.471E3,3.36E2,1.344E3,3.36E3,3.696E3,3.4584012E-2,1.318294E-1,-5.491464E-2,1.01205185E-1,-9.591127E-2,3.385528E-1,-3.3718884E-1,-1.3116612E-1],"split_indices":[0,0,0,0,0,0,0,0,0,0,0,0,0,0,0],"split_type":[0,0,0,0,0,0,0,0,0,0,0,0,0,0,0],