{"learner":{"attributes":{"scikit_learn":"{\"_estimator_type\": \"regressor\"}"},"feature_names":[],"feature_types":[],"gradient_booster":{"model":{"gbtree_model_param":{"num_parallel_tree":"1","num_trees":"10"},"iteration_indptr":[0,1,2,3,4,5,6,7,8,9,10],"tree_info":[0,0,0,0,0,0,0,0,0,0],"trees":[{"base_weights":[9.05038E-8,1.4871775E0,-1.7354468E-1,9.123367E-1,2.0469325E0,9.425307E-4,-1.4336945E0,3.652568E-1,-4.0072763E-1,4.4695285E-1,1.2450662E0,2.2334486E-2,-2.6626655E-1,-5.740537E-1,6.994673E-1],"categories":[],"categories_nodes":[],"categories_segments":[],"categories_sizes":[],"default_left":[0,0,0,0,0,0,0,0,0,0,0,0,0,0,0],"id":0,"left_children":[1,3,5,7,9,11,13,-1,-1,-1,-1,-1,-1,-1,-1],"loss_changes":[1.2274847E3,1.5805225E2,9.3647034E2,1.7108981E2,2.8791846E2,2.4445496E2,9.402982E2,0E0,0E0,0E0,0E0,0E0,0E0,0E0,0E0],"parents":[2147483647,0,0,1,1,2,2,3,3,4,4,5,5,6,6],"right_children":[2,4,6,8,10,12,14,-1,-1,-1,-1,-1,-1,-1,-1],"split_conditions":[4.4444447E0,2.7777777E0,1.6666666E1,5.055E3,3.791E3,3.159E3,2.0555555E1,3.652568E-1,-4.0072763E-1,4.4695285E-1,1.2450662E0,2.2334486E-2,-2.6626655E-1,-5.740537E-1,6.994673E-1],"split_indices":[1,1,1,0,0,0,1,0,0,0,0,0,0,0,0],"split_type":[0,0,0,0,0,0,0,0,0,0,0,0,0,0,0],"sum_hessian":[4.754E3,4.96E2,4.258E3,2.46E2,2.5E2,3.741E3,5.17E2,2.17E2,2.9E1,1.99E2,5.1E1,3.456E3,2.85E2,4.59E2,5.8E1],"tree_param":{"num_deleted":"0","num_feature":"2","num_nodes":"15","size_leaf_vector":"1"}},{"base_weights":[3.233815E-4,1.5283413E-1,-9.0605855E-1,1.0443573E0,2.8850963E-2,-1.1823674E0,1.3236063E0,1.2041609E-1,3.9397743E-1,-7.175787E-2,9.659623E-2,-1.3792403E-1,-5.153574E-1,3.3038265E-1,1.5150725E0],"categories":[],"categories_nodes":[],"categories_segments":[],"categories_sizes":[],"default_left":[0,0,0,0,0,0,0,0,0,0,0,0,0,0,0],"id":1,"left_children":[1,3,5,7,9,11,13,-1,-1,-1,-1,-1,-1,-1,-1],"loss_changes":[6.5743634E2,4.4995328E2,4.2357733E2,8.5401794E1,2.8097702E2,2.352536E2,5.740779E1,0E0,0E0,0E0,0E0,0E0,0E0,0E0,0E0],"parents":[2147483647,0,0,1,1,2,2,3,3,4,4,5,5,6,6],"right_children":[2,4,6,8,10,12,14,-1,-1,-1,-1,-1,-1,-1,-1],"split_conditions":[1.611111E1,4.4444447E0,2E1,1.9444444E0,1.1111111E1,1.6944445E1,1.58E3,1.2041609E-1,3.9397743E-1,-7.175787E-2,9.659623E-2,-1.3792403E-1,-5.153574E-1,3.3038265E-1,1.5150725E0],"split_indices":[1,1,1,1,1,1,0,0,0,0,0,0,0,0,0],"split_type":[0,0,0,0,0,0,0,0,0,0,0,0,0,0,0],"sum_hessian":[4.754E3,4.07E3,6.84E2,4.96E2,3.574E3,6.09E2,7.5E1,1.47E2,3.49E2,1.867E3,1.707E3,2.6E2,3.49E2,7.2E1,3E0],"tree_param":{"num_deleted":"0","num_feature":"2","num_nodes":"15","size_leaf_vector":"1"}},{"base_weights":[5.9050746E-4,6.252935E-1,-1.0994234E-1,3.5156932E-1,1.6988881E0,-3.4165114E-2,-1.1766338E0,2.55742E-1,-2.7352082E-2,2.1463025E-1,1.5448059E0,1.8276302E-2,-2.3809223E-1,-4.842331E-1,3.6475152E-1],"categories":[],"categories_nodes":[],"categories_segments":[],"categories_sizes":[],"default_left":[0,0,0,0,0,0,0,0,0,0,0,0,0,0,0],"id":2,"left_children":[1,3,5,7,9,11,13,-1,-1,-1,-1,-1,-1,-1,-1],"loss_changes":[3.2840247E2,2.0951892E2,3.2659753E2,1.2670938E2,4.883551E2,2.7259E2,2.8246484E2,0E0,0E0,0E0,0E0,0E0,0E0,0E0,0E0],"parents":[2147483647,0,0,1,1,2,2,3,3,4,4,5,5,6,6],"right_children":[2,4,6,8,10,12,14,-1,-1,-1,-1,-1,-1,-1,-1],"split_conditions":[5.5555553E0,3.791E3,2.843E3,3.3333333E0,5E0,1.6944445E1,1.25E1,2.55742E-1,-2.7352082E-2,2.1463025E-1,1.5448059E0,1.8276302E-2,-2.3809223E-1,-4.842331E-1,3.6475152E-1],"split_indices":[1,0,0,1,1,1,1,0,0,0,0,0,0,0,0],"split_type":[0,0,0,0,0,0,0,0,0,0,0,0,0,0,0],"sum_hessian":[4.754E3,7.14E2,4.04E3,5.7E2,1.44E2,3.773E3,2.67E2,2.67E2,3.03E2,1.13E2,3.1E1,3.354E3,4.19E2,2.26E2,4.1E1],"tree_param":{"num_deleted":"0","num_feature":"2","num_nodes":"15","size_leaf_vector":"1"}},{"base_weights":[7.601154E-4,3.0737588E-1,-1.5033452E-1,2.073095E-1,6.543093E-1,-6.9072396E-2,-1.2618469E0,-1.5753975E-2,1.9607428E-1,-1.0691241E-1,2.891171E-1,-2.9529126E-2,5.3976494E-1,-6.3190305E-1,-1.4834972E-1],"categories":[],"categories_nodes":[],"categories_segments":[],"categories_sizes":[],"default_left":[0,0,0,0,0,0,0,0,0,0,0,0,0,0,0],"id":3,"left_children":[1,3,5,7,9,11,13,-1,-1,-1,-1,-1,-1,-1,-1],"loss_changes":[2.2033585E2,5.4369064E1,2.8768466E2,1.414951E2,1.101082E2,1.6307942E2,1.3957938E2,0E0,0E0,0E0,0E0,0E0,0E0,0E0,0E0],"parents":[2147483647,0,0,1,1,2,2,3,3,4,4,5,5,6,6],"right_children":[2,4,6,8,10,12,14,-1,-1,-1,-1,-1,-1,-1,-1],"split_conditions":[8.333333E0,2.528E3,2.212E3,6.9444447E0,2.7777777E0,2.111111E1,1.0555555E1,-1.5753975E-2,1.9607428E-1,-1.0691241E-1,2.891171E-1,-2.9529126E-2,5.3976494E-1,-6.3190305E-1,-1.4834972E-1],"split_indices":[1,0,0,1,1,1,1,0,0,0,0,0,0,0,0],"split_type":[0,0,0,0,0,0,0,0,0,0,0,0,0,0,0],"sum_hessian":[4.754E3,1.569E3,3.185E3,1.219E3,3.5E2,2.969E3,2.16E2,7.71E2,4.48E2,8.2E1,2.68E2,2.924E3,4.5E1,1.02E2,1.14E2],"tree_param":{"num_deleted":"0","num_feature":"2","num_nodes":"15","size_leaf_vector":"1"}},{"base_weights":[5.514709E-4,8.558019E-2,-5.047806E-1,5.4643166E-1,2.1488233E-2,-7.763101E-1,6.072009E-1,1.8082862E-1,-6.7714065E-1,-5.549648E-2,7.418826E-2,-9.516267E-2,-3.5562405E-1,7.83253E-2,3.8135567E-1],"categories":[],"categories_nodes":[],"categories_segments":[],"categories_sizes":[],"default_left":[0,0,0,0,0,0,0,0,0,0,0,0,0,0,0],"id":4,"left_children":[1,3,5,7,9,11,13,-1,-1,-1,-1,-1,-1,-1,-1],"loss_changes":[2.0435481E2,1.2023287E2,2.0729736E2,7.984976E1,1.6672519E2,1.0311273E2,3.0693287E1,0E0,0E0,0E0,0E0,0E0,0E0,0E0,0E0],"parents":[2147483647,0,0,1,1,2,2,3,3,4,4,5,5,6,6],"right_children":[2,4,6,8,10,12,14,-1,-1,-1,-1,-1,-1,-1,-1],"split_conditions":[1.611111E1,4.4444447E0,1.888889E1,9.478E3,1.1111111E1,1.6944445E1,2.111111E1,1.8082862E-1,-6.7714065E-1,-5.549648E-2,7.418826E-2,-9.516267E-2,-3.5562405E-1,7.83253E-2,3.8135567E-1],"split_indices":[1,1,1,0,1,1,1,0,0,0,0,0,0,0,0],"split_type":[0,0,0,0,0,0,0,0,0,0,0,0,0,0,0],"sum_hessian":[4.754E3,4.07E3,6.84E2,4.96E2,3.574E3,5.5E2,1.34E2,4.87E2,9E0,1.867E3,1.707E3,2.6E2,2.9E2,8.9E1,4.5E1],"tree_param":{"num_deleted":"0","num_feature":"2","num_nodes":"15","size_leaf_vector":"1"}},{"base_weights":[2.874646E-4,8.258515E-2,-2.7683458E-1,-2.2139974E-2,2.7237627E-1,-3.76244E-1,4.2844573E-1,5.957209E-2,-1.67041E-1,2.7862614E-1,9.460151E-3,-5.300242E-2,-2.4930345E-1,1.106715E-1,1.2610357E0],"categories":[],"categories_nodes":[],"categories_segments":[],"categories_sizes":[],"default_left":[0,0,0,0,0,0,0,0,0,0,0,0,0,0,0],"id":5,"left_children":[1,3,5,7,9,11,13,-1,-1,-1,-1,-1,-1,-1,-1],"loss_changes":[1.0846779E2,7.2890945E1,7.6512634E1,2.7908023E2,2.0611171E2,8.652669E1,2.8792826E1,0E0,0E0,0E0,0E0,0E0,0E0,0E0,0E0],"parents":[2147483647,0,0,1,1,2,2,3,3,4,4,5,5,6,6],"right_children":[2,4,6,8,10,12,14,-1,-1,-1,-1,-1,-1,-1,-1],"split_conditions":[1.4166667E1,1.1111111E1,1.888889E1,8.888889E0,1.1944445E1,1.6944445E1,2.7777779E1,5.957209E-2,-1.67041E-1,2.7862614E-1,9.460151E-3,-5.300242E-2,-2.4930345E-1,1.106715E-1,1.2610357E0],"split_indices":[1,1,1,1,1,1,1,0,0,0,0,0,0,0,0],"split_type":[0,0,0,0,0,0,0,0,0,0,0,0,0,0,0],"sum_hessian":[4.754E3,3.666E3,1.088E3,2.363E3,1.303E3,9.54E2,1.34E2,1.673E3,6.9E2,3.49E2,9.54E2,6.64E2,2.9E2,1.33E2,1E0],"tree_param":{"num_deleted":"0","num_feature":"2","num_nodes":"15","size_leaf_vector":"1"}},{"base_weights":[4.6413316E-4,3.2205135E-1,-3.7063293E-2,1.2212638E-1,1.0583583E0,-1.1379719E0,-1.7592605E-2,8.737338E-2,-2.630771E-1,1.1093339E-2,9.130047E-1,-4.437151E-2,-9.5833457E-1,2.1172269E-1,-1.3116631E-2],"categories":[],"categories_nodes":[],"categories_segments":[],"categories_sizes":[],"default_left":[0,0,0,0,0,0,0,0,0,0,0,0,0,0,0],"id":6,"left_children":[1,3,5,7,9,11,13,-1,-1,-1,-1,-1,-1,-1,-1],"loss_changes":[5.7396893E1,7.3032196E1,9.127356E1,6.648677E1,2.1479509E2,1.5019519E2,7.914784E1,0E0,0E0,0E0,0E0,0E0,0E0,0E0,0E0],"parents":[2147483647,0,0,1,1,2,2,3,3,4,4,5,5,6,6],"right_children":[2,4,6,8,10,12,14,-1,-1,-1,-1,-1,-1,-1,-1],