{"learner":{"attributes":{"scikit_learn":"{\"_estimator_type\": \"regressor\"}"},"feature_names":[],"feature_types":[],"gradient_booster":{"model":{"gbtree_model_param":{"num_parallel_tree":"1","num_trees":"10"},"iteration_indptr":[0,1,2,3,4,5,6,7,8,9,10],"tree_info":[0,0,0,0,0,0,0,0,0,0],"trees":[{"base_weights":[1.4469542E-7,4.1004848E-1,-2.2962706E0,1.23431E-1,-3.2227994E-3,-1.551384E0,-1.0837702E0,-1.0146466E0,-3.9065728E-1],"categories":[],"categories_nodes":[],"categories_segments":[],"categories_sizes":[],"default_left":[0,0,0,0,0,0,0,0,0],"id":0,"left_children":[1,3,5,-1,-1,7,-1,-1,-1],"loss_changes":[6.835885E2,3.6423492E-1,1.0224957E2,0E0,0E0,2.8443314E1,0E0,0E0,0E0],"parents":[2147483647,0,0,1,1,2,2,5,5],"right_children":[2,4,6,-1,-1,8,-1,-1,-1],"split_conditions":[4.47E2,2.24E2,5.03E3,1.23431E-1,-3.2227994E-3,1.34E3,-1.0837702E0,-1.0146466E0,-3.9065728E-1],"split_indices":[0,0,0,0,0,0,0,0,0],"split_type":[0,0,0,0,0,0,0,0,0],"sum_hessian":[7.24E2,6.15E2,1.09E2,6.13E2,2E0,7.1E1,3.8E1,7E0,6.4E1],"tree_param":{"num_deleted":"0","num_feature":"1","num_nodes":"9","size_leaf_vector":"1"}},{"base_weights":[-3.2674572E-3,2.8722888E-1,-1.6300172E0,8.646194E-2,-2.5783062E-3,-1.1054868E0,-2.5565856E0,-7.483019E-1,-2.752631E-1,-6.1559033E-1,-8.939293E-1],"categories":[],"categories_nodes":[],"categories_segments":[],"categories_sizes":[],"default_left":[0,0,0,0,0,0,0,0,0,0,0],"id":1,"left_children":[1,3,5,-1,-1,7,9,-1,-1,-1,-1],"loss_changes":[3.4307767E2,1.8061829E-1,5.0635193E1,0E0,0E0,1.6505165E1,2.2138214E0,0E0,0E0,0E0,0E0],"parents":[2147483647,0,0,1,1,2,2,5,5,6,6],"right_children":[2,4,6,-1,-1,8,10,-1,-1,-1,-1],"split_conditions":[4.47E2,2.24E2,5.03E3,8.646194E-2,-2.5783062E-3,1.34E3,6.699E3,-7.483019E-1,-2.752631E-1,-6.1559033E-1,-8.939293E-1],"split_indices":[0,0,0,0,0,0,0,0,0,0,0],"split_type":[0,0,0,0,0,0,0,0,0,0,0],"sum_hessian":[7.24E2,6.15E2,1.09E2,6.13E2,2E0,7.1E1,3.8E1,7E0,6.4E1,2E1,1.8E1],"tree_param":{"num_deleted":"0","num_feature":"1","num_nodes":"11","size_leaf_vector":"1"}},{"base_weights":[-5.665462E-3,1.6895485E-1,-1.4990541E0,1.4972344E-1,6.6245174E-1,-1.2655746E0,-2.1328838E0,5.4800935E-2,-4.8102543E-1,-4.3247128E-1,4.4123057E-1,-8.392505E-1,-4.536195E-1],"categories":[],"categories_nodes":[],"categories_segments":[],"categories_sizes":[],"default_left":[0,0,0,0,0,0,0,0,0,0,0,0,0],"id":2,"left_children":[1,3,5,7,-1,9,11,-1,-1,-1,-1,-1,-1],"loss_changes":[1.8931587E2,2.516045E1,8.547638E0,3.754782E1,0E0,3.0052216E1,3.6095352E0,0E0,0E0,0E0,0E0,0E0,0E0],"parents":[2147483647,0,0,1,1,2,2,3,3,5,5,6,6],"right_children":[2,4,6,8,-1,10,12,-1,-1,-1,-1,-1,-1],"split_conditions":[3.911E3,3.684E3,6.699E3,2.462E3,6.6245174E-1,6.475E3,7.932E3,5.4800935E-2,-4.8102543E-1,-4.3247128E-1,4.4123057E-1,-8.392505E-1,-4.536195E-1],"split_indices":[0,0,0,0,0,0,0,0,0,0,0,0,0],"split_type":[0,0,0,0,0,0,0,0,0,0,0,0,0],"sum_hessian":[7.24E2,6.49E2,7.5E1,6.44E2,5E0,5.7E1,1.8E1,6.33E2,1.1E1,5.4E1,3E0,7E0,1.1E1],"tree_param":{"num_deleted":"0","num_feature":"1","num_nodes":"13","size_leaf_vector":"1"}},{"base_weights":[-5.411234E-3,1.1863176E-1,-1.0662341E0,1.04145534E-1,1.6561288E0,-7.005889E-1,-1.3951644E0,4.3945283E-2,-2.3060443E-1,2.4715477E-1,6.641376E-1,-5.191844E-1,-8.289493E-3,-6.7298603E-1,-3.0760616E-1],"categories":[],"categories_nodes":[],"categories_segments":[],"categories_sizes":[],"default_left":[0,0,0,0,0,0,0,0,0,0,0,0,0,0,0],"id":3,"left_children":[1,3,5,7,9,11,13,-1,-1,-1,-1,-1,-1,-1,-1],"loss_changes":[9.552753E1,1.4304662E1,8.163216E0,2.394818E1,9.609585E-1,2.6292387E1,9.931976E0,0E0,0E0,0E0,0E0,0E0,0E0,0E0,0E0],"parents":[2147483647,0,0,1,1,2,2,3,3,4,4,5,5,6,6],"right_children":[2,4,6,8,10,12,14,-1,-1,-1,-1,-1,-1,-1,-1],"split_conditions":[3.911E3,3.684E3,5.03E3,4.47E2,3.805E3,4.586E3,5.7E3,4.3945283E-2,-2.3060443E-1,2.4715477E-1,6.641376E-1,-5.191844E-1,-8.289493E-3,-6.7298603E-1,-3.0760616E-1],"split_indices":[0,0,0,0,0,0,0,0,0,0,0,0,0,0,0],"split_type":[0,0,0,0,0,0,0,0,0,0,0,0,0,0,0],"sum_hessian":[7.24E2,6.49E2,7.5E1,6.44E2,5E0,3.7E1,3.8E1,6.15E2,2.9E1,3E0,2E0,1.4E1,2.3E1,1E1,2.8E1],"tree_param":{"num_deleted":"0","num_feature":"1","num_nodes":"15","size_leaf_vector":"1"}},{"base_weights":[-4.8684757E-3,8.4157035E-2,-7.662068E-1,7.2612464E-2,1.3111719E0,-6.6371197E-1,-5.554083E-1,2.7562207E-2,-2.853272E-1,6.276966E-1,2.2094326E-1,-6.7970747E-1,-1.753325E-1],"categories":[],"categories_nodes":[],"categories_segments":[],"categories_sizes":[],"default_left":[0,0,0,0,0,0,0,0,0,0,0,0,0],"id":4,"left_children":[1,3,5,7,9,11,-1,-1,-1,-1,-1,-1,-1],"loss_changes":[4.9203915E1,9.112273E0,7.224148E0,1.2805559E1,1.1525869E0,7.6920853E0,0E0,0E0,0E0,0E0,0E0,0E0,0E0],"parents":[2147483647,0,0,1,1,2,2,3,3,4,4,5,5],"right_children":[2,4,6,8,10,12,-1,-1,-1,-1,-1,-1,-1],"split_conditions":[3.911E3,3.684E3,1.083E4,2.462E3,3.69E3,3.915E3,-5.554083E-1,2.7562207E-2,-2.853272E-1,6.276966E-1,2.2094326E-1,-6.7970747E-1,-1.753325E-1],"split_indices":[0,0,0,0,0,0,0,0,0,0,0,0,0],"split_type":[0,0,0,0,0,0,0,0,0,0,0,0,0],"sum_hessian":[7.24E2,6.49E2,7.5E1,6.44E2,5E0,7E1,5E0,6.33E2,1.1E1,1E0,4E0,2E0,6.8E1],"tree_param":{"num_deleted":"0","num_feature":"1","num_nodes":"13","size_leaf_vector":"1"}},{"base_weights":[-4.5383144E-3,4.810868E-2,-6.868371E-1,3.704382E-2,7.531801E-1,-4.6418124E-1,-1.0198773E0,2.2527872E-2,-1.1244096E-1,-2.1925917E-1,7.3387986E-1,-4.818429E-1,-1.4855649E-1],"categories":[],"categories_nodes":[],"categories_segments":[],"categories_sizes":[],"default_left":[0,0,0,0,0,0,0,0,0,0,0,0,0],"id":5,"left_children":[1,3,5,7,-1,9,11,-1,-1,-1,-1,-1,-1],"loss_changes":[2.6075752E1,1.827155E1,3.3825645E0,1.0558655E1,0E0,2.7401354E1,5.3568E0,0E0,0E0,0E0,0E0,0E0,0E0],"parents":[2147483647,0,0,1,1,2,2,3,3,5,5,6,6],"right_children":[2,4,6,8,-1,10,12,-1,-1,-1,-1,-1,-1],"split_conditions":[4.801E3,4.702E3,6.605E3,4.47E2,7.531801E-1,6.475E3,7.932E3,2.2527872E-2,-1.1244096E-1,-2.1925917E-1,7.3387986E-1,-4.818429E-1,-1.4855649E-1],"split_indices":[0,0,0,0,0,0,0,0,0,0,0,0,0],"split_type":[0,0,0,0,0,0,0,0,0,0,0,0,0],"sum_hessian":[7.24E2,6.73E2,5.1E1,6.71E2,2E0,3.2E1,1.9E1,6.15E2,5.6E1,3E1,2E0,8E0,1.1E1],"tree_param":{"num_deleted":"0","num_feature":"1","num_nodes":"13","size_leaf_vector":"1"}},{"base_weights":[-2.4214971E-3,3.004555E-2,-6.0694516E-1,2.3995254E-2,1.0601599E0,-1.105839E0,-4.1901973E-1,1.3315769E-2,-1.0046016E-1,6.8110716E-1,-3.0007457E-2,-7.254553E-2,-3.7941697E-1],"categories":[],"categories_nodes":[],"categories_segments":[],"categories_sizes":[],"default_left":[0,0,0,0,0,0,0,0,0,0,0,0,0],"id":6,"left_children":[1,3,5,7,9,-1,11,-1,-1,-1,-1,-1,-1],"loss_changes":[1.4247881E1,4.2687516E0,1.9865747E1,5.0346236E0,5.843302E0,0E0,5.089118E0,0E0,0E0,0E0,0E0,0E0,0E0],"parents":[2147483647,0,0,1,1,2,2,3,3,4,4,6,6],"right_children":[2,4,6,8,10,-1,12,-1,-1,-1,-1,-1,-1],"split_conditions":[5.135E3,5.028E3,5.263E3,3.911E3,5.03E3,-1.105839E0,1.083E4,1.3315769E-2,-1.0046016E-1,6.8110716E-1,-3.0007457E-2,-7.254553E-2,-3.7941697E-1],"split_indices":[0,0,0,0,0,0,0,0,0,0,0,0,0],"split_type":[0,0,0,0,0,0,0,0,0,0,0,0,0],"sum_hessian":[7.24E2,6.88E2,3.6E1,6.85E2,3E0,1E0,3.5E1,6.49E2,3.6E1,1E0,2E0,3E1,5E0],"tree_param":{"num_deleted":"0","num_feature":"1","num_nodes":"13","size_leaf_vector":"1"}},{"base_weights":[-3.0662033E-3,2.1850048E-2,-4.6696433E-1,1.6669294E-2,9.0488684E-1,-9.399631E-1,-3.0586833E-1,1.1999117E-2,-5.3930376E-2,5.789411E-1,-2.4005987E-2,1.7376997E-2,-1.7993934E-1],"categories":[],"categories_nodes":[],"categories_segments":[],"categories_sizes":[],"default_left":[0,0,0,0,0,0,0,0,0,0,0,0,0],"id":7,"left_children":[1,3,5,7,9,-1,11,-1,-1,-1,-1,-1,-1],"loss_changes":[8.390189E0,3.1369507E0,1.49339485E1,3.1507442E0,4.192213E0,0E0,3.8841898E0,0E0,0E0,0E0,0E0,0E0,0E0],"parents":[2147483647,0,0,1,1,2,2,3,3,4,4,6,6],"right_children":[2,4,6,8,10,-1,12,-1,-1,-1,-1,-1,-1],"split_conditions":[5.135E3,5.028E3,5.263E3,2.24E2,5.03E3,-9.399631E-1,6.605E3,1.1999117E-2,-5.3930376E-2,5.789411E-1,-2.4005987E-2,1.7376997E-2,-1.7993934E-1],