{"learner":{"attributes":{"scikit_learn":"{\"_estimator_type\": \"regressor\"}"},"feature_names":[],"feature_types":[],"gradient_booster":{"model":{"gbtree_model_param":{"num_parallel_tree":"1","num_trees":"10"},"iteration_indptr":[0,1,2,3,4,5,6,7,8,9,10],"tree_info":[0,0,0,0,0,0,0,0,0,0],"trees":[{"base_weights":[-2.0203342E-7,-9.0346956E-1,3.2075222E0,-1.4736559E0,-1.115186E-1,2.0637295E0,3.7841346E0,-1.8706521E0,-1.1127632E0,-4.5146772E-1,5.5807E-1,-5.699568E-1,2.159135E0,3.1167758E0,4.2048745E0,-5.6727535E-1,4.9121037E-1,-3.5778064E-1,-2.5088274E-1,-1.79627E-1,-5.2571356E-2,8.552247E-2,2.804372E-1,3.084077E-1,-3.285475E-1,5.9256935E-1,8.551437E-1,5.5452578E-2,9.659512E-1,1.1655216E0,1.3658308E0],"categories":[],"categories_nodes":[],"categories_segments":[],"categories_sizes":[],"default_left":[0,0,0,0,0,0,0,0,0,0,0,0,0,0,0,0,0,0,0,0,0,0,0,0,0,0,0,0,0,0,0],"id":0,"left_children":[1,3,5,7,9,11,13,15,17,19,21,23,25,27,29,-1,-1,-1,-1,-1,-1,-1,-1,-1,-1,-1,-1,-1,-1,-1,-1],"loss_changes":[5.7755107E3,7.0201086E2,2.810625E2,1.27437256E2,1.4866414E2,3.8669495E1,6.832178E1,3.3594727E1,9.510071E0,1.7511948E1,2.235894E1,6.1614285E0,1.26779175E1,3.445642E1,1.7824707E0,0E0,0E0,0E0,0E0,0E0,0E0,0E0,0E0,0E0,0E0,0E0,0E0,0E0,0E0,0E0,0E0],"parents":[2147483647,0,0,1,1,2,2,3,3,4,4,5,5,6,6,7,7,8,8,9,9,10,10,11,11,12,12,13,13,14,14],"right_children":[2,4,6,8,10,12,14,16,18,20,22,24,26,28,30,-1,-1,-1,-1,-1,-1,-1,-1,-1,-1,-1,-1,-1,-1,-1,-1],"split_conditions":[3.39E1,2.1E1,5.73E1,2.03E1,2.19E1,2.07E1,2.54E1,3.2E1,2.08E1,2.15E1,2.26E1,3.45E1,1.5E1,2.21E1,2.62E1,-5.6727535E-1,4.9121037E-1,-3.5778064E-1,-2.5088274E-1,-1.79627E-1,-5.2571356E-2,8.552247E-2,2.804372E-1,3.084077E-1,-3.285475E-1,5.9256935E-1,8.551437E-1,5.5452578E-2,9.659512E-1,1.1655216E0,1.3658308E0],"split_indices":[3,6,3,6,6,0,6,0,6,6,6,3,1,0,6,0,0,0,0,0,0,0,0,0,0,0,0,0,0,0,0],"split_type":[0,0,0,0,0,0,0,0,0,0,0,0,0,0,0,0,0,0,0,0,0,0,0,0,0,0,0,0,0,0,0],"sum_hessian":[1.991E3,1.554E3,4.37E2,9.03E2,6.51E2,1.48E2,2.89E2,4.28E2,4.75E2,4.32E2,2.19E2,5E0,1.43E2,1.15E2,1.74E2,4.26E2,2E0,3.66E2,1.09E2,2.81E2,1.51E2,1.28E2,9.1E1,1E0,4E0,1.16E2,2.7E1,4E0,1.11E2,9.7E1,7.7E1],"tree_param":{"num_deleted":"0","num_feature":"7","num_nodes":"31","size_leaf_vector":"1"}},{"base_weights":[2.2235299E-3,-6.1218244E-1,2.3455684E0,-9.556245E-1,5.7902854E-2,1.7499847E0,2.7492568E0,-1.3923129E0,-7.554118E-1,-1.708031E-1,5.306666E-1,-1.6797471E-1,1.8333817E0,1.8887503E0,2.9079473E0,-4.2692548E-1,4.344874E-1,-2.2978364E-1,3.9489743E-1,-5.59707E-2,2.9765865E-1,1.1617371E-1,2.5873953E-1,-1.3473588E-1,6.7635015E-2,7.1566033E-1,4.807796E-1,9.186696E-1,4.6712568E-1,8.208174E-1,1.0327822E0],"categories":[],"categories_nodes":[],"categories_segments":[],"categories_sizes":[],"default_left":[0,0,0,0,0,0,0,0,0,0,0,0,0,0,0,0,0,0,0,0,0,0,0,0,0,0,0,0,0,0,0],"id":1,"left_children":[1,3,5,7,9,11,13,15,17,19,21,23,25,27,29,-1,-1,-1,-1,-1,-1,-1,-1,-1,-1,-1,-1,-1,-1,-1,-1],"loss_changes":[2.8694482E3,3.6343927E2,9.472681E1,9.022577E1,5.8045036E1,2.7499756E1,2.7963257E1,3.0644348E1,1.6677032E1,6.8226395E0,7.9937096E0,9.8612875E-1,1.6947632E1,1.1189148E1,9.420776E0,0E0,0E0,0E0,0E0,0E0,0E0,0E0,0E0,0E0,0E0,0E0,0E0,0E0,0E0,0E0,0E0],"parents":[2147483647,0,0,1,1,2,2,3,3,4,4,5,5,6,6,7,7,8,8,9,9,10,10,11,11,12,12,13,13,14,14],"right_children":[2,4,6,8,10,12,14,16,18,20,22,24,26,28,30,-1,-1,-1,-1,-1,-1,-1,-1,-1,-1,-1,-1,-1,-1,-1,-1],"split_conditions":[3.6E1,2.12E1,2.51E1,2.01E1,2.22E1,2.21E1,6.28E1,3.02E1,3.39E1,3.28E1,2.31E1,2.17E1,2.31E1,3.3333333E0,2.65E1,-4.2692548E-1,4.344874E-1,-2.2978364E-1,3.9489743E-1,-5.59707E-2,2.9765865E-1,1.1617371E-1,2.5873953E-1,-1.3473588E-1,6.7635015E-2,7.1566033E-1,4.807796E-1,9.186696E-1,4.6712568E-1,8.208174E-1,1.0327822E0],"split_indices":[3,6,6,6,6,0,3,0,3,3,6,6,6,1,6,0,0,0,0,0,0,0,0,0,0,0,0,0,0,0,0],"split_type":[0,0,0,0,0,0,0,0,0,0,0,0,0,0,0,0,0,0,0,0,0,0,0,0,0,0,0,0,0,0,0],"sum_hessian":[1.991E3,1.578E3,4.13E2,1.043E3,5.35E2,1.69E2,2.44E2,3.26E2,7.17E2,3.61E2,1.74E2,7E0,1.62E2,4E1,2.04E2,3.23E2,3E0,7.14E2,3E0,3.57E2,4E0,1.23E2,5.1E1,4E0,3E0,4.5E1,1.17E2,7E0,3.3E1,1.59E2,4.5E1],"tree_param":{"num_deleted":"0","num_feature":"7","num_nodes":"31","size_leaf_vector":"1"}},{"base_weights":[4.146118E-3,-4.2802748E-1,1.6524503E0,-7.754022E-1,-7.209863E-2,1.0515181E0,1.9057747E0,-1.1280434E0,-6.8533856E-1,-2.5437456E-1,2.586178E-1,-2.1143109E-1,1.1396806E0,1.636058E0,2.1642084E0,-3.6619157E-1,-6.378315E-2,-2.0719625E-1,4.0590164E-1,-8.1629135E-2,7.177541E-2,2.159282E-2,1.2879507E-1,-2.0815137E-1,5.471735E-1,5.6130713E-1,2.7304947E-1,3.8053896E-2,5.033033E-1,4.9505457E-1,6.658757E-1],"categories":[],"categories_nodes":[],"categories_segments":[],"categories_sizes":[],"default_left":[0,0,0,0,0,0,0,0,0,0,0,0,0,0,0,0,0,0,0,0,0,0,0,0,0,0,0,0,0,0,0],"id":2,"left_children":[1,3,5,7,9,11,13,15,17,19,21,23,25,27,29,-1,-1,-1,-1,-1,-1,-1,-1,-1,-1,-1,-1,-1,-1,-1,-1],"loss_changes":[1.4197155E3,1.9517276E2,6.1019653E1,2.4603241E1,4.714575E1,1.4159073E1,1.667334E1,1.3387573E1,7.8580627E0,4.474251E0,8.826063E0,1.0102268E1,1.793608E1,8.957886E0,4.647827E-1,0E0,0E0,0E0,0E0,0E0,0E0,0E0,0E0,0E0,0E0,0E0,0E0,0E0,0E0,0E0,0E0],"parents":[2147483647,0,0,1,1,2,2,3,3,4,4,5,5,6,6,7,7,8,8,9,9,10,10,11,11,12,12,13,13,14,14],"right_children":[2,4,6,8,10,12,14,16,18,20,22,24,26,28,30,-1,-1,-1,-1,-1,-1,-1,-1,-1,-1,-1,-1,-1,-1,-1,-1],"split_conditions":[3.6E1,2.08E1,5.73E1,1.97E1,2.18E1,2.33E1,2.57E1,2.73E1,3.39E1,3.08E1,2.24E1,9.444445E0,2.24E1,2.21E1,6.36E1,-3.6619157E-1,-6.378315E-2,-2.0719625E-1,4.0590164E-1,-8.1629135E-2,7.177541E-2,2.159282E-2,1.2879507E-1,-2.0815137E-1,5.471735E-1,5.6130713E-1,2.7304947E-1,3.8053896E-2,5.033033E-1,4.9505457E-1,6.658757E-1],"split_indices":[3,6,3,6,6,0,6,3,3,3,6,1,6,0,3,0,0,0,0,0,0,0,0,0,0,0,0,0,0,0,0],"split_type":[0,0,0,0,0,0,0,0,0,0,0,0,0,0,0,0,0,0,0,0,0,0,0,0,0,0,0,0,0,0,0],"sum_hessian":[1.991E3,1.578E3,4.13E2,7.98E2,7.8E2,1.24E2,2.89E2,1.6E2,6.38E2,5.03E2,2.77E2,8E0,1.16E2,1.45E2,1.44E2,1.45E2,1.5E1,6.37E2,1E0,4.86E2,1.7E1,1.33E2,1.44E2,7E0,1E0,2.6E1,9E1,4E0,1.41E2,1.7E1,1.27E2],"tree_param":{"num_deleted":"0","num_feature":"7","num_nodes":"31","size_leaf_vector":"1"}},{"base_weights":[4.3004164E-3,-2.934962E-1,1.1939833E0,-6.0321826E-1,-9.099009E-2,9.726881E-1,1.4716831E0,-6.215156E-1,5.933666E-1,-2.3654585E-1,1.5212226E-1,9.014409E-1,1.7419505E0,1.341041E0,1.6881592E0,-2.3713958E-1,-1.5785842E-1,-2.4370366E-1,2.5194526E-1,-7.570395E-2,9.716542E-2,2.4704581E-2,1.09566554E-1,1.5574574E-1,3.2747802E-1,6.675674E-1,1.211792E-2,4.2952865E-1,3.3657622E-1,3.7561867E-1,5.4752505E-1],"categories":[],"categories_nodes":[],"categories_segments":[],"categories_sizes":[],"default_left":[0,0,0,0,0,0,0,0,0,0,0,0,0,0,0,0,0,0,0,0,0,0,0,0,0,0,0,0,0,0,0],"id":3,"left_children":[1,3,5,7,9,11,13,15,17,19,21,23,25,27,29,-1,-1,-1,-1,-1,-1,-1,-1,-1,-1,-1,-1,-1,-1,-1,-1],"loss_changes":[7.0608325E2,9.992177E1,2.3088501E1,1.416217E1,3.418387E1,1.0761475E1,2.6853027E0,9.584915E0,4.1466117E0,5.4302444E0,5.3524065E0,1.4553452E1,1.4711849E1,6.5986633E-1,1.417038E0,0E0,0E0,0E0,0E0,0E0,0E0,0E0,0E0,0E0,0E0,0E0,0E0,0E0,0E0,0E0,0E0],"parents":[2147483647,0,0,1,1,2,2,3,3,4,4,5,5,6,6,7,7,8,8,9,9,10,10,11,11,12,12,13,13,14,14],"right_children":[2,4,6,8,10,12,14,16,18,20,22,24,26,28,30,-1,-1,-1,-1,-1,-1,-1,-1,-1,-1,-1,-1,-1,-1,-1,-1],"split_conditions":[3.8E1,2.06E1,2.56E1,3.34E1,2.16E1,1.4444445E1,2.65E1,1.99E1,2.01E1,3.12E1,2.29E1,5.59E1,5.42E1,7.5E0,6.34E1,-2.3713958E-1,-1.5785842E-1,-2.4370366E-1,2.5194526E-1,-7.570395E-2,9.716542E-2,2.4704581E-2,1.09566554E-1,1.5574574E-1,3.2747802E-1,6.675674E-1,1.211792E-2,4.2952865E-1,3.3657622E-1,3.7561867E-1,5.4752505E-1],"split_indices":[3,6,6,3,6,4,6,6,0,3,6,0,0,4,3,0,0,0,0,0,0,0,0,0,0,0,0,0,0,0,0],"split_type":[0,0,0,0,0,0,0,0,0,0,0,0,0,0,0,0,0,0,0,0,0,0,0,0,0,0,0,0,0,0,0],"sum_hessian":[1.991E3,1.593E3,3.98E2,6.29E2,9.64E2,2.24E2,1.74E2,6.2E2,9E0,6.03E2,3.61E2,2.07E2,1.7E1,1.13E2,6.1E1,2.21E2,3.99E2,1E0,8E0,5.87E2,1.6E1,2.73E2,8.8E1,7E1,1.37E2,1.3E1,4E0,7.6E1,3.7E1,1.7E1,4.4E1],