{"learner":{"attributes":{"scikit_learn":"{\"_estimator_type\": \"regressor\"}"},"feature_names":[],"feature_types":[],"gradient_booster":{"model":{"gbtree_model_param":{"num_parallel_tree":"1","num_trees":"10"},"iteration_indptr":[0,1,2,3,4,5,6,7,8,9,10],"tree_info":[0,0,0,0,0,0,0,0,0,0],"trees":[{"base_weights":[-1.9983028E-7,8.571625E-1,-3.0971155E0,1.8398237E-1,2.034171E0,-1.894685E0,-4.3844576E0,1.1488241E0,2.4415236E-2,-4.0271878E-1,-7.4016E-1,-1.1243871E0,-1.4796771E0],"categories":[],"categories_nodes":[],"categories_segments":[],"categories_sizes":[],"default_left":[0,0,0,0,0,0,0,0,0,0,0,0,0],"id":0,"left_children":[1,3,5,-1,7,9,11,-1,-1,-1,-1,-1,-1],"loss_changes":[1.1303848E4,9.560913E2,1.4204404E3,0E0,2.0049636E3,1.4814478E2,1.366748E2,0E0,0E0,0E0,0E0,0E0,0E0],"parents":[2147483647,0,0,1,1,2,2,4,4,5,5,6,6],"right_children":[2,4,6,-1,8,10,12,-1,-1,-1,-1,-1,-1],"split_conditions":[2.46E3,2.23E2,4.473E3,1.8398237E-1,1.007E3,3.47E3,5.709E3,1.1488241E0,2.4415236E-2,-4.0271878E-1,-7.4016E-1,-1.1243871E0,-1.4796771E0],"split_indices":[0,0,0,0,0,0,0,0,0,0,0,0,0],"split_type":[0,0,0,0,0,0,0,0,0,0,0,0,0],"sum_hessian":[4.256E3,3.334E3,9.22E2,2.763E3,5.71E2,4.78E2,4.44E2,2.97E2,2.74E2,2.45E2,2.33E2,2.09E2,2.35E2],"tree_param":{"num_deleted":"0","num_feature":"1","num_nodes":"13","size_leaf_vector":"1"}},{"base_weights":[-5.6176377E-4,5.403001E-1,-2.4160404E0,6.2751865E-1,-7.002578E-1,-1.5659188E0,-3.1204572E0,1.288075E-1,5.2458E-1,-2.6135525E-1,3.3884472E-1,-3.2019287E-1,-5.279948E-1,-8.984246E-1,-1.3712188E0],"categories":[],"categories_nodes":[],"categories_segments":[],"categories_sizes":[],"default_left":[0,0,0,0,0,0,0,0,0,0,0,0,0,0,0],"id":1,"left_children":[1,3,5,7,9,11,13,-1,-1,-1,-1,-1,-1,-1,-1],"loss_changes":[5.562822E3,3.7686597E2,4.6160986E2,7.2147144E2,7.260393E1,3.2472046E1,6.3793945E1,0E0,0E0,0E0,0E0,0E0,0E0,0E0,0E0],"parents":[2147483647,0,0,1,1,2,2,3,3,4,4,5,5,6,6],"right_children":[2,4,6,8,10,12,14,-1,-1,-1,-1,-1,-1,-1,-1],"split_conditions":[3.131E3,2.016E3,4.479E3,2.23E2,3.02E3,3.47E3,8.619E3,1.288075E-1,5.2458E-1,-2.6135525E-1,3.3884472E-1,-3.2019287E-1,-5.279948E-1,-8.984246E-1,-1.3712188E0],"split_indices":[0,0,0,0,0,0,0,0,0,0,0,0,0,0,0],"split_type":[0,0,0,0,0,0,0,0,0,0,0,0,0,0,0],"sum_hessian":[4.256E3,3.478E3,7.78E2,3.25E3,2.28E2,3.54E2,4.24E2,2.763E3,4.87E2,2.09E2,1.9E1,1.01E2,2.53E2,3.93E2,3.1E1],"tree_param":{"num_deleted":"0","num_feature":"1","num_nodes":"15","size_leaf_vector":"1"}},{"base_weights":[-9.5367763E-4,4.2368555E-1,-1.5352666E0,9.017935E-2,1.0177253E0,-8.7575656E-1,-2.121355E0,6.4848757E-1,-6.766411E-2,-9.777215E-1,-2.4536708E-1,-5.273351E-1,-7.506382E-1],"categories":[],"categories_nodes":[],"categories_segments":[],"categories_sizes":[],"default_left":[0,0,0,0,0,0,0,0,0,0,0,0,0],"id":2,"left_children":[1,3,5,-1,7,9,11,-1,-1,-1,-1,-1,-1],"loss_changes":[2.7742114E3,2.4354596E2,3.549104E2,0E0,8.13974E2,5.7464783E1,6.3159424E1,0E0,0E0,0E0,0E0,0E0,0E0],"parents":[2147483647,0,0,1,1,2,2,4,4,5,5,6,6],"right_children":[2,4,6,-1,8,10,12,-1,-1,-1,-1,-1,-1],"split_conditions":[2.46E3,2.23E2,4.253E3,9.017935E-2,1.007E3,2.462E3,5.709E3,6.4848757E-1,-6.766411E-2,-9.777215E-1,-2.4536708E-1,-5.273351E-1,-7.506382E-1],"split_indices":[0,0,0,0,0,0,0,0,0,0,0,0,0],"split_type":[0,0,0,0,0,0,0,0,0,0,0,0,0],"sum_hessian":[4.256E3,3.334E3,9.22E2,2.763E3,5.71E2,4.35E2,4.87E2,2.97E2,2.74E2,9E0,4.26E2,2.52E2,2.35E2],"tree_param":{"num_deleted":"0","num_feature":"1","num_nodes":"13","size_leaf_vector":"1"}},{"base_weights":[-1.0975624E-3,2.6881924E-1,-1.2065398E0,3.3755308E-1,-2.3395656E-1,-8.4142476E-1,-1.6078658E0,6.3590586E-2,4.70872E-1,-4.2710292E-1,3.8657602E-2,-2.7384144E-1,1.0339126E-1,-1.0539742E0,-4.5523807E-1],"categories":[],"categories_nodes":[],"categories_segments":[],"categories_sizes":[],"default_left":[0,0,0,0,0,0,0,0,0,0,0,0,0,0,0],"id":3,"left_children":[1,3,5,7,9,11,13,-1,-1,-1,-1,-1,-1,-1,-1],"loss_changes":[1.3854207E3,1.2030522E2,1.1279419E2,4.7327322E2,1.8104414E2,3.5025635E1,5.840387E1,0E0,0E0,0E0,0E0,0E0,0E0,0E0,0E0],"parents":[2147483647,0,0,1,1,2,2,3,3,4,4,5,5,6,6],"right_children":[2,4,6,8,10,12,14,-1,-1,-1,-1,-1,-1,-1,-1],"split_conditions":[3.131E3,1.007E3,4.704E3,2.24E2,1.567E3,4.698E3,4.815E3,6.3590586E-2,4.70872E-1,-4.2710292E-1,3.8657602E-2,-2.7384144E-1,1.0339126E-1,-1.0539742E0,-4.5523807E-1],"split_indices":[0,0,0,0,0,0,0,0,0,0,0,0,0,0,0],"split_type":[0,0,0,0,0,0,0,0,0,0,0,0,0,0,0],"sum_hessian":[4.256E3,3.478E3,7.78E2,3.06E3,4.18E2,4.09E2,3.69E2,2.778E3,2.82E2,9.7E1,3.21E2,3.86E2,2.3E1,1.5E1,3.54E2],"tree_param":{"num_deleted":"0","num_feature":"1","num_nodes":"15","size_leaf_vector":"1"}},{"base_weights":[-1.1288335E-3,2.2043312E-1,-7.622853E-1,4.4064905E-2,6.0000706E-1,-4.052891E-1,-1.0548357E0,4.4549268E-1,2.1436313E-2,-2.6376677E-1,-9.018161E-2,-2.960837E-1,-6.222508E-1],"categories":[],"categories_nodes":[],"categories_segments":[],"categories_sizes":[],"default_left":[0,0,0,0,0,0,0,0,0,0,0,0,0],"id":4,"left_children":[1,3,5,-1,7,9,11,-1,-1,-1,-1,-1,-1],"loss_changes":[7.1808264E2,9.198445E1,9.983423E1,0E0,2.501415E2,2.1267792E1,3.442273E1,0E0,0E0,0E0,0E0,0E0,0E0],"parents":[2147483647,0,0,1,1,2,2,4,4,5,5,6,6],"right_children":[2,4,6,-1,8,10,12,-1,-1,-1,-1,-1,-1],"split_conditions":[2.24E3,2.23E2,4.031E3,4.4064905E-2,5.6E2,2.574E3,8.619E3,4.4549268E-1,2.1436313E-2,-2.6376677E-1,-9.018161E-2,-2.960837E-1,-6.222508E-1],"split_indices":[0,0,0,0,0,0,0,0,0,0,0,0,0],"split_type":[0,0,0,0,0,0,0,0,0,0,0,0,0],"sum_hessian":[4.256E3,3.297E3,9.59E2,2.763E3,5.34E2,4.33E2,5.26E2,1.99E2,3.35E2,7.7E1,3.56E2,4.95E2,3.1E1],"tree_param":{"num_deleted":"0","num_feature":"1","num_nodes":"13","size_leaf_vector":"1"}},{"base_weights":[-9.687925E-4,1.2623662E-1,-6.7264193E-1,1.1631448E-1,1.3625789E0,-5.160741E-1,-9.63688E-1,4.5614775E-2,-1.1484425E-1,-7.2436327E-1,-1.4268273E-1,-4.7586226E-1,-2.2416599E-1],"categories":[],"categories_nodes":[],"categories_segments":[],"categories_sizes":[],"default_left":[0,0,0,0,0,0,0,0,0,0,0,0,0],"id":5,"left_children":[1,3,5,7,-1,9,11,-1,-1,-1,-1,-1,-1],"loss_changes":[3.6380493E2,1.5632254E2,3.039804E1,6.3787094E1,0E0,3.288363E1,3.061708E1,0E0,0E0,0E0,0E0,0E0,0E0],"parents":[2147483647,0,0,1,1,2,2,3,3,5,5,6,6],"right_children":[2,4,6,8,-1,10,12,-1,-1,-1,-1,-1,-1],"split_conditions":[3.47E3,3.468E3,5.709E3,2.46E3,1.3625789E0,3.471E3,6.153E3,4.5614775E-2,-1.1484425E-1,-7.2436327E-1,-1.4268273E-1,-4.7586226E-1,-2.2416599E-1],"split_indices":[0,0,0,0,0,0,0,0,0,0,0,0,0],"split_type":[0,0,0,0,0,0,0,0,0,0,0,0,0],"sum_hessian":[4.256E3,3.579E3,6.77E2,3.572E3,7E0,4.42E2,2.35E2,3.334E3,2.38E2,8E0,4.34E2,5.9E1,1.76E2],"tree_param":{"num_deleted":"0","num_feature":"1","num_nodes":"13","size_leaf_vector":"1"}},{"base_weights":[-7.4278953E-4,8.872652E-2,-4.7316077E-1,8.140038E-2,1.0049018E0,-4.3379986E-1,-1.2542028E0,3.6431395E-2,-4.7297128E-2,-2.8596818E-1,-1.1401779E-1,-3.9139137E-1,4.639224E-2],"categories":[],"categories_nodes":[],"categories_segments":[],"categories_sizes":[],"default_left":[0,0,0,0,0,0,0,0,0,0,0,0,0],"id":6,"left_children":[1,3,5,7,-1,9,11,-1,-1,-1,-1,-1,-1],"loss_changes":[1.7997223E2,8.525404E1,2.0299362E1,3.4217354E1,0E0,1.769828E1,2.4755135E0,0E0,0E0,0E0,0E0,0E0,0E0],"parents":[2147483647,0,0,1,1,2,2,3,3,5,5,6,6],"right_children":[2,4,6,8,-1,10,12,-1,-1,-1,-1,-1,-1],"split_conditions":[3.47E3,3.468E3,8.619E3,1.007E3,1.0049018E0,3.695E3,6.788E4,3.6431395E-2,-4.7297128E-2,-2.8596818E-1,-1.1401779E-1,-3.9139137E-1,4.639224E-2],"split_indices":[0,0,0,0,0,0,0,0,0,0,0,0,0],"split_type":[0,0,0,0,0,0,0,0,0,0,0,0,0],"sum_hessian":[4.256E3,3.579E3,6.77E2,3.572E3,7E0,6.46E2,3.1E1,3.06E3,5.12E2,5.9E1,5.87E2,3E1,1E0],"tree_param":{"num_deleted":"0","num_feature":"1","num_nodes":"13","size_leaf_vector":"1"}},{"base_weights":[-4.613614E-4,5.6526206E-2,-4.0391517E-1,2.0168055E-2,1.6248924E-1,-1.6655879E0,-3.5859355E-1,6.245281E-3,-2.7990434E-2,3.1379616E-1,-1.5080123E-2,-3.0033952E-1,-7.7001446E-1,2.7355883E-1,-1.2532103E-1],"categories":[],"categories_nodes":[],