{"learner":{"attributes":{"scikit_learn":"{\"_estimator_type\": \"regressor\"}"},"feature_names":[],"feature_types":[],"gradient_booster":{"model":{"gbtree_model_param":{"num_parallel_tree":"1","num_trees":"10"},"iteration_indptr":[0,1,2,3,4,5,6,7,8,9,10],"tree_info":[0,0,0,0,0,0,0,0,0,0],"trees":[{"base_weights":[-5.506273E-7,-9.735819E-1,3.0920417E0,-1.6012747E0,-1.09276004E-1,2.0161042E0,3.824675E0,-6.0841584E-1,-3.6446166E-1,-1.3368154E-1,1.8618067E-1,4.2934197E-1,6.970789E-1,9.864007E-1,1.2852585E0],"categories":[],"categories_nodes":[],"categories_segments":[],"categories_sizes":[],"default_left":[0,0,0,0,0,0,0,0,0,0,0,0,0,0,0],"id":0,"left_children":[1,3,5,7,9,11,13,-1,-1,-1,-1,-1,-1,-1,-1],"loss_changes":[5.6444155E3,7.7345654E2,3.462207E2,1.3375049E2,1.4780959E2,2.9771118E1,5.151245E1,0E0,0E0,0E0,0E0,0E0,0E0,0E0,0E0],"parents":[2147483647,0,0,1,1,2,2,3,3,4,4,5,5,6,6],"right_children":[2,4,6,8,10,12,14,-1,-1,-1,-1,-1,-1,-1,-1],"split_conditions":[3.39E1,2.1E1,6.25E1,2.02E1,2.21E1,4.05E1,2.56E1,-6.0841584E-1,-3.6446166E-1,-1.3368154E-1,1.8618067E-1,4.2934197E-1,6.970789E-1,9.864007E-1,1.2852585E0],"split_indices":[1,4,1,4,4,1,4,0,0,0,0,0,0,0,0],"split_type":[0,0,0,0,0,0,0,0,0,0,0,0,0,0,0],"sum_hessian":[1.873E3,1.425E3,4.48E2,8.25E2,6E2,1.83E2,2.65E2,3.9E2,4.35E2,4.11E2,1.89E2,6.5E1,1.18E2,1.26E2,1.39E2],"tree_param":{"num_deleted":"0","num_feature":"5","num_nodes":"15","size_leaf_vector":"1"}},{"base_weights":[1.32193E-3,-6.8215245E-1,2.171997E0,-1.027504E0,1.3915978E-1,1.4173948E0,2.6858125E0,-4.2025825E-1,-2.2223137E-1,-1.3596853E-2,2.1605456E-1,3.7313855E-1,6.092812E-1,7.3976195E-1,9.834053E-1],"categories":[],"categories_nodes":[],"categories_segments":[],"categories_sizes":[],"default_left":[0,0,0,0,0,0,0,0,0,0,0,0,0,0,0],"id":1,"left_children":[1,3,5,7,9,11,13,-1,-1,-1,-1,-1,-1,-1,-1],"loss_changes":[2.78175E3,4.0461566E2,1.7028198E2,1.0644409E2,4.537336E1,1.70719E1,2.656311E1,0E0,0E0,0E0,0E0,0E0,0E0,0E0,0E0],"parents":[2147483647,0,0,1,1,2,2,3,3,4,4,5,5,6,6],"right_children":[2,4,6,8,10,12,14,-1,-1,-1,-1,-1,-1,-1,-1],"split_conditions":[3.39E1,2.14E1,6.25E1,2.03E1,2.26E1,2.5E1,2.62E1,-4.2025825E-1,-2.2223137E-1,-1.3596853E-2,2.1605456E-1,3.7313855E-1,6.092812E-1,7.3976195E-1,9.834053E-1],"split_indices":[1,4,1,4,4,4,4,0,0,0,0,0,0,0,0],"split_type":[0,0,0,0,0,0,0,0,0,0,0,0,0,0,0],"sum_hessian":[1.873E3,1.425E3,4.48E2,1.003E3,4.22E2,1.83E2,2.65E2,4.34E2,5.69E2,3.21E2,1.01E2,1.45E2,3.8E1,1.97E2,6.8E1],"tree_param":{"num_deleted":"0","num_feature":"5","num_nodes":"15","size_leaf_vector":"1"}},{"base_weights":[2.1341236E-3,-4.592366E-1,1.600449E0,-8.894069E-1,-1.0787671E-1,1.0998466E0,1.9432062E0,-3.6673406E-1,-2.3069024E-1,-9.567466E-2,7.61889E-2,2.932241E-1,6.497562E-1,4.9246192E-1,6.3593596E-1],"categories":[],"categories_nodes":[],"categories_segments":[],"categories_sizes":[],"default_left":[0,0,0,0,0,0,0,0,0,0,0,0,0,0,0],"id":2,"left_children":[1,3,5,7,9,11,13,-1,-1,-1,-1,-1,-1,-1,-1],"loss_changes":[1.382652E3,2.1981943E2,6.992847E1,2.5292664E1,6.1323494E1,2.0462067E1,9.730835E0,0E0,0E0,0E0,0E0,0E0,0E0,0E0,0E0],"parents":[2147483647,0,0,1,1,2,2,3,3,4,4,5,5,6,6],"right_children":[2,4,6,8,10,12,14,-1,-1,-1,-1,-1,-1,-1,-1],"split_conditions":[3.62E1,2.07E1,2.51E1,1.97E1,2.18E1,5.28E2,6.51E1,-3.6673406E-1,-2.3069024E-1,-9.567466E-2,7.61889E-2,2.932241E-1,6.497562E-1,4.9246192E-1,6.3593596E-1],"split_indices":[1,4,4,4,4,0,1,0,0,0,0,0,0,0,0],"split_type":[0,0,0,0,0,0,0,0,0,0,0,0,0,0,0],"sum_hessian":[1.873E3,1.454E3,4.19E2,6.53E2,8.01E2,1.72E2,2.47E2,1.71E2,4.82E2,5.06E2,2.95E2,1.56E2,1.6E1,9.5E1,1.52E2],"tree_param":{"num_deleted":"0","num_feature":"5","num_nodes":"15","size_leaf_vector":"1"}},{"base_weights":[2.2697602E-3,-3.4569016E-1,1.060393E0,-6.0932916E-1,-5.5682894E-2,5.6432015E-1,1.3002608E0,-2.3954761E-1,-1.4498045E-1,-4.3370325E-2,1.18694745E-1,6.0968685E-1,1.5642366E-1,3.2665515E-1,4.6666488E-1],"categories":[],"categories_nodes":[],"categories_segments":[],"categories_sizes":[],"default_left":[0,0,0,0,0,0,0,0,0,0,0,0,0,0,0],"id":3,"left_children":[1,3,5,7,9,11,13,-1,-1,-1,-1,-1,-1,-1,-1],"loss_changes":[6.903443E2,1.078472E2,5.4478455E1,1.723639E1,2.7055656E1,8.577442E0,1.5145081E1,0E0,0E0,0E0,0E0,0E0,0E0,0E0,0E0],"parents":[2147483647,0,0,1,1,2,2,3,3,4,4,5,5,6,6],"right_children":[2,4,6,8,10,12,14,-1,-1,-1,-1,-1,-1,-1,-1],"split_conditions":[3.3E1,2.08E1,5.5E1,2E1,2.25E1,2.915E1,2.57E1,-2.3954761E-1,-1.4498045E-1,-4.3370325E-2,1.18694745E-1,6.0968685E-1,1.5642366E-1,3.2665515E-1,4.6666488E-1],"split_indices":[1,4,1,4,4,3,4,0,0,0,0,0,0,0,0],"split_type":[0,0,0,0,0,0,0,0,0,0,0,0,0,0,0],"sum_hessian":[1.873E3,1.41E3,4.63E2,7.38E2,6.72E2,1.52E2,3.11E2,2.93E2,4.45E2,5.62E2,1.1E2,3E0,1.49E2,1.73E2,1.38E2],"tree_param":{"num_deleted":"0","num_feature":"5","num_nodes":"15","size_leaf_vector":"1"}},{"base_weights":[2.2565522E-3,-2.2765194E-1,8.085888E-1,-3.7535152E-1,5.2111924E-2,4.9549353E-1,9.3833363E-1,-1.20949864E-1,5.1174864E-2,-2.1013604E-3,2.3364192E-1,4.8069146E-1,1.3357419E-1,2.709489E-1,6.7388606E-1],"categories":[],"categories_nodes":[],"categories_segments":[],"categories_sizes":[],"default_left":[0,0,0,0,0,0,0,0,0,0,0,0,0,0,0],"id":4,"left_children":[1,3,5,7,9,11,13,-1,-1,-1,-1,-1,-1,-1,-1],"loss_changes":[3.4759116E2,6.03069E1,1.6434021E1,1.457045E1,2.1700056E1,6.182604E0,1.1449738E1,0E0,0E0,0E0,0E0,0E0,0E0,0E0,0E0],"parents":[2147483647,0,0,1,1,2,2,3,3,4,4,5,5,6,6],"right_children":[2,4,6,8,10,12,14,-1,-1,-1,-1,-1,-1,-1,-1],"split_conditions":[2.32E1,2.12E1,5.5E1,3E1,3.62E1,2.915E1,5.22E2,-1.20949864E-1,5.1174864E-2,-2.1013604E-3,2.3364192E-1,4.8069146E-1,1.3357419E-1,2.709489E-1,6.7388606E-1],"split_indices":[4,4,1,1,1,3,0,0,0,0,0,0,0,0,0],"split_type":[0,0,0,0,0,0,0,0,0,0,0,0,0,0,0],"sum_hessian":[1.873E3,1.458E3,4.15E2,9.54E2,5.04E2,1.23E2,2.92E2,9.08E2,4.6E1,4.67E2,3.7E1,4E0,1.19E2,2.86E2,6E0],"tree_param":{"num_deleted":"0","num_feature":"5","num_nodes":"15","size_leaf_vector":"1"}},{"base_weights":[2.498526E-3,-1.489618E-1,6.164981E-1,-2.4480432E-1,1.2260521E-1,5.3670675E-1,1.0466343E0,-1.5607831E-1,-5.8258507E-2,2.353021E-2,1.3153547E-1,2.4493776E-1,1.4611724E-1,4.943762E-2,3.2777217E-1],"categories":[],"categories_nodes":[],"categories_segments":[],"categories_sizes":[],"default_left":[0,0,0,0,0,0,0,0,0,0,0,0,0,0,0],"id":5,"left_children":[1,3,5,7,9,11,13,-1,-1,-1,-1,-1,-1,-1,-1],"loss_changes":[1.743674E2,3.9175625E1,1.2171417E1,1.5400993E1,5.4484744E0,3.9775314E0,2.1291046E0,0E0,0E0,0E0,0E0,0E0,0E0,0E0,0E0],"parents":[2147483647,0,0,1,1,2,2,3,3,4,4,5,5,6,6],"right_children":[2,4,6,8,10,12,14,-1,-1,-1,-1,-1,-1,-1,-1],"split_conditions":[2.37E1,2.16E1,2.65E1,1.97E1,3.71E1,2.89E2,5.26E1,-1.5607831E-1,-5.8258507E-2,2.353021E-2,1.3153547E-1,2.4493776E-1,1.4611724E-1,4.943762E-2,3.2777217E-1],"split_indices":[4,4,4,4,1,0,1,0,0,0,0,0,0,0,0],"split_type":[0,0,0,0,0,0,0,0,0,0,0,0,0,0,0],"sum_hessian":[1.873E3,1.503E3,3.7E2,1.111E3,3.92E2,3.14E2,5.6E1,1.71E2,9.4E2,3.45E2,4.7E1,4.5E1,2.69E2,3E0,5.3E1],"tree_param":{"num_deleted":"0","num_feature":"5","num_nodes":"15","size_leaf_vector":"1"}},{"base_weights":[2.126825E-3,-1.5041527E-1,3.0502152E-1,-2.8565946E-1,-4.466778E-2,1.276778E-1,4.4919276E-1,-9.0299465E-2,1.4673547E-1,-2.9527271E-2,1.7503891E-2,1.9202101E-3,1.1758882E-1,1.1718909E-1,2.2177853E-1],"categories":[],"categories_nodes":[],"categories_segments":[],"categories_sizes":[],"default_left":[0,0,0,0,0,0,0,0,0,0,0,0,0,0,0],"id":6,"left_children":[1,3,5,7,9,11,13,-1,-1,-1,-1,-1,-1,-1,-1],"loss_changes":[8.663254E1,1.7821503E1,1.5999271E1,6.647827E0,3.8876507E0,9.068125E0,5.5887756E0,0E0,0E0,0E0,0E0,0E0,0E0,0E0,0E0],"parents":[2147483647,0,0,1,1,2,2,3,3,4,4,5,5,6,6],"right_children":[2,4,6,8,10,12,14,-1,-1,-1,-1,-1,-1,-1,-1],"split_conditions":[2.83E1,2.06E1,2.41E1,6.65E2,2.16E1,1.3055555E1,2.65E1,-9.0299465E-2,1.4673547E-1,-2.9527271E-2,1.7503891E-2,1.9202101E-3,1.1758882E-1,1.1718909E-1,2.2177853E-1],"split_indices":[1,4,4,0,4,2,4,0,0,0,0,0,0,0,0],"split_type":[0,0,0,0,0,0,0,0,0,0,0,0,0,0,0],