{"learner":{"attributes":{"scikit_learn":"{\"_estimator_type\": \"regressor\"}"},"feature_names":[],"feature_types":[],"gradient_booster":{"model":{"gbtree_model_param":{"num_parallel_tree":"1","num_trees":"10"},"iteration_indptr":[0,1,2,3,4,5,6,7,8,9,10],"tree_info":[0,0,0,0,0,0,0,0,0,0],"trees":[{"base_weights":[-5.030574E-7,-9.1555065E-1,3.1765606E0,-1.59022E0,-2.2000092E-1,2.1611066E0,3.8895366E0,-5.852107E-1,-3.796573E-1,-1.645527E-1,1.6065782E-1,5.3761345E-1,8.214539E-1,9.9837655E-1,1.2958528E0],"categories":[],"categories_nodes":[],"categories_segments":[],"categories_sizes":[],"default_left":[0,0,0,0,0,0,0,0,0,0,0,0,0,0,0],"id":0,"left_children":[1,3,5,7,9,11,13,-1,-1,-1,-1,-1,-1,-1,-1],"loss_changes":[5.979467E3,7.4859863E2,3.2463135E2,9.23396E1,1.9562454E2,3.5984375E1,5.0583008E1,0E0,0E0,0E0,0E0,0E0,0E0,0E0,0E0],"parents":[2147483647,0,0,1,1,2,2,3,3,4,4,5,5,6,6],"right_children":[2,4,6,8,10,12,14,-1,-1,-1,-1,-1,-1,-1,-1],"split_conditions":[3.39E1,2.08E1,6.27E1,2.02E1,2.19E1,5.18E1,2.56E1,-5.852107E-1,-3.796573E-1,-1.645527E-1,1.6065782E-1,5.3761345E-1,8.214539E-1,9.9837655E-1,1.2958528E0],"split_indices":[1,4,1,4,4,1,4,0,0,0,0,0,0,0,0],"split_type":[0,0,0,0,0,0,0,0,0,0,0,0,0,0,0],"sum_hessian":[2.054E3,1.595E3,4.59E2,8.09E2,7.86E2,1.91E2,2.68E2,3.81E2,4.28E2,5.48E2,2.38E2,1.19E2,7.2E1,1.2E2,1.48E2],"tree_param":{"num_deleted":"0","num_feature":"5","num_nodes":"15","size_leaf_vector":"1"}},{"base_weights":[1.3061403E-3,-6.414923E-1,2.2315345E0,-9.935002E-1,5.845872E-2,1.3260435E0,2.635822E0,-4.0272263E-1,-2.2364561E-1,-4.3548428E-2,1.9188024E-1,-1.0307007E-1,4.128602E-1,5.9290266E-1,8.572586E-1],"categories":[],"categories_nodes":[],"categories_segments":[],"categories_sizes":[],"default_left":[0,0,0,0,0,0,0,0,0,0,0,0,0,0,0],"id":1,"left_children":[1,3,5,7,9,11,13,-1,-1,-1,-1,-1,-1,-1,-1],"loss_changes":[2.9474536E3,3.932937E2,1.6490112E2,9.0898926E1,6.3400585E1,1.2531815E1,4.0701416E1,0E0,0E0,0E0,0E0,0E0,0E0,0E0,0E0],"parents":[2147483647,0,0,1,1,2,2,3,3,4,4,5,5,6,6],"right_children":[2,4,6,8,10,12,14,-1,-1,-1,-1,-1,-1,-1,-1],"split_conditions":[3.39E1,2.12E1,5.59E1,2.03E1,2.24E1,-1.5937777E1,2.51E1,-4.0272263E-1,-2.2364561E-1,-4.3548428E-2,1.9188024E-1,-1.0307007E-1,4.128602E-1,5.9290266E-1,8.572586E-1],"split_indices":[1,4,1,4,4,3,4,0,0,0,0,0,0,0,0],"split_type":[0,0,0,0,0,0,0,0,0,0,0,0,0,0,0],"sum_hessian":[2.054E3,1.595E3,4.59E2,1.061E3,5.34E2,1.43E2,3.16E2,4.39E2,6.22E2,3.96E2,1.38E2,4E0,1.39E2,8.2E1,2.34E2],"tree_param":{"num_deleted":"0","num_feature":"5","num_nodes":"15","size_leaf_vector":"1"}},{"base_weights":[1.538407E-3,-4.3728906E-1,1.6225916E0,-6.5896636E-1,1.3251571E-1,1.2181783E0,2.007034E0,-2.6039296E-1,-1.2513572E-1,6.0250787E-3,1.997875E-1,3.20019E-1,7.721062E-1,5.4501355E-1,7.296735E-1],"categories":[],"categories_nodes":[],"categories_segments":[],"categories_sizes":[],"default_left":[0,0,0,0,0,0,0,0,0,0,0,0,0,0,0],"id":2,"left_children":[1,3,5,7,9,11,13,-1,-1,-1,-1,-1,-1,-1,-1],"loss_changes":[1.4625598E3,2.044614E2,6.565259E1,5.8526978E1,2.7215765E1,4.1597107E1,1.3628052E1,0E0,0E0,0E0,0E0,0E0,0E0,0E0,0E0],"parents":[2147483647,0,0,1,1,2,2,3,3,4,4,5,5,6,6],"right_children":[2,4,6,8,10,12,14,-1,-1,-1,-1,-1,-1,-1,-1],"split_conditions":[3.57E1,2.14E1,2.53E1,2.06E1,2.29E1,5.29E2,2.65E1,-2.6039296E-1,-1.2513572E-1,6.0250787E-3,1.997875E-1,3.20019E-1,7.721062E-1,5.4501355E-1,7.296735E-1],"split_indices":[1,4,4,4,4,0,4,0,0,0,0,0,0,0,0],"split_type":[0,0,0,0,0,0,0,0,0,0,0,0,0,0,0],"sum_hessian":[2.054E3,1.617E3,4.37E2,1.164E3,4.53E2,2.15E2,2.22E2,6.23E2,5.41E2,3.75E2,7.8E1,1.95E2,2E1,1.57E2,6.5E1],"tree_param":{"num_deleted":"0","num_feature":"5","num_nodes":"15","size_leaf_vector":"1"}},{"base_weights":[2.1411516E-3,-2.9177946E-1,1.2303833E0,-4.37943E-1,1.8653849E-1,8.4104216E-1,1.4211456E0,-2.509666E-1,-1.05558924E-1,3.1897888E-2,1.5628275E-1,2.1910836E-1,6.388148E-1,3.7667832E-1,5.518103E-1],"categories":[],"categories_nodes":[],"categories_segments":[],"categories_sizes":[],"default_left":[0,0,0,0,0,0,0,0,0,0,0,0,0,0,0],"id":3,"left_children":[1,3,5,7,9,11,13,-1,-1,-1,-1,-1,-1,-1,-1],"loss_changes":[7.422257E2,1.1606677E2,2.8290588E1,4.331688E1,1.0378868E1,1.740989E1,1.603833E1,0E0,0E0,0E0,0E0,0E0,0E0,0E0,0E0],"parents":[2147483647,0,0,1,1,2,2,3,3,4,4,5,5,6,6],"right_children":[2,4,6,8,10,12,14,-1,-1,-1,-1,-1,-1,-1,-1],"split_conditions":[4.1E1,2.16E1,6.29E1,1.99E1,2.32E1,5.49E2,2.62E1,-2.509666E-1,-1.05558924E-1,3.1897888E-2,1.5628275E-1,2.1910836E-1,6.388148E-1,3.7667832E-1,5.518103E-1],"split_indices":[1,4,1,4,4,0,4,0,0,0,0,0,0,0,0],"split_type":[0,0,0,0,0,0,0,0,0,0,0,0,0,0,0],"sum_hessian":[2.054E3,1.658E3,3.96E2,1.27E3,3.88E2,1.32E2,2.64E2,2.24E2,1.046E3,3.14E2,7.4E1,1.23E2,9E0,1.92E2,7.2E1],"tree_param":{"num_deleted":"0","num_feature":"5","num_nodes":"15","size_leaf_vector":"1"}},{"base_weights":[2.285825E-3,-2.4412708E-1,7.5316155E-1,-4.3072614E-1,-4.190075E-2,4.383021E-1,9.682367E-1,-2.204573E-1,-1.0729568E-1,-2.7302992E-2,1.11791715E-1,9.462138E-2,2.9394194E-1,-6.208776E-2,3.0030912E-1],"categories":[],"categories_nodes":[],"categories_segments":[],"categories_sizes":[],"default_left":[0,0,0,0,0,0,0,0,0,0,0,0,0,0,0],"id":4,"left_children":[1,3,5,7,9,11,13,-1,-1,-1,-1,-1,-1,-1,-1],"loss_changes":[3.804112E2,5.8396103E1,3.3976624E1,1.7627548E1,1.5180061E1,1.3533268E1,1.1807373E1,0E0,0E0,0E0,0E0,0E0,0E0,0E0,0E0],"parents":[2147483647,0,0,1,1,2,2,3,3,4,4,5,5,6,6],"right_children":[2,4,6,8,10,12,14,-1,-1,-1,-1,-1,-1,-1,-1],"split_conditions":[3.1E1,2.08E1,5.81E1,1.97E1,2.26E1,1.4444445E1,2.24E1,-2.204573E-1,-1.0729568E-1,-2.7302992E-2,1.11791715E-1,9.462138E-2,2.9394194E-1,-6.208776E-2,3.0030912E-1],"split_indices":[1,4,1,4,4,2,4,0,0,0,0,0,0,0,0],"split_type":[0,0,0,0,0,0,0,0,0,0,0,0,0,0,0],"sum_hessian":[2.054E3,1.547E3,5.07E2,8.04E2,7.43E2,2.07E2,3E2,1.54E2,6.5E2,6.65E2,7.8E1,1.7E2,3.7E1,8E0,2.92E2],"tree_param":{"num_deleted":"0","num_feature":"5","num_nodes":"15","size_leaf_vector":"1"}},{"base_weights":[1.7871291E-3,-1.7508845E-1,5.175866E-1,-2.866408E-1,-8.472874E-3,4.024102E-1,8.6445016E-1,-1.5474688E-1,-7.191234E-2,-1.8261595E-2,5.4021217E-2,6.5033324E-2,1.5980965E-1,2.202838E-1,3.1939352E-1],"categories":[],"categories_nodes":[],"categories_segments":[],"categories_sizes":[],"default_left":[0,0,0,0,0,0,0,0,0,0,0,0,0,0,0],"id":5,"left_children":[1,3,5,7,9,11,13,-1,-1,-1,-1,-1,-1,-1,-1],"loss_changes":[1.8757306E2,2.8453285E1,2.0626144E1,9.739792E0,6.086863E0,9.462105E0,2.6059952E0,0E0,0E0,0E0,0E0,0E0,0E0,0E0,0E0],"parents":[2147483647,0,0,1,1,2,2,3,3,4,4,5,5,6,6],"right_children":[2,4,6,8,10,12,14,-1,-1,-1,-1,-1,-1,-1,-1],"split_conditions":[3.04E1,2.1E1,2.6E1,1.97E1,2.22E1,4.78E1,2.66E1,-1.5474688E-1,-7.191234E-2,-1.8261595E-2,5.4021217E-2,6.5033324E-2,1.5980965E-1,2.202838E-1,3.1939352E-1],"split_indices":[1,4,4,4,4,1,4,0,0,0,0,0,0,0,0],"split_type":[0,0,0,0,0,0,0,0,0,0,0,0,0,0,0],"sum_hessian":[2.054E3,1.53E3,5.24E2,9.16E2,6.14E2,3.95E2,1.29E2,1.54E2,7.62E2,4.81E2,1.33E2,1.64E2,2.31E2,8.1E1,4.8E1],"tree_param":{"num_deleted":"0","num_feature":"5","num_nodes":"15","size_leaf_vector":"1"}},{"base_weights":[1.5302125E-3,-1.2268663E-1,3.6376727E-1,-3.1116417E-1,-6.697966E-2,2.4643937E-1,5.547344E-1,-1.3027342E-1,-7.110612E-2,-3.480477E-2,1.7877303E-2,2.8036824E-1,5.884837E-2,1.2552094E-1,3.2585734E-1],"categories":[],"categories_nodes":[],"categories_segments":[],"categories_sizes":[],"default_left":[0,0,0,0,0,0,0,0,0,0,0,0,0,0,0],"id":6,"left_children":[1,3,5,7,9,11,13,-1,-1,-1,-1,-1,-1,-1,-1],"loss_changes":[9.251129E1,1.6053911E1,1.162632E1,3.0819283E0,7.3492618E0,1.1130045E1,1.3963905E1,0E0,0E0,0E0,0E0,0E0,0E0,0E0,0E0],"parents":[2147483647,0,0,1,1,2,2,3,3,4,4,5,5,6,6],"right_children":[2,4,6,8,10,12,14,-1,-1,-1,-1,-1,-1,-1,-1],"split_conditions":[3.04E1,2.2E1,6.5E1,2E1,2.15E1,2.97E2,1.1111111E1,-1.3027342E-1,-7.110612E-2,-3.480477E-2,1.7877303E-2,2.8036824E-1,5.884837E-2,1.2552094E-1,3.2585734E-1],"split_indices":[1,1,1,4,4,0,2,0,0,0,0,0,0,0,0],"split_type":[0,0,0,0,0,0,0,0,0,0,0,0,0,0,0],