{"learner":{"attributes":{"scikit_learn":"{\"_estimator_type\": \"regressor\"}"},"feature_names":[],"feature_types":[],"gradient_booster":{"model":{"gbtree_model_param":{"num_parallel_tree":"1","num_trees":"10"},"iteration_indptr":[0,1,2,3,4,5,6,7,8,9,10],"tree_info":[0,0,0,0,0,0,0,0,0,0],"trees":[{"base_weights":[9.388596E-8,4.9986664E-2,-3.968377E-2,2.1209605E-2,8.479515E-2,-4.3231573E-2,1.4627083E-1,-1.7883142E-3,2.318979E-2,3.8914412E-2,9.9402815E-3,-3.5422354E-4,-1.6454894E-2,2.1217743E-2,4.957998E-2],"categories":[],"categories_nodes":[],"categories_segments":[],"categories_sizes":[],"default_left":[0,0,0,0,0,0,0,0,0,0,0,0,0,0,0],"id":0,"left_children":[1,3,5,7,9,11,13,-1,-1,-1,-1,-1,-1,-1,-1],"loss_changes":[1.060068E1,2.367189E0,1.9716601E0,1.9755566E0,2.4787264E0,1.4284534E0,6.867337E-2,0E0,0E0,0E0,0E0,0E0,0E0,0E0,0E0],"parents":[2147483647,0,0,1,1,2,2,3,3,4,4,5,5,6,6],"right_children":[2,4,6,8,10,12,14,-1,-1,-1,-1,-1,-1,-1,-1],"split_conditions":[1E1,6.9444447E0,2.0555555E1,1.58E3,8.333333E0,1.1666667E1,2.111111E1,-1.7883142E-3,2.318979E-2,3.8914412E-2,9.9402815E-3,-3.5422354E-4,-1.6454894E-2,2.1217743E-2,4.957998E-2],"split_indices":[1,1,1,0,1,1,1,0,0,0,0,0,0,0,0],"split_type":[0,0,0,0,0,0,0,0,0,0,0,0,0,0,0],"sum_hessian":[5.342E3,2.364E3,2.978E3,1.295E3,1.069E3,2.923E3,5.5E1,8.73E2,4.22E2,5.71E2,4.98E2,6.33E2,2.29E3,1.2E1,4.3E1],"tree_param":{"num_deleted":"0","num_feature":"2","num_nodes":"15","size_leaf_vector":"1"}},{"base_weights":[2.3446859E-5,3.709616E-2,-2.662742E-2,-2.3150923E-2,5.0121866E-2,-3.0406248E-2,6.382405E-2,3.2385986E-2,-1.4861692E-2,9.780714E-3,2.7137661E-2,-2.3953055E-4,-1.2171824E-2,1.0383657E-2,3.5044137E-2],"categories":[],"categories_nodes":[],"categories_segments":[],"categories_sizes":[],"default_left":[0,0,0,0,0,0,0,0,0,0,0,0,0,0,0],"id":1,"left_children":[1,3,5,7,9,11,13,-1,-1,-1,-1,-1,-1,-1,-1],"loss_changes":[5.2799788E0,1.7551E0,1.064599E0,1.3822623E0,1.2959356E0,8.984761E-1,1.8944794E-1,0E0,0E0,0E0,0E0,0E0,0E0,0E0,0E0],"parents":[2147483647,0,0,1,1,2,2,3,3,4,4,5,5,6,6],"right_children":[2,4,6,8,10,12,14,-1,-1,-1,-1,-1,-1,-1,-1],"split_conditions":[9.444445E0,2.7777777E0,1.888889E1,-1.9444444E0,9.48E2,1.1666667E1,2.111111E1,3.2385986E-2,-1.4861692E-2,9.780714E-3,2.7137661E-2,-2.3953055E-4,-1.2171824E-2,1.0383657E-2,3.5044137E-2],"split_indices":[1,1,1,1,0,1,1,0,0,0,0,0,0,0,0],"split_type":[0,0,0,0,0,0,0,0,0,0,0,0,0,0,0],"sum_hessian":[5.342E3,2.234E3,3.108E3,3.97E2,1.837E3,2.984E3,1.24E2,6.6E1,3.31E2,1.282E3,5.55E2,7.63E2,2.221E3,8.1E1,4.3E1],"tree_param":{"num_deleted":"0","num_feature":"2","num_nodes":"15","size_leaf_vector":"1"}},{"base_weights":[3.3225635E-5,2.5991583E-2,-1.8627746E-2,6.094788E-3,5.339611E-2,-2.2593742E-2,2.8451186E-2,-3.047671E-3,1.1899098E-2,2.2875046E-2,5.3473623E-3,-1.9092703E-3,-1.0289798E-2,4.902905E-3,2.4769958E-2],"categories":[],"categories_nodes":[],"categories_segments":[],"categories_sizes":[],"default_left":[0,0,0,0,0,0,0,0,0,0,0,0,0,0,0],"id":2,"left_children":[1,3,5,7,9,11,13,-1,-1,-1,-1,-1,-1,-1,-1],"loss_changes":[2.5886772E0,1.2183356E0,5.811392E-1,7.0752394E-1,7.6281786E-1,5.4463255E-1,1.5721811E-1,0E0,0E0,0E0,0E0,0E0,0E0,0E0,0E0],"parents":[2147483647,0,0,1,1,2,2,3,3,4,4,5,5,6,6],"right_children":[2,4,6,8,10,12,14,-1,-1,-1,-1,-1,-1,-1,-1],"split_conditions":[9.444445E0,6.9444447E0,1.7777779E1,1.58E3,8.333333E0,1.25E1,2.111111E1,-3.047671E-3,1.1899098E-2,2.2875046E-2,5.3473623E-3,-1.9092703E-3,-1.0289798E-2,4.902905E-3,2.4769958E-2],"split_indices":[1,1,1,0,1,1,1,0,0,0,0,0,0,0,0],"split_type":[0,0,0,0,0,0,0,0,0,0,0,0,0,0,0],"sum_hessian":[5.342E3,2.234E3,3.108E3,1.295E3,9.39E2,2.867E3,2.41E2,8.73E2,4.22E2,5.71E2,3.68E2,1.202E3,1.665E3,1.98E2,4.3E1],"tree_param":{"num_deleted":"0","num_feature":"2","num_nodes":"15","size_leaf_vector":"1"}},{"base_weights":[3.3475164E-5,1.391952E-2,-1.7711792E-2,1.7769903E-2,-4.472316E-2,-2.7371582E-2,4.495326E-3,2.9118168E-3,1.1591138E-2,5.4927636E-2,-1.7636226E-2,-7.845192E-3,-8.172369E-2,8.954452E-4,5.452032E-2],"categories":[],"categories_nodes":[],"categories_segments":[],"categories_sizes":[],"default_left":[0,0,0,0,0,0,0,0,0,0,0,0,0,0,0],"id":3,"left_children":[1,3,5,7,9,11,13,-1,-1,-1,-1,-1,-1,-1,-1],"loss_changes":[1.3168237E0,6.7773336E-1,5.0337774E-1,4.7313702E-1,6.0351324E-1,4.820373E-1,1.9007504E-1,0E0,0E0,0E0,0E0,0E0,0E0,0E0,0E0],"parents":[2147483647,0,0,1,1,2,2,3,3,4,4,5,5,6,6],"right_children":[2,4,6,8,10,12,14,-1,-1,-1,-1,-1,-1,-1,-1],"split_conditions":[1.1666667E1,5.056E3,1.611111E1,6.32E2,-5.555556E-1,7.582E3,6.004E3,2.9118168E-3,1.1591138E-2,5.4927636E-2,-1.7636226E-2,-7.845192E-3,-8.172369E-2,8.954452E-4,5.452032E-2],"split_indices":[1,0,1,0,1,0,0,0,0,0,0,0,0,0,0],"split_type":[0,0,0,0,0,0,0,0,0,0,0,0,0,0,0],"sum_hessian":[5.342E3,2.997E3,2.345E3,2.813E3,1.84E2,1.634E3,7.11E2,2.03E3,7.83E2,1E1,1.74E2,1.627E3,7E0,7.06E2,5E0],"tree_param":{"num_deleted":"0","num_feature":"2","num_nodes":"15","size_leaf_vector":"1"}},{"base_weights":[2.6502972E-5,1.4018177E-2,-1.0031849E-2,1.8417225E-3,4.47637E-2,-1.1807639E-2,3.2454256E-2,2.490116E-3,-2.4760095E-2,2.8180202E-2,2.759138E-3,-4.6131187E-3,1.0826681E-3,7.3757726E-3,3.1349707E-2],"categories":[],"categories_nodes":[],"categories_segments":[],"categories_sizes":[],"default_left":[0,0,0,0,0,0,0,0,0,0,0,0,0,0,0],"id":4,"left_children":[1,3,5,7,9,11,13,-1,-1,-1,-1,-1,-1,-1,-1],"loss_changes":[7.5207806E-1,8.3663774E-1,2.3494595E-1,8.736984E-1,1.1078876E0,1.6431451E-1,6.828995E-2,0E0,0E0,0E0,0E0,0E0,0E0,0E0,0E0],"parents":[2147483647,0,0,1,1,2,2,3,3,4,4,5,5,6,6],"right_children":[2,4,6,8,10,12,14,-1,-1,-1,-1,-1,-1,-1,-1],"split_conditions":[9.444445E0,7.7777777E0,1.888889E1,7.5E0,8.333333E0,6.32E2,1.264E3,2.490116E-3,-2.4760095E-2,2.8180202E-2,2.759138E-3,-4.6131187E-3,1.0826681E-3,7.3757726E-3,3.1349707E-2],"split_indices":[1,1,1,1,1,0,0,0,0,0,0,0,0,0,0],"split_type":[0,0,0,0,0,0,0,0,0,0,0,0,0,0,0],"sum_hessian":[5.342E3,2.234E3,3.108E3,1.601E3,6.33E2,2.984E3,1.24E2,1.488E3,1.13E2,2.65E2,3.68E2,2.423E3,5.61E2,1.13E2,1.1E1],"tree_param":{"num_deleted":"0","num_feature":"2","num_nodes":"15","size_leaf_vector":"1"}},{"base_weights":[2.6672895E-5,-3.7651762E-2,1.9691607E-3,5.5038475E-2,-8.018308E-2,1.6110914E-2,-7.0105074E-3,3.0405954E-2,-2.5957953E-2,-4.6542842E-2,-1.5524903E-2,5.2923765E-3,-5.9819046E-2,-1.9277484E-3,-2.9097892E-2],"categories":[],"categories_nodes":[],"categories_segments":[],"categories_sizes":[],"default_left":[0,0,0,0,0,0,0,0,0,0,0,0,0,0,0],"id":5,"left_children":[1,3,5,7,9,11,13,-1,-1,-1,-1,-1,-1,-1,-1],"loss_changes":[3.9112774E-1,1.0372796E0,6.454671E-1,5.529626E-1,3.756163E-1,6.5454316E-1,1.6294405E-1,0E0,0E0,0E0,0E0,0E0,0E0,0E0,0E0],"parents":[2147483647,0,0,1,1,2,2,3,3,4,4,5,5,6,6],"right_children":[2,4,6,8,10,12,14,-1,-1,-1,-1,-1,-1,-1,-1],"split_conditions":[1.9444444E0,-1.1111112E0,9.444445E0,2.843E3,0E0,1.0426E4,7.582E3,3.0405954E-2,-2.5957953E-2,-4.6542842E-2,-1.5524903E-2,5.2923765E-3,-5.9819046E-2,-1.9277484E-3,-2.9097892E-2],"split_indices":[1,1,1,0,1,0,0,0,0,0,0,0,0,0,0],"split_type":[0,0,0,0,0,0,0,0,0,0,0,0,0,0,0],"sum_hessian":[5.342E3,2.61E2,5.081E3,8.2E1,1.79E2,1.973E3,3.108E3,6.2E1,2E1,4.8E1,1.31E2,1.96E3,1.3E1,3.089E3,1.9E1],"tree_param":{"num_deleted":"0","num_feature":"2","num_nodes":"15","size_leaf_vector":"1"}},{"base_weights":[-7.946037E-6,9.223747E-2,-5.46173E-4,-5.607908E-2,1.6671494E-1,-4.2336818E-2,1.3617325E-3,7.730599E-2,-1.7643213E-2,-1.3962399E-2,8.823643E-2,-8.40001E-4,7.4227885E-3],"categories":[],"categories_nodes":[],"categories_segments":[],"categories_sizes":[],"default_left":[0,0,0,0,0,0,0,0,0,0,0,0,0],"id":6,"left_children":[1,3,5,-1,7,9,11,-1,-1,-1,-1,-1,-1],"loss_changes":[2.6532486E-1,6.7570686E-1,4.2367697E-1,0E0,5.280659E-1,3.4188595E-1,4.945738E-1,0E0,0E0,0E0,0E0,0E0,0E0],"parents":[2147483647,0,0,1,1,2,2,4,4,5,5,6,6],"right_children":[2,4,6,-1,8,10,12,-1,-1,-1,-1,-1,-1],