{"learner":{"attributes":{"scikit_learn":"{\"_estimator_type\": \"regressor\"}"},"feature_names":[],"feature_types":[],"gradient_booster":{"model":{"gbtree_model_param":{"num_parallel_tree":"1","num_trees":"10"},"iteration_indptr":[0,1,2,3,4,5,6,7,8,9,10],"tree_info":[0,0,0,0,0,0,0,0,0,0],"trees":[{"base_weights":[2.2622876E-7,1.8988433E-1,-7.4658976E0,2.1175107E-1,-8.2381135E-1,-1.6480201E0,-2.8547113E0,6.1233617E-2,1.1361536E-1,-1.3505836E-1,-3.4297627E-1],"categories":[],"categories_nodes":[],"categories_segments":[],"categories_sizes":[],"default_left":[0,0,0,0,0,0,0,0,0,0,0],"id":0,"left_children":[1,3,5,7,9,-1,-1,-1,-1,-1,-1],"loss_changes":[3.7723809E3,5.769577E1,2.1458008E2,3.163643E0,6.0495224E0,0E0,0E0,0E0,0E0,0E0,0E0],"parents":[2147483647,0,0,1,1,2,2,3,3,4,4],"right_children":[2,4,6,8,10,-1,-1,-1,-1,-1,-1],"split_conditions":[2.844E3,1.58E3,5.372E3,9.48E2,1.896E3,-1.6480201E0,-2.8547113E0,6.1233617E-2,1.1361536E-1,-1.3505836E-1,-3.4297627E-1],"split_indices":[0,0,0,0,0,0,0,0,0,0,0],"split_type":[0,0,0,0,0,0,0,0,0,0,0],"sum_hessian":[2.659E3,2.594E3,6.5E1,2.54E3,5.4E1,3.5E1,3E1,2.431E3,1.09E2,2.6E1,2.8E1],"tree_param":{"num_deleted":"0","num_feature":"1","num_nodes":"11","size_leaf_vector":"1"}},{"base_weights":[-1.8064766E-3,1.3280231E-1,-5.2943516E0,1.4829466E-1,-5.8535933E-1,-3.2867382E0,-1.9315026E0,4.5551233E-2,-2.3103977E-2,-9.604149E-2,-2.4363133E-1,-1.3925073E0,-5.9509814E-1],"categories":[],"categories_nodes":[],"categories_segments":[],"categories_sizes":[],"default_left":[0,0,0,0,0,0,0,0,0,0,0,0,0],"id":1,"left_children":[1,3,5,7,9,11,-1,-1,-1,-1,-1,-1,-1],"loss_changes":[1.8957483E3,2.8958828E1,1.3042029E2,2.0399551E0,3.0475826E0,3.6698273E1,0E0,0E0,0E0,0E0,0E0,0E0,0E0],"parents":[2147483647,0,0,1,1,2,2,3,3,4,4,5,5],"right_children":[2,4,6,8,10,12,-1,-1,-1,-1,-1,-1,-1],"split_conditions":[2.844E3,1.58E3,4.108E3,1.264E3,1.896E3,3.476E3,-1.9315026E0,4.5551233E-2,-2.3103977E-2,-9.604149E-2,-2.4363133E-1,-1.3925073E0,-5.9509814E-1],"split_indices":[0,0,0,0,0,0,0,0,0,0,0,0,0],"split_type":[0,0,0,0,0,0,0,0,0,0,0,0,0],"sum_hessian":[2.659E3,2.594E3,6.5E1,2.54E3,5.4E1,2.5E1,4E1,2.501E3,3.9E1,2.6E1,2.8E1,1.1E1,1.4E1],"tree_param":{"num_deleted":"0","num_feature":"1","num_nodes":"13","size_leaf_vector":"1"}},{"base_weights":[-2.8572045E-3,9.28393E-2,-3.7654264E0,1.0381503E-1,-4.1592726E-1,-2.6977148E0,-1.4651654E0,2.9211342E-2,7.360194E-2,-1.546061E-1,8.588583E-3,-1.0095676E0,-6.8082035E-1],"categories":[],"categories_nodes":[],"categories_segments":[],"categories_sizes":[],"default_left":[0,0,0,0,0,0,0,0,0,0,0,0,0],"id":2,"left_children":[1,3,5,7,9,11,-1,-1,-1,-1,-1,-1,-1],"loss_changes":[9.581217E2,1.4533876E1,6.56413E1,2.2934265E0,2.4457865E0,2.655487E0,0E0,0E0,0E0,0E0,0E0,0E0,0E0],"parents":[2147483647,0,0,1,1,2,2,3,3,4,4,5,5],"right_children":[2,4,6,8,10,12,-1,-1,-1,-1,-1,-1,-1],"split_conditions":[2.844E3,1.58E3,5.372E3,9.48E2,2.212E3,3.476E3,-1.4651654E0,2.9211342E-2,7.360194E-2,-1.546061E-1,8.588583E-3,-1.0095676E0,-6.8082035E-1],"split_indices":[0,0,0,0,0,0,0,0,0,0,0,0,0],"split_type":[0,0,0,0,0,0,0,0,0,0,0,0,0],"sum_hessian":[2.659E3,2.594E3,6.5E1,2.54E3,5.4E1,3.5E1,3E1,2.431E3,1.09E2,4.4E1,1E1,1.1E1,2.4E1],"tree_param":{"num_deleted":"0","num_feature":"1","num_nodes":"13","size_leaf_vector":"1"}},{"base_weights":[-3.202311E-3,6.497114E-2,-2.68361E0,7.114626E-2,-4.8387355E-1,-1.5834423E0,-3.3158233E0,2.2758909E-2,-3.262205E-2,-2.2517936E-1,6.2461854E-3,-7.3193645E-1,-2.3784085E-1,-8.9441615E-1,-1.3542944E0],"categories":[],"categories_nodes":[],"categories_segments":[],"categories_sizes":[],"default_left":[0,0,0,0,0,0,0,0,0,0,0,0,0,0,0],"id":3,"left_children":[1,3,5,7,9,11,13,-1,-1,-1,-1,-1,-1,-1,-1],"loss_changes":[4.8624316E2,8.829349E0,4.0655304E1,2.1863031E0,3.9194398E0,1.5669312E1,2.97464E0,0E0,0E0,0E0,0E0,0E0,0E0,0E0,0E0],"parents":[2147483647,0,0,1,1,2,2,3,3,4,4,5,5,6,6],"right_children":[2,4,6,8,10,12,14,-1,-1,-1,-1,-1,-1,-1,-1],"split_conditions":[2.844E3,1.896E3,4.108E3,1.264E3,2.212E3,3.476E3,7.584E3,2.2758909E-2,-3.262205E-2,-2.2517936E-1,6.2461854E-3,-7.3193645E-1,-2.3784085E-1,-8.9441615E-1,-1.3542944E0],"split_indices":[0,0,0,0,0,0,0,0,0,0,0,0,0,0,0],"split_type":[0,0,0,0,0,0,0,0,0,0,0,0,0,0,0],"sum_hessian":[2.659E3,2.594E3,6.5E1,2.566E3,2.8E1,2.5E1,4E1,2.501E3,6.5E1,1.8E1,1E1,1.1E1,1.4E1,3.4E1,6E0],"tree_param":{"num_deleted":"0","num_feature":"1","num_nodes":"15","size_leaf_vector":"1"}},{"base_weights":[-3.537181E-3,3.866631E-2,-2.300916E0,4.9798958E-2,-5.701884E-1,-2.1194093E0,-3.767638E0,1.5934093E-2,-2.2983633E-2,-2.3450792E-1,1.6758242E-1,-6.885643E-1,-3.483497E-1,-1.4676665E0,-5.9083167E-2],"categories":[],"categories_nodes":[],"categories_segments":[],"categories_sizes":[],"default_left":[0,0,0,0,0,0,0,0,0,0,0,0,0,0,0],"id":4,"left_children":[1,3,5,7,9,11,13,-1,-1,-1,-1,-1,-1,-1,-1],"loss_changes":[2.5799567E2,1.7739742E1,4.7934113E0,1.0796742E0,1.1657704E1,4.915756E0,1.5098686E1,0E0,0E0,0E0,0E0,0E0,0E0,0E0,0E0],"parents":[2147483647,0,0,1,1,2,2,3,3,4,4,5,5,6,6],"right_children":[2,4,6,8,10,12,14,-1,-1,-1,-1,-1,-1,-1,-1],"split_conditions":[3.792E3,1.896E3,8.848E3,1.264E3,3.476E3,6.636E3,9.796E3,1.5934093E-2,-2.2983633E-2,-2.3450792E-1,1.6758242E-1,-6.885643E-1,-3.483497E-1,-1.4676665E0,-5.9083167E-2],"split_indices":[0,0,0,0,0,0,0,0,0,0,0,0,0,0,0],"split_type":[0,0,0,0,0,0,0,0,0,0,0,0,0,0,0],"sum_hessian":[2.659E3,2.612E3,4.7E1,2.566E3,4.6E1,4.4E1,3E0,2.501E3,6.5E1,3.9E1,7E0,3.6E1,8E0,2E0,1E0],"tree_param":{"num_deleted":"0","num_feature":"1","num_nodes":"15","size_leaf_vector":"1"}},{"base_weights":[-3.46753E-3,3.314127E-2,-1.4428064E0,3.7186015E-2,-7.487042E-2,-1.2631708E0,-2.7764246E0,8.848661E-3,9.002649E-2,-3.41052E-2,6.8499185E-2,-4.117385E-1,-1.5242887E-2,-9.5500845E-1,-5.0220683E-2],"categories":[],"categories_nodes":[],"categories_segments":[],"categories_sizes":[],"default_left":[0,0,0,0,0,0,0,0,0,0,0,0,0,0,0],"id":5,"left_children":[1,3,5,7,9,11,13,-1,-1,-1,-1,-1,-1,-1,-1],"loss_changes":[1.4020978E2,1.1364877E0,1.23042145E1,5.049804E0,1.1321794E0,7.8802567E0,6.899044E0,0E0,0E0,0E0,0E0,0E0,0E0,0E0,0E0],"parents":[2147483647,0,0,1,1,2,2,3,3,4,4,5,5,6,6],"right_children":[2,4,6,8,10,12,14,-1,-1,-1,-1,-1,-1,-1,-1],"split_conditions":[2.844E3,1.264E3,7.584E3,9.48E2,2.212E3,6.636E3,9.796E3,8.848661E-3,9.002649E-2,-3.41052E-2,6.8499185E-2,-4.117385E-1,-1.5242887E-2,-9.5500845E-1,-5.0220683E-2],"split_indices":[0,0,0,0,0,0,0,0,0,0,0,0,0,0,0],"split_type":[0,0,0,0,0,0,0,0,0,0,0,0,0,0,0],"sum_hessian":[2.659E3,2.594E3,6.5E1,2.501E3,9.3E1,5.9E1,6E0,2.431E3,7E1,8.3E1,1E1,5.4E1,5E0,5E0,1E0],"tree_param":{"num_deleted":"0","num_feature":"1","num_nodes":"15","size_leaf_vector":"1"}},{"base_weights":[-2.915173E-3,2.0052057E-2,-1.2531329E0,1.7735252E-2,2.3167334E-1,-9.400122E-1,-1.8206239E0,6.9752038E-3,-3.5293615E-1,-3.7711987E-1,-2.1730375E-1,-8.5749775E-1,-3.709588E-1],"categories":[],"categories_nodes":[],"categories_segments":[],"categories_sizes":[],"default_left":[0,0,0,0,0,0,0,0,0,0,0,0,0],"id":6,"left_children":[1,3,5,7,-1,9,11,-1,-1,-1,-1,-1,-1],"loss_changes":[7.640447E1,4.539933E0,6.8178635E0,1.7191675E1,0E0,1.3459167E0,6.163452E0,0E0,0E0,0E0,0E0,0E0,0E0],"parents":[2147483647,0,0,1,1,2,2,3,3,5,5,6,6],"right_children":[2,4,6,8,-1,10,12,-1,-1,-1,-1,-1,-1],"split_conditions":[3.792E3,3.476E3,6.32E3,2.844E3,2.3167334E-1,4.74E3,6.636E3,6.9752038E-3,-3.5293615E-1,-3.7711987E-1,-2.1730375E-1,-8.5749775E-1,-3.709588E-1],"split_indices":[0,0,0,0,0,0,0,0,0,0,0,0,0],"split_type":[0,0,0,0,0,0,0,0,0,0,0,0,0],"sum_hessian":[2.659E3,2.612E3,4.7E1,2.605E3,7E0,3.2E1,1.5E1,2.594E3,1.1E1,1.1E1,2.1E1,4E0,1.1E1],"tree_param":{"num_deleted":"0","num_feature":"1","num_nodes":"13","size_leaf_vector":"1"}},{"base_weights":[-2.7688518E-3,1.292894E-2,-1.0058285E0,1.7913386E-2,-2.2425628E-1,-8.717736E-1,-8.8567865E-1,4.103604E-3,2.8052466E-2,-1.0482678E-1,3.734129E-2,2.040639E-3,-3.4350163E-1],"categories":[],"categories_nodes":[],"categories_segments":[],"categories_sizes":[],"default_left":[0,0,0,0,0,0,0,0,0,0,0,0,0],