{"learner":{"attributes":{"scikit_learn":"{\"_estimator_type\": \"regressor\"}"},"feature_names":[],"feature_types":[],"gradient_booster":{"model":{"gbtree_model_param":{"num_parallel_tree":"1","num_trees":"10"},"iteration_indptr":[0,1,2,3,4,5,6,7,8,9,10],"tree_info":[0,0,0,0,0,0,0,0,0,0],"trees":[{"base_weights":[-4.873667E-8,-4.193047E-1,1.4908609E0,-7.0750755E-1,1.5897384E0,1.9491395E0,7.205156E-1,-8.164948E-1,4.4775057E0,8.453125E-1,2.9947357E0,7.9941136E-1,2.4217067E0,1.3137447E0,-9.2920053E-1,-1.01398505E-1,-2.9997656E-1,6.270331E-1,1.4881171E0,-1.9556324E-1,3.8764694E-1,6.1292267E-1,1.179826E0,7.3910184E-2,3.093282E-1,5.7414794E-1,8.028094E-1,3.2709518E-1,1.2759466E0,5.89502E-1,-7.670468E-1],"categories":[],"categories_nodes":[],"categories_segments":[],"categories_sizes":[],"default_left":[0,0,0,0,0,0,0,0,0,0,0,0,0,0,0,0,0,0,0,0,0,0,0,0,0,0,0,0,0,0,0],"id":0,"left_children":[1,3,5,7,9,11,13,15,17,19,21,23,25,27,29,-1,-1,-1,-1,-1,-1,-1,-1,-1,-1,-1,-1,-1,-1,-1,-1],"loss_changes":[2.9730942E3,2.1504172E3,3.6716162E2,1.8385365E3,4.8486572E2,3.5339795E2,3.8387665E2,2.7885767E2,6.6872314E1,2.0555948E2,1.3568555E2,2.4347054E1,5.4682617E1,1.8450513E2,4.9493436E2,0E0,0E0,0E0,0E0,0E0,0E0,0E0,0E0,0E0,0E0,0E0,0E0,0E0,0E0,0E0,0E0],"parents":[2147483647,0,0,1,1,2,2,3,3,4,4,5,5,6,6,7,7,8,8,9,9,10,10,11,11,12,12,13,13,14,14],"right_children":[2,4,6,8,10,12,14,16,18,20,22,24,26,28,30,-1,-1,-1,-1,-1,-1,-1,-1,-1,-1,-1,-1,-1,-1,-1,-1],"split_conditions":[9.48E2,4.015035E0,1E1,1.9444445E1,1.3611111E1,2.212E3,2.844E3,8.055555E0,2E1,6.9444447E0,6E0,1.264E3,3.475E3,1.888889E1,-4.8753996E0,-1.01398505E-1,-2.9997656E-1,6.270331E-1,1.4881171E0,-1.9556324E-1,3.8764694E-1,6.1292267E-1,1.179826E0,7.3910184E-2,3.093282E-1,5.7414794E-1,8.028094E-1,3.2709518E-1,1.2759466E0,5.89502E-1,-7.670468E-1],"split_indices":[0,2,1,1,1,0,0,1,1,1,2,0,0,1,2,0,0,0,0,0,0,0,0,0,0,0,0,0,0,0,0],"split_type":[0,0,0,0,0,0,0,0,0,0,0,0,0,0,0,0,0,0,0,0,0,0,0,0,0,0,0,0,0,0,0],"sum_hessian":[4.754E3,3.711E3,1.043E3,3.246E3,4.65E2,6.53E2,3.9E2,3.18E3,6.6E1,3.05E2,1.6E2,1.91E2,4.62E2,2.87E2,1.03E2,8.82E2,2.298E3,1.2E1,5.4E1,7E1,2.35E2,8.1E1,7.9E1,5.7E1,1.34E2,1.57E2,3.05E2,2.68E2,1.9E1,3.7E1,6.6E1],"tree_param":{"num_deleted":"0","num_feature":"3","num_nodes":"31","size_leaf_vector":"1"}},{"base_weights":[1.4476513E-3,-3.3830613E-1,9.4616723E-1,-5.3063124E-1,1.2744197E0,1.2897393E0,4.6871018E-1,-5.965477E-1,1.0609437E0,-6.154596E-1,1.6243513E0,5.819597E-1,1.698169E0,2.1422821E-1,2.2781088E0,1.7545989E-1,-1.9579224E-1,-2.9060585E-2,-3.340606E-1,3.506995E-1,6.894309E-1,1.8443511E-1,-2.8778654E-1,3.8528138E-1,5.557444E-1,2.3903358E-1,-1.5197624E-1,7.4729085E-1,-8.854E-1],"categories":[],"categories_nodes":[],"categories_segments":[],"categories_sizes":[],"default_left":[0,0,0,0,0,0,0,0,0,0,0,0,0,0,0,0,0,0,0,0,0,0,0,0,0,0,0,0,0],"id":1,"left_children":[1,3,5,7,9,11,13,15,-1,17,19,21,23,25,27,-1,-1,-1,-1,-1,-1,-1,-1,-1,-1,-1,-1,-1,-1],"loss_changes":[1.5265421E3,1.085643E3,2.0575903E2,8.401571E2,2.4767523E2,2.1032788E2,2.4263446E2,2.0429187E2,0E0,1.5131693E1,9.395392E1,1.4198433E1,2.7192627E1,1.9524254E2,7.970593E1,0E0,0E0,0E0,0E0,0E0,0E0,0E0,0E0,0E0,0E0,0E0,0E0,0E0,0E0],"parents":[2147483647,0,0,1,1,2,2,3,3,4,4,5,5,6,6,7,7,9,9,10,10,11,11,12,12,13,13,14,14],"right_children":[2,4,6,8,10,12,14,16,-1,18,20,22,24,26,28,-1,-1,-1,-1,-1,-1,-1,-1,-1,-1,-1,-1,-1,-1],"split_conditions":[6.32E2,4.5886116E0,1E1,2E1,6.9444447E0,2.212E3,4.617272E0,-1.2990381E1,1.0609437E0,7.3920574E0,1.3611111E1,8.210369E0,3.159E3,-3.25E0,6.319E3,1.7545989E-1,-1.9579224E-1,-2.9060585E-2,-3.340606E-1,3.506995E-1,6.894309E-1,1.8443511E-1,-2.8778654E-1,3.8528138E-1,5.557444E-1,2.3903358E-1,-1.5197624E-1,7.4729085E-1,-8.854E-1],"split_indices":[0,2,1,1,1,0,2,2,0,2,1,2,0,2,0,0,0,0,0,0,0,0,0,0,0,0,0,0,0],"split_type":[0,0,0,0,0,0,0,0,0,0,0,0,0,0,0,0,0,0,0,0,0,0,0,0,0,0,0,0,0],"sum_hessian":[4.754E3,3.497E3,1.257E3,3.125E3,3.72E2,7.3E2,5.27E2,3.076E3,4.9E1,5.8E1,3.14E2,2.68E2,4.62E2,4.63E2,6.4E1,1.39E2,2.937E3,2.9E1,2.9E1,1.89E2,1.25E2,2.63E2,5E0,1.28E2,3.34E2,2.56E2,2.07E2,6.2E1,2E0],"tree_param":{"num_deleted":"0","num_feature":"3","num_nodes":"29","size_leaf_vector":"1"}},{"base_weights":[1.5406016E-3,-2.3632255E-1,6.6294265E-1,-4.0778446E-1,6.995616E-1,6.2058663E-1,9.3850785E-1,-4.6330228E-1,2.2805233E0,5.500268E-1,3.0655851E0,8.8940215E-1,1.4123406E-1,-7.600929E-2,-2.7324617E-1,1.6113995E-1,8.1155425E-1,-9.084146E-2,2.0922719E-1,1.0864164E0,6.582748E-1,1.317252E-1,3.4876165E-1,-6.878284E-1,8.3699755E-2],"categories":[],"categories_nodes":[],"categories_segments":[],"categories_sizes":[],"default_left":[0,0,0,0,0,0,0,0,0,0,0,0,0,0,0,0,0,0,0,0,0,0,0,0,0],"id":2,"left_children":[1,3,5,7,9,11,-1,13,15,17,19,21,23,-1,-1,-1,-1,-1,-1,-1,-1,-1,-1,-1,-1],"loss_changes":[7.4822833E2,5.61604E2,1.2942542E2,4.4238593E2,1.9007504E2,1.5939978E2,0E0,2.7203943E2,4.296753E1,6.444644E1,7.5510864E0,9.702734E1,1.5019226E2,0E0,0E0,0E0,0E0,0E0,0E0,0E0,0E0,0E0,0E0,0E0,0E0],"parents":[2147483647,0,0,1,1,2,2,3,3,4,4,5,5,7,7,8,8,9,9,10,10,11,11,12,12],"right_children":[2,4,6,8,10,12,-1,14,16,18,20,22,24,-1,-1,-1,-1,-1,-1,-1,-1,-1,-1,-1,-1],"split_conditions":[6.32E2,3.2491913E0,1.9444445E1,1.9444445E1,1.7777779E1,1.0555555E1,9.3850785E-1,-1.8811108E0,-8.603646E0,6.9444447E0,5.4790707E0,2.212E3,1.1111111E1,-7.600929E-2,-2.7324617E-1,1.6113995E-1,8.1155425E-1,-9.084146E-2,2.0922719E-1,1.0864164E0,6.582748E-1,1.317252E-1,3.4876165E-1,-6.878284E-1,8.3699755E-2],"split_indices":[0,2,1,1,1,1,0,2,2,1,2,0,1,0,0,0,0,0,0,0,0,0,0,0,0],"split_type":[0,0,0,0,0,0,0,0,0,0,0,0,0,0,0,0,0,0,0,0,0,0,0,0,0],"sum_hessian":[4.754E3,3.497E3,1.257E3,2.956E3,5.41E2,1.237E3,2E1,2.897E3,5.9E1,5.1E2,3.1E1,7.92E2,4.45E2,1.973E3,9.24E2,1.2E1,4.7E1,7.5E1,4.35E2,1.7E1,1.4E1,3E2,4.92E2,2.3E1,4.22E2],"tree_param":{"num_deleted":"0","num_feature":"3","num_nodes":"25","size_leaf_vector":"1"}},{"base_weights":[1.7728162E-3,-1.222453E-1,6.407927E-1,-2.2775479E-1,7.366307E-1,1.0661458E0,3.8601372E-1,-2.70767E-1,1.7951531E0,4.905721E-2,1.1195321E0,1.1161157E0,-1.995372E0,6.338842E-1,-3.816711E-1,-7.653621E-2,-1.4294307E0,1.4467527E-1,6.2011385E-1,1.0150453E-1,-1.6247855E-1,1.7771037E-1,4.4500786E-1,2.9226762E-1,8.5604626E-1,-2.6090813E0,5.5627614E-1,8.956664E-2,2.8139025E-1,3.3326587E-1,-5.755064E-1],"categories":[],"categories_nodes":[],"categories_segments":[],"categories_sizes":[],"default_left":[0,0,0,0,0,0,0,0,0,0,0,0,0,0,0,0,0,0,0,0,0,0,0,0,0,0,0,0,0,0,0],"id":3,"left_children":[1,3,5,7,9,11,13,15,17,19,21,23,25,27,29,-1,-1,-1,-1,-1,-1,-1,-1,-1,-1,-1,-1,-1,-1,-1,-1],"loss_changes":[3.7691226E2,3.611055E2,8.335925E1,3.0919666E2,1.14732056E2,4.6439423E1,9.2530846E1,2.4312737E2,2.5418854E1,2.7009922E1,5.28244E1,6.747714E1,1.4511893E2,3.7142166E1,2.7506808E2,0E0,0E0,0E0,0E0,0E0,0E0,0E0,0E0,0E0,0E0,0E0,0E0,0E0,0E0,0E0,0E0],"parents":[2147483647,0,0,1,1,2,2,3,3,4,4,5,5,6,6,7,7,8,8,9,9,10,10,11,11,12,12,13,13,14,14],"right_children":[2,4,6,8,10,12,14,16,18,20,22,24,26,28,30,-1,-1,-1,-1,-1,-1,-1,-1,-1,-1,-1,-1,-1,-1,-1,-1],"split_conditions":[1.58E3,4.5886116E0,-3.7622216E0,1.9444445E1,1E1,1.8055555E1,1E1,4.499513E0,-8.603646E0,7.3920574E0,6.1064825E0,1.5555555E1,1.896E3,3.475E3,2.843E3,-7.653621E-2,-1.4294307E0,1.4467527E-1,6.2011385E-1,1.0150453E-1,-1.6247855E-1,1.7771037E-1,4.4500786E-1,2.9226762E-1,8.5604626E-1,-2.6090813E0,5.5627614E-1,8.956664E-2,2.8139025E-1,3.3326587E-1,-5.755064E-1],"split_indices":[0,2,2,1,1,1,1,2,2,2,2,1,0,0,0,0,0,0,0,0,0,0,0,0,0,0,0,0,0,0,0],"split_type":[0,0,0,0,0,0,0,0,0,0,0,0,0,0,0,0,0,0,0,0,0,0,0,0,0,0,0,0,0,0,0],"sum_hessian":[4.754E3,3.982E3,7.72E2,3.547E3,4.35E2,2.88E2,4.84E2,3.474E3,7.3E1,1.56E2,2.79E2,2.84E2,4E0,3.66E2,1.18E2,3.463E3,1.1E1,1.3E1,6E1,1.05E2,5.1E1,1.15E2,1.64E2,2.64E2,2E1,1E0,3E0,1.75E2,1.91E2,6E1,5.8E1],"tree_param":{"num_deleted":"0","num_feature":"3","num_nodes":"31",