{"learner":{"attributes":{"scikit_learn":"{\"_estimator_type\": \"regressor\"}"},"feature_names":[],"feature_types":[],"gradient_booster":{"model":{"gbtree_model_param":{"num_parallel_tree":"1","num_trees":"10"},"iteration_indptr":[0,1,2,3,4,5,6,7,8,9,10],"tree_info":[0,0,0,0,0,0,0,0,0,0],"trees":[{"base_weights":[-1.8412923E-7,5.2385575E-1,-1.1566114E0,5.568954E-1,-2.6079985E-1,-1.22831E0,-6.778083E-2,5.1375866E-1,1.5139796E0,-9.8199975E-1,6.210067E-1,-1.1961229E0,-2.1364338E0,1.3952724E0,-9.906253E-1,1.5794757E-1,-4.8451534E-1,1.5582917E0,3.226934E-1,-4.9898645E-1,-2.2847416E-1,8.2255685E-1,8.674843E-2,-3.9296326E-1,-2.4970527E-1,-7.185468E-1,-2.8965577E-1,2.0529948E-1,5.9860796E-1,-6.161405E-1,2.3824388E-1],"categories":[],"categories_nodes":[],"categories_segments":[],"categories_sizes":[],"default_left":[0,0,0,0,0,0,0,0,0,0,0,0,0,0,0,0,0,0,0,0,0,0,0,0,0,0,0,0,0,0,0],"id":0,"left_children":[1,3,5,7,9,11,13,15,17,19,21,23,25,27,29,-1,-1,-1,-1,-1,-1,-1,-1,-1,-1,-1,-1,-1,-1,-1,-1],"loss_changes":[2.8610486E3,8.4400696E1,1.14832275E2,1.27991516E2,8.45564E1,3.7811035E1,1.25597885E2,8.1790344E1,2.1058368E2,9.695618E0,4.14348E1,5.419458E1,1.1622726E1,1.39930725E1,1.0979004E2,0E0,0E0,0E0,0E0,0E0,0E0,0E0,0E0,0E0,0E0,0E0,0E0,0E0,0E0,0E0,0E0],"parents":[2147483647,0,0,1,1,2,2,3,3,4,4,5,5,6,6,7,7,8,8,9,9,10,10,11,11,12,12,13,13,14,14],"right_children":[2,4,6,8,10,12,14,16,18,20,22,24,26,28,30,-1,-1,-1,-1,-1,-1,-1,-1,-1,-1,-1,-1,-1,-1,-1,-1],"split_conditions":[2.906E3,2.012E3,1.5427E4,1.34E3,2.46E3,1.3968E4,1.7108E4,1.229E3,1.341E3,2.123E3,2.568E3,9.383E3,1.4966E4,1.5992E4,2.0763E4,1.5794757E-1,-4.8451534E-1,1.5582917E0,3.226934E-1,-4.9898645E-1,-2.2847416E-1,8.2255685E-1,8.674843E-2,-3.9296326E-1,-2.4970527E-1,-7.185468E-1,-2.8965577E-1,2.0529948E-1,5.9860796E-1,-6.161405E-1,2.3824388E-1],"split_indices":[0,0,0,0,0,0,0,0,0,0,0,0,0,0,0,0,0,0,0,0,0,0,0,0,0,0,0,0,0,0,0],"split_type":[0,0,0,0,0,0,0,0,0,0,0,0,0,0,0,0,0,0,0,0,0,0,0,0,0,0,0,0,0,0,0],"sum_hessian":[4.72E3,3.249E3,1.471E3,3.118E3,1.31E2,1.38E3,9.1E1,2.985E3,1.33E2,7.2E1,5.9E1,1.335E3,4.5E1,3.5E1,5.6E1,2.968E3,1.7E1,1.3E1,1.2E2,1.6E1,5.6E1,7E0,5.2E1,1.015E3,3.2E2,3.6E1,9E0,1.7E1,1.8E1,3.5E1,2.1E1],"tree_param":{"num_deleted":"0","num_feature":"1","num_nodes":"31","size_leaf_vector":"1"}},{"base_weights":[1.0824123E-4,3.6373803E-1,-8.1962514E-1,3.9591822E-1,-1.1698142E-1,-8.7157136E-1,-4.2816114E-2,3.8007206E-1,1.14697E0,-1.1248509E0,1.1033231E-1,-1.0195822E0,-7.393685E-1,1.374761E0,-6.2208533E-1,1.0785653E-1,3.830652E-1,-5.493171E-1,-2.80565E-1,8.167629E-1,-5.4190334E-2,-2.7609414E-1,-9.9738854E-1,-1.0038734E-1,-2.851282E-1,1.4713132E-1,8.487201E-1,-4.1338024E-1,9.925933E-2],"categories":[],"categories_nodes":[],"categories_segments":[],"categories_sizes":[],"default_left":[0,0,0,0,0,0,0,0,0,0,0,0,0,0,0,0,0,0,0,0,0,0,0,0,0,0,0,0,0],"id":1,"left_children":[1,3,5,7,9,11,13,15,-1,17,19,21,23,25,27,-1,-1,-1,-1,-1,-1,-1,-1,-1,-1,-1,-1,-1,-1],"loss_changes":[1.4075315E3,5.0647522E1,5.8513916E1,1.6506067E2,4.7319233E1,2.5857788E1,7.6401825E1,5.58071E1,0E0,3.3765602E0,1.2894302E2,1.4315515E2,6.1358673E1,3.333659E1,4.799478E1,0E0,0E0,0E0,0E0,0E0,0E0,0E0,0E0,0E0,0E0,0E0,0E0,0E0,0E0],"parents":[2147483647,0,0,1,1,2,2,3,3,4,4,5,5,6,6,7,7,9,9,10,10,11,11,12,12,13,13,14,14],"right_children":[2,4,6,8,10,12,14,16,-1,18,20,22,24,26,28,-1,-1,-1,-1,-1,-1,-1,-1,-1,-1,-1,-1,-1,-1],"split_conditions":[3.129E3,1.676E3,1.5427E4,1.565E3,1.901E3,6.262E3,1.6547E4,1.34E3,1.14697E0,1.677E3,2.012E3,6.255E3,8.382E3,1.5992E4,1.9564E4,1.0785653E-1,3.830652E-1,-5.493171E-1,-2.80565E-1,8.167629E-1,-5.4190334E-2,-2.7609414E-1,-9.9738854E-1,-1.0038734E-1,-2.851282E-1,1.4713132E-1,8.487201E-1,-4.1338024E-1,9.925933E-2],"split_indices":[0,0,0,0,0,0,0,0,0,0,0,0,0,0,0,0,0,0,0,0,0,0,0,0,0,0,0,0,0],"split_type":[0,0,0,0,0,0,0,0,0,0,0,0,0,0,0,0,0,0,0,0,0,0,0,0,0,0,0,0,0],"sum_hessian":[4.72E3,3.27E3,1.45E3,3.065E3,2.05E2,1.359E3,9.1E1,3.052E3,1.3E1,3.7E1,1.68E2,6.38E2,7.21E2,2.6E1,6.5E1,2.985E3,6.7E1,6E0,3.1E1,1.6E1,1.52E2,6.13E2,2.5E1,2.48E2,4.73E2,1.7E1,9E0,3.6E1,2.9E1],"tree_param":{"num_deleted":"0","num_feature":"1","num_nodes":"29","size_leaf_vector":"1"}},{"base_weights":[2.012725E-4,2.5273493E-1,-5.8466965E-1,2.7767673E-1,-7.6554045E-2,-6.998817E-1,-3.3935267E-1,2.6621103E-1,8.274569E-1,-8.092348E-1,6.5886885E-2,-6.125189E-1,-2.1672337E0,1.066484E0,-4.584777E-1,6.483877E-2,1.5737431E-1,-4.0806422E-1,-1.9902585E-1,5.861475E-1,-3.383532E-2,-2.2434308E-1,-6.9955446E-2,-1.2205439E0,-5.534454E-1,6.6809915E-2,9.7141594E-1,-3.2056004E-2,-1.9092596E-1],"categories":[],"categories_nodes":[],"categories_segments":[],"categories_sizes":[],"default_left":[0,0,0,0,0,0,0,0,0,0,0,0,0,0,0,0,0,0,0,0,0,0,0,0,0,0,0,0,0],"id":2,"left_children":[1,3,5,7,9,11,13,15,-1,17,19,21,23,25,27,-1,-1,-1,-1,-1,-1,-1,-1,-1,-1,-1,-1,-1,-1],"loss_changes":[6.9743756E2,2.7107956E1,4.0009674E1,8.6465454E1,2.4370068E1,1.2276227E2,7.7022896E1,3.9391357E1,0E0,2.1505718E0,6.633514E1,4.6783966E1,2.5595947E1,6.524297E1,2.633603E1,0E0,0E0,0E0,0E0,0E0,0E0,0E0,0E0,0E0,0E0,0E0,0E0,0E0,0E0],"parents":[2147483647,0,0,1,1,2,2,3,3,4,4,5,5,6,6,7,7,9,9,10,10,11,11,12,12,13,13,14,14],"right_children":[2,4,6,8,10,12,14,16,-1,18,20,22,24,26,28,-1,-1,-1,-1,-1,-1,-1,-1,-1,-1,-1,-1,-1,-1],"split_conditions":[3.244E3,1.676E3,9.383E3,1.565E3,1.901E3,8.94E3,9.716E3,4.46E2,8.274569E-1,1.677E3,2.012E3,6.597E3,8.944E3,9.614E3,1.151E4,6.483877E-2,1.5737431E-1,-4.0806422E-1,-1.9902585E-1,5.861475E-1,-3.383532E-2,-2.2434308E-1,-6.9955446E-2,-1.2205439E0,-5.534454E-1,6.6809915E-2,9.7141594E-1,-3.2056004E-2,-1.9092596E-1],"split_indices":[0,0,0,0,0,0,0,0,0,0,0,0,0,0,0,0,0,0,0,0,0,0,0,0,0,0,0,0,0],"split_type":[0,0,0,0,0,0,0,0,0,0,0,0,0,0,0,0,0,0,0,0,0,0,0,0,0,0,0,0,0],"sum_hessian":[4.72E3,3.297E3,1.423E3,3.065E3,2.32E2,9.67E2,4.56E2,3.052E3,1.3E1,3.7E1,1.95E2,9.14E2,5.3E1,3.5E1,4.21E2,2.558E3,4.94E2,6E0,3.1E1,1.6E1,1.79E2,6.73E2,2.41E2,6E0,4.7E1,2.6E1,9E0,1.42E2,2.79E2],"tree_param":{"num_deleted":"0","num_feature":"1","num_nodes":"29","size_leaf_vector":"1"}},{"base_weights":[8.6153195E-5,1.77216E-1,-4.1014862E-1,1.9471595E-1,-5.3822882E-2,-4.496251E-1,1.6628955E-1,1.7365128E-1,9.688441E-1,-3.4020546E-1,2.8078848E-1,-1.4061812E-1,-5.1734793E-1,1.0063303E0,-3.6717984E-1,5.4954447E-2,-4.2238486E-1,9.736452E-1,1.4576295E-1,9.466244E-3,-1.8316361E-1,6.297424E-1,4.0194143E-2,-1.1873931E-1,2.6020402E-1,-9.724538E-1,-1.4369935E-1,1.595398E-1,4.2087638E-1,-3.5907346E-1,1.2584269E-1],"categories":[],"categories_nodes":[],"categories_segments":[],"categories_sizes":[],"default_left":[0,0,0,0,0,0,0,0,0,0,0,0,0,0,0,0,0,0,0,0,0,0,0,0,0,0,0,0,0,0,0],"id":3,"left_children":[1,3,5,7,9,11,13,15,17,19,21,23,25,27,29,-1,-1,-1,-1,-1,-1,-1,-1,-1,-1,-1,-1,-1,-1,-1,-1],"loss_changes":[3.4312332E2,1.3344849E1,3.2478973E1,4.9828278E1,2.2423185E1,2.7822723E1,4.1598022E1,4.5265785E1,8.7486115E1,1.268245E1,2.8549221E1,6.2331383E1,1.12635376E2,6.0289345E0,3.7706707E1,0E0,0E0,0E0,0E0,0E0,0E0,0E0,0E0,0E0,0E0,0E0,0E0,0E0,0E0,0E0,0E0],"parents":[2147483647,0,0,1,1,2,2,3,3,4,4,5,5,6,6,7,7,8,8,9,9,10,10,11,11,12,12,13,13,14,14],"right_children":[2,4,6,8,10,12,14,16,18,20,22,24,26,28,30,-1,-1,-1,-1,-1,-1,-1,-1,-1,-1,-1,-1,-1,-1,-1,-1],"split_conditions":[3.244E3,1.676E3,1.5427E4,1.34E3,2.46E3,4.47E3,1.7108E4,1.229E3,1.341E3,2.012E3,2.568E3,4.249E3,4.581E3,1.5992E4,1.9564E4,5.4954447E-2,-4.2238486E-1,9.736452E-1,1.4576295E-1,9.466244E-3,-1.8316361E-1,6.297424E-1,4.0194143E-2,-1.1873931E-1,2.6020402E-1,-9.724538E-1,-1.4369935E-1,1.595398E-1,4.2087638E-1,-3.5907346E-1,1.2584269E-1],"split_indices":[0,0,0,0,0,0,0,0,0,0,0,0,0,0,0,0,0,0,0,0,0,0,0,0,0,0,0,0,0,0,0],"split_type":[0,0,0,0,0,0,0,0,0,0,0,0,0,0,0,0,0,0,0,0,0,0,0,0,0,0,0,0,0,0,0],"sum_hessian":[4.72E3,3.297E3,1.423E3,3.065E3,2.32E2,1.332E3,9.1E1,2.985E3,8E1,1.25E2,1.07E2,2.4E2,1.092E3,3.5E1,5.6E1,2.968E3,1.7E1,1.3E1,6.7E1,5.3E1,7.2E1,7E0,1E2,1.92E2,4.8E1,1.4E1,1.078E3,1.7E1,1.8E1,2.7E1,2.9E1],"tree_param":{"num_deleted":"0","num_feature":"1","num_nodes":"31",