{"learner":{"attributes":{"scikit_learn":"{\"_estimator_type\": \"regressor\"}"},"feature_names":[],"feature_types":[],"gradient_booster":{"model":{"gbtree_model_param":{"num_parallel_tree":"1","num_trees":"10"},"iteration_indptr":[0,1,2,3,4,5,6,7,8,9,10],"tree_info":[0,0,0,0,0,0,0,0,0,0],"trees":[{"base_weights":[-5.030574E-7,-9.1555065E-1,3.1765606E0,-1.59022E0,-2.2000092E-1,2.1611066E0,3.8895366E0,-5.852107E-1,-3.796573E-1,-1.645527E-1,1.6065782E-1,5.3761345E-1,8.214539E-1,9.9837655E-1,1.2958528E0],"categories":[],"categories_nodes":[],"categories_segments":[],"categories_sizes":[],"default_left":[0,0,0,0,0,0,0,0,0,0,0,0,0,0,0],"id":0,"left_children":[1,3,5,7,9,11,13,-1,-1,-1,-1,-1,-1,-1,-1],"loss_changes":[5.979467E3,7.4859863E2,3.2463135E2,9.23396E1,1.9562454E2,3.5984375E1,5.0583008E1,0E0,0E0,0E0,0E0,0E0,0E0,0E0,0E0],"parents":[2147483647,0,0,1,1,2,2,3,3,4,4,5,5,6,6],"right_children":[2,4,6,8,10,12,14,-1,-1,-1,-1,-1,-1,-1,-1],"split_conditions":[3.39E1,2.08E1,6.27E1,2.02E1,2.19E1,5.18E1,2.56E1,-5.852107E-1,-3.796573E-1,-1.645527E-1,1.6065782E-1,5.3761345E-1,8.214539E-1,9.9837655E-1,1.2958528E0],"split_indices":[0,3,0,3,3,0,3,0,0,0,0,0,0,0,0],"split_type":[0,0,0,0,0,0,0,0,0,0,0,0,0,0,0],"sum_hessian":[2.054E3,1.595E3,4.59E2,8.09E2,7.86E2,1.91E2,2.68E2,3.81E2,4.28E2,5.48E2,2.38E2,1.19E2,7.2E1,1.2E2,1.48E2],"tree_param":{"num_deleted":"0","num_feature":"4","num_nodes":"15","size_leaf_vector":"1"}},{"base_weights":[1.3061403E-3,-6.414923E-1,2.2315345E0,-9.935002E-1,5.845872E-2,1.3260435E0,2.635822E0,-4.0272263E-1,-2.2364561E-1,-4.3548428E-2,1.9188024E-1,-1.0307007E-1,4.128602E-1,5.9290266E-1,8.572586E-1],"categories":[],"categories_nodes":[],"categories_segments":[],"categories_sizes":[],"default_left":[0,0,0,0,0,0,0,0,0,0,0,0,0,0,0],"id":1,"left_children":[1,3,5,7,9,11,13,-1,-1,-1,-1,-1,-1,-1,-1],"loss_changes":[2.9474536E3,3.932937E2,1.6490112E2,9.0898926E1,6.3400585E1,1.2531815E1,4.0701416E1,0E0,0E0,0E0,0E0,0E0,0E0,0E0,0E0],"parents":[2147483647,0,0,1,1,2,2,3,3,4,4,5,5,6,6],"right_children":[2,4,6,8,10,12,14,-1,-1,-1,-1,-1,-1,-1,-1],"split_conditions":[3.39E1,2.12E1,5.59E1,2.03E1,2.24E1,-1.5937777E1,2.51E1,-4.0272263E-1,-2.2364561E-1,-4.3548428E-2,1.9188024E-1,-1.0307007E-1,4.128602E-1,5.9290266E-1,8.572586E-1],"split_indices":[0,3,0,3,3,2,3,0,0,0,0,0,0,0,0],"split_type":[0,0,0,0,0,0,0,0,0,0,0,0,0,0,0],"sum_hessian":[2.054E3,1.595E3,4.59E2,1.061E3,5.34E2,1.43E2,3.16E2,4.39E2,6.22E2,3.96E2,1.38E2,4E0,1.39E2,8.2E1,2.34E2],"tree_param":{"num_deleted":"0","num_feature":"4","num_nodes":"15","size_leaf_vector":"1"}},{"base_weights":[1.538407E-3,-4.3728906E-1,1.6225916E0,-6.5896636E-1,1.3251571E-1,1.2181783E0,2.007034E0,-2.6039296E-1,-1.2513572E-1,6.0250787E-3,1.997875E-1,3.3317235E-1,6.3497007E-1,5.4501355E-1,7.296735E-1],"categories":[],"categories_nodes":[],"categories_segments":[],"categories_sizes":[],"default_left":[0,0,0,0,0,0,0,0,0,0,0,0,0,0,0],"id":2,"left_children":[1,3,5,7,9,11,13,-1,-1,-1,-1,-1,-1,-1,-1],"loss_changes":[1.4625598E3,2.044614E2,6.565259E1,5.8526978E1,2.7215765E1,1.853012E1,1.3628052E1,0E0,0E0,0E0,0E0,0E0,0E0,0E0,0E0],"parents":[2147483647,0,0,1,1,2,2,3,3,4,4,5,5,6,6],"right_children":[2,4,6,8,10,12,14,-1,-1,-1,-1,-1,-1,-1,-1],"split_conditions":[3.57E1,2.14E1,2.53E1,2.06E1,2.29E1,1.4444445E1,2.65E1,-2.6039296E-1,-1.2513572E-1,6.0250787E-3,1.997875E-1,3.3317235E-1,6.3497007E-1,5.4501355E-1,7.296735E-1],"split_indices":[0,3,3,3,3,1,3,0,0,0,0,0,0,0,0],"split_type":[0,0,0,0,0,0,0,0,0,0,0,0,0,0,0],"sum_hessian":[2.054E3,1.617E3,4.37E2,1.164E3,4.53E2,2.15E2,2.22E2,6.23E2,5.41E2,3.75E2,7.8E1,1.94E2,2.1E1,1.57E2,6.5E1],"tree_param":{"num_deleted":"0","num_feature":"4","num_nodes":"15","size_leaf_vector":"1"}},{"base_weights":[2.0808505E-3,-2.9109937E-1,1.2272291E0,-4.369804E-1,1.8629366E-1,8.316105E-1,1.4211539E0,-2.509666E-1,-1.05208345E-1,3.253955E-2,1.5320686E-1,-1.3939953E-2,2.7334866E-1,3.766818E-1,5.518103E-1],"categories":[],"categories_nodes":[],"categories_segments":[],"categories_sizes":[],"default_left":[0,0,0,0,0,0,0,0,0,0,0,0,0,0,0],"id":3,"left_children":[1,3,5,7,9,11,13,-1,-1,-1,-1,-1,-1,-1,-1],"loss_changes":[7.384911E2,1.1561847E2,2.9276123E1,4.3527786E1,9.765783E0,9.332733E0,1.6037598E1,0E0,0E0,0E0,0E0,0E0,0E0,0E0,0E0],"parents":[2147483647,0,0,1,1,2,2,3,3,4,4,5,5,6,6],"right_children":[2,4,6,8,10,12,14,-1,-1,-1,-1,-1,-1,-1,-1],"split_conditions":[4.1E1,2.16E1,6.29E1,1.99E1,2.32E1,-1.2216004E1,2.62E1,-2.509666E-1,-1.05208345E-1,3.253955E-2,1.5320686E-1,-1.3939953E-2,2.7334866E-1,3.766818E-1,5.518103E-1],"split_indices":[0,3,0,3,3,2,3,0,0,0,0,0,0,0,0],"split_type":[0,0,0,0,0,0,0,0,0,0,0,0,0,0,0],"sum_hessian":[2.054E3,1.658E3,3.96E2,1.27E3,3.88E2,1.32E2,2.64E2,2.24E2,1.046E3,3.14E2,7.4E1,1.1E1,1.21E2,1.92E2,7.2E1],"tree_param":{"num_deleted":"0","num_feature":"4","num_nodes":"15","size_leaf_vector":"1"}},{"base_weights":[1.9512714E-3,-2.4442601E-1,7.5271916E-1,-4.309812E-1,-4.224679E-2,4.4050664E-1,9.6596664E-1,-2.204573E-1,-1.0739029E-1,-2.7438287E-2,1.1195462E-1,9.313737E-2,3.042401E-1,-8.005905E-2,3.001615E-1],"categories":[],"categories_nodes":[],"categories_segments":[],"categories_sizes":[],"default_left":[0,0,0,0,0,0,0,0,0,0,0,0,0,0,0],"id":4,"left_children":[1,3,5,7,9,11,13,-1,-1,-1,-1,-1,-1,-1,-1],"loss_changes":[3.8030176E2,5.83686E1,3.3396393E1,1.7597565E1,1.5245197E1,1.5201843E1,1.3095947E1,0E0,0E0,0E0,0E0,0E0,0E0,0E0,0E0],"parents":[2147483647,0,0,1,1,2,2,3,3,4,4,5,5,6,6],"right_children":[2,4,6,8,10,12,14,-1,-1,-1,-1,-1,-1,-1,-1],"split_conditions":[3.1E1,2.08E1,5.81E1,1.97E1,2.26E1,1.4444445E1,2.24E1,-2.204573E-1,-1.0739029E-1,-2.7438287E-2,1.1195462E-1,9.313737E-2,3.042401E-1,-8.005905E-2,3.001615E-1],"split_indices":[0,3,0,3,3,1,3,0,0,0,0,0,0,0,0],"split_type":[0,0,0,0,0,0,0,0,0,0,0,0,0,0,0],"sum_hessian":[2.054E3,1.547E3,5.07E2,8.04E2,7.43E2,2.07E2,3E2,1.54E2,6.5E2,6.65E2,7.8E1,1.7E2,3.7E1,8E0,2.92E2],"tree_param":{"num_deleted":"0","num_feature":"4","num_nodes":"15","size_leaf_vector":"1"}},{"base_weights":[1.5479819E-3,-1.7531084E-1,5.17299E-1,-2.868247E-1,-8.75224E-3,4.038793E-1,8.5881364E-1,-1.5474688E-1,-7.197866E-2,-1.8355351E-2,5.3973816E-2,7.537761E-2,1.643232E-1,2.1914805E-1,3.1680802E-1],"categories":[],"categories_nodes":[],"categories_segments":[],"categories_sizes":[],"default_left":[0,0,0,0,0,0,0,0,0,0,0,0,0,0,0],"id":5,"left_children":[1,3,5,7,9,11,13,-1,-1,-1,-1,-1,-1,-1,-1],"loss_changes":[1.8753773E2,2.8433662E1,1.9988754E1,9.723961E0,6.094668E0,8.557228E0,2.5184097E0,0E0,0E0,0E0,0E0,0E0,0E0,0E0,0E0],"parents":[2147483647,0,0,1,1,2,2,3,3,4,4,5,5,6,6],"right_children":[2,4,6,8,10,12,14,-1,-1,-1,-1,-1,-1,-1,-1],"split_conditions":[3.04E1,2.1E1,2.6E1,1.97E1,2.22E1,5.59E1,2.66E1,-1.5474688E-1,-7.197866E-2,-1.8355351E-2,5.3973816E-2,7.537761E-2,1.643232E-1,2.1914805E-1,3.1680802E-1],"split_indices":[0,3,3,3,3,0,3,0,0,0,0,0,0,0,0],"split_type":[0,0,0,0,0,0,0,0,0,0,0,0,0,0,0],"sum_hessian":[2.054E3,1.53E3,5.24E2,9.16E2,6.14E2,3.95E2,1.29E2,1.54E2,7.62E2,4.81E2,1.33E2,1.93E2,2.02E2,8.1E1,4.8E1],"tree_param":{"num_deleted":"0","num_feature":"4","num_nodes":"15","size_leaf_vector":"1"}},{"base_weights":[1.367956E-3,-1.2019083E-1,3.7178454E-1,-3.1128168E-1,-6.451508E-2,2.5610125E-1,5.5012643E-1,-1.3027555E-1,-7.116079E-2,-3.5042867E-2,1.9468853E-2,7.1972966E-2,5.4991436E-1,1.2398817E-1,3.2511106E-1],"categories":[],"categories_nodes":[],"categories_segments":[],"categories_sizes":[],"default_left":[0,0,0,0,0,0,0,0,0,0,0,0,0,0,0],"id":6,"left_children":[1,3,5,7,9,11,13,-1,-1,-1,-1,-1,-1,-1,-1],"loss_changes":[9.257597E1,1.6449286E1,1.0339752E1,3.0762138E0,8.128572E0,7.475439E0,1.4081242E1,0E0,0E0,0E0,0E0,0E0,0E0,0E0,0E0],"parents":[2147483647,0,0,1,1,2,2,3,3,4,4,5,5,6,6],"right_children":[2,4,6,8,10,12,14,-1,-1,-1,-1,-1,-1,-1,-1],"split_conditions":[3.1E1,2.2E1,6.5E1,2E1,2.15E1,1.75E1,1.1111111E1,-1.3027555E-1,-7.116079E-2,-3.5042867E-2,1.9468853E-2,7.1972966E-2,5.4991436E-1,1.2398817E-1,3.2511106E-1],"split_indices":[0,0,0,3,3,1,1,0,0,0,0,0,0,0,0],