{"learner":{"attributes":{"scikit_learn":"{\"_estimator_type\": \"regressor\"}"},"feature_names":[],"feature_types":[],"gradient_booster":{"model":{"gbtree_model_param":{"num_parallel_tree":"1","num_trees":"10"},"iteration_indptr":[0,1,2,3,4,5,6,7,8,9,10],"tree_info":[0,0,0,0,0,0,0,0,0,0],"trees":[{"base_weights":[6.7687516E-8,2.760126E-1,-1.7407308E0,2.0233948E0,1.312041E-1,-2.0612917E0,-1.33541105E-2,7.527504E-1,1.9022806E0,3.3441257E-1,-1.4931079E0,-1.1173257E0,-2.4369519E0,1.7034198E-1,-1.3521694E0,4.842684E-1,6.621599E-1,3.744081E-2,2.4054584E-1,-3.2449394E-1,-8.62179E-1,-4.066818E-1,4.3774068E-1,-1.0976044E0,-4.8354176E-1,2.6882002E-1,-3.0681017E-1],"categories":[],"categories_nodes":[],"categories_segments":[],"categories_sizes":[],"default_left":[0,0,0,0,0,0,0,0,0,0,0,0,0,0,0,0,0,0,0,0,0,0,0,0,0,0,0],"id":0,"left_children":[1,3,5,7,9,11,13,-1,15,17,19,21,23,25,-1,-1,-1,-1,-1,-1,-1,-1,-1,-1,-1,-1,-1],"loss_changes":[1.0988201E3,4.9922723E2,1.7328986E2,4.110779E0,6.025542E2,9.089429E1,4.2043156E1,0E0,7.416168E0,1.588123E2,1.1222687E2,4.9249855E1,1.8362659E2,4.334161E1,0E0,0E0,0E0,0E0,0E0,0E0,0E0,0E0,0E0,0E0,0E0,0E0,0E0],"parents":[2147483647,0,0,1,1,2,2,3,3,4,4,5,5,6,6,8,8,9,9,10,10,11,11,12,12,13,13],"right_children":[2,4,6,8,10,12,14,-1,16,18,20,22,24,26,-1,-1,-1,-1,-1,-1,-1,-1,-1,-1,-1,-1,-1],"split_conditions":[1.6666666E1,3.3333333E0,1.888889E1,-2.2222223E0,6.32E2,1.7222221E1,1.896E3,7.527504E-1,1.6666666E0,1.3888889E1,1.896E3,6.32E2,1.75E1,2E1,-1.3521694E0,4.842684E-1,6.621599E-1,3.744081E-2,2.4054584E-1,-3.2449394E-1,-8.62179E-1,-4.066818E-1,4.3774068E-1,-1.0976044E0,-4.8354176E-1,2.6882002E-1,-3.0681017E-1],"split_indices":[1,1,1,1,0,1,0,0,1,1,0,0,1,1,0,0,0,0,0,0,0,0,0,0,0,0,0],"split_type":[0,0,0,0,0,0,0,0,0,0,0,0,0,0,0,0,0,0,0,0,0,0,0,0,0,0,0],"sum_hessian":[2.285E3,1.973E3,3.12E2,1.5E2,1.823E3,2.63E2,4.9E1,2.6E1,1.24E2,1.621E3,2.02E2,7.6E1,1.87E2,4.8E1,1E0,6.7E1,5.7E1,1.12E3,5.01E2,1.57E2,4.5E1,7E1,6E0,7.4E1,1.13E2,3E1,1.8E1],"tree_param":{"num_deleted":"0","num_feature":"2","num_nodes":"27","size_leaf_vector":"1"}},{"base_weights":[-8.527552E-4,6.4433676E-1,-4.1873786E-1,1.4924088E0,4.9513835E-1,-2.1146198E-1,-1.3660301E0,1.3350801E0,1.8167132E0,5.6801873E-1,-2.1174278E0,-7.3872435E-1,2.0902026E-1,-2.4043484E0,-8.034552E-1,4.413459E-1,8.4796116E-2,4.584813E-1,1.4882672E0,1.8969034E-1,-3.455713E-2,-1.8932638E-1,-1.2087281E0,-2.0498705E-1,-1.0259802E0,1.2375439E-1,-3.9477137E-1,-3.6922985E-1,-7.727134E-1,-2.9134008E-1,4.8055202E-1],"categories":[],"categories_nodes":[],"categories_segments":[],"categories_sizes":[],"default_left":[0,0,0,0,0,0,0,0,0,0,0,0,0,0,0,0,0,0,0,0,0,0,0,0,0,0,0,0,0,0,0],"id":1,"left_children":[1,3,5,7,9,11,13,15,17,19,21,23,25,27,29,-1,-1,-1,-1,-1,-1,-1,-1,-1,-1,-1,-1,-1,-1,-1,-1],"loss_changes":[6.166099E2,1.1301242E2,2.722461E2,4.4115295E0,1.4705278E2,2.5289746E2,1.43517E2,1.3045578E1,2.9601852E1,3.2835907E1,5.7126373E1,7.287042E1,1.9759196E2,1.4326355E1,6.729611E1,0E0,0E0,0E0,0E0,0E0,0E0,0E0,0E0,0E0,0E0,0E0,0E0,0E0,0E0,0E0,0E0],"parents":[2147483647,0,0,1,1,2,2,3,3,4,4,5,5,6,6,7,7,8,8,9,9,10,10,11,11,12,12,13,13,14,14],"right_children":[2,4,6,8,10,12,14,16,18,20,22,24,26,28,30,-1,-1,-1,-1,-1,-1,-1,-1,-1,-1,-1,-1,-1,-1,-1,-1],"split_conditions":[1.2222222E1,2.7777777E0,1.6944445E1,1.6666666E0,2.844E3,1.3888889E1,1.75E1,5.056E3,6.32E3,6.32E2,8.055555E0,1.896E3,6.32E2,1.7222221E1,6.32E2,4.413459E-1,8.4796116E-2,4.584813E-1,1.4882672E0,1.8969034E-1,-3.455713E-2,-1.8932638E-1,-1.2087281E0,-2.0498705E-1,-1.0259802E0,1.2375439E-1,-3.9477137E-1,-3.6922985E-1,-7.727134E-1,-2.9134008E-1,4.8055202E-1],"split_indices":[1,1,1,1,0,1,1,0,0,0,1,0,0,1,0,0,0,0,0,0,0,0,0,0,0,0,0,0,0,0,0],"split_type":[0,0,0,0,0,0,0,0,0,0,0,0,0,0,0,0,0,0,0,0,0,0,0,0,0,0,0,0,0,0,0],"sum_hessian":[2.285E3,8.98E2,1.387E3,1.33E2,7.65E2,1.139E3,2.48E2,9.3E1,4E1,7.45E2,2E1,5.05E2,6.34E2,8.6E1,1.62E2,8.2E1,1.1E1,3.8E1,2E0,6.81E2,6.4E1,1.2E1,8E0,4.96E2,9E0,5.6E2,7.4E1,1.2E1,7.4E1,1.52E2,1E1],"tree_param":{"num_deleted":"0","num_feature":"2","num_nodes":"31","size_leaf_vector":"1"}},{"base_weights":[-1.1327517E-3,1.8589397E-1,-8.624613E-1,5.346639E-1,-2.735271E-2,-9.3223107E-1,1.7403404E0,6.503995E-1,-3.638674E-1,-3.4305128E-1,4.3166152E-1,-8.7614733E-1,-3.939744E0,1.154759E0,1.1394231E0,3.5888276E-1,1.6475746E-1,1.4416748E-1,-5.3057575E-1,4.0902175E-2,-1.5586197E-1,1.7161755E-1,-1.7700845E-1,-2.780578E-1,6.1362576E-1,-1.5918375E0,-6.995901E-1,4.243619E-1,-1.7749E-1],"categories":[],"categories_nodes":[],"categories_segments":[],"categories_sizes":[],"default_left":[0,0,0,0,0,0,0,0,0,0,0,0,0,0,0,0,0,0,0,0,0,0,0,0,0,0,0,0,0],"id":2,"left_children":[1,3,5,7,9,11,13,15,17,19,21,23,25,27,-1,-1,-1,-1,-1,-1,-1,-1,-1,-1,-1,-1,-1,-1,-1],"loss_changes":[3.684154E2,1.3976343E2,7.571387E1,7.438301E1,1.6925821E2,6.36799E1,8.868832E0,3.4259125E1,9.8116684E1,5.8619034E1,6.861599E1,5.9973877E1,3.0041428E0,5.373678E0,0E0,0E0,0E0,0E0,0E0,0E0,0E0,0E0,0E0,0E0,0E0,0E0,0E0,0E0,0E0],"parents":[2147483647,0,0,1,1,2,2,3,3,4,4,5,5,6,6,7,7,8,8,9,9,10,10,11,11,12,12,13,13],"right_children":[2,4,6,8,10,12,14,16,18,20,22,24,26,28,-1,-1,-1,-1,-1,-1,-1,-1,-1,-1,-1,-1,-1,-1,-1],"split_conditions":[1.611111E1,1.1111111E1,2.0555555E1,9.48E2,1.3888889E1,1.58E3,6.32E2,2.5E0,7.5E0,1.2222222E1,6.32E2,1.264E3,1.896E3,2.4444445E1,1.1394231E0,3.5888276E-1,1.6475746E-1,1.4416748E-1,-5.3057575E-1,4.0902175E-2,-1.5586197E-1,1.7161755E-1,-1.7700845E-1,-2.780578E-1,6.1362576E-1,-1.5918375E0,-6.995901E-1,4.243619E-1,-1.7749E-1],"split_indices":[1,1,1,0,1,0,0,1,1,1,0,0,0,1,0,0,0,0,0,0,0,0,0,0,0,0,0,0,0],"split_type":[0,0,0,0,0,0,0,0,0,0,0,0,0,0,0,0,0,0,0,0,0,0,0,0,0,0,0,0,0],"sum_hessian":[2.285E3,1.878E3,4.07E2,7.12E2,1.166E3,3.97E2,1E1,6.31E2,8.1E1,6.91E2,4.75E2,3.91E2,6E0,9E0,1E0,9.7E1,5.34E2,5.1E1,3E1,1.86E2,5.05E2,4.18E2,5.7E1,3.85E2,6E0,2E0,4E0,8E0,1E0],"tree_param":{"num_deleted":"0","num_feature":"2","num_nodes":"29","size_leaf_vector":"1"}},{"base_weights":[-1.0346579E-3,1.4985149E-1,-5.558245E-1,6.202696E-1,7.028127E-2,-6.526046E-1,3.0695635E-1,4.7137213E-1,1.3607204E0,1.1121336E-1,-1.691807E0,-3.9722645E-1,-9.9280703E-1,4.6512392E-1,-1.1164883E0,2.2427598E-1,-4.4675488E-2,4.9515024E-1,-2.1040271E-1,1.428457E-2,2.4206452E-1,-8.923832E-1,-2.3957315E-1,-9.209956E-2,-3.4232917E-1,-3.2915458E-1,5.588309E-1,3.3251554E-1,-1.8266629E-1],"categories":[],"categories_nodes":[],"categories_segments":[],"categories_sizes":[],"default_left":[0,0,0,0,0,0,0,0,0,0,0,0,0,0,0,0,0,0,0,0,0,0,0,0,0,0,0,0,0],"id":3,"left_children":[1,3,5,7,9,11,13,15,17,19,21,23,25,27,-1,-1,-1,-1,-1,-1,-1,-1,-1,-1,-1,-1,-1,-1,-1],"loss_changes":[1.9144458E2,6.7257835E1,4.1031815E1,2.8023926E1,1.1119002E2,3.7832962E1,3.3590584E1,3.746196E1,2.685202E1,6.654761E1,3.772889E1,1.6630516E1,5.8077286E1,3.45275E1,0E0,0E0,0E0,0E0,0E0,0E0,0E0,0E0,0E0,0E0,0E0,0E0,0E0,0E0,0E0],"parents":[2147483647,0,0,1,1,2,2,3,3,4,4,5,5,6,6,7,7,8,8,9,9,10,10,11,11,12,12,13,13],"right_children":[2,4,6,8,10,12,14,16,18,20,22,24,26,28,-1,-1,-1,-1,-1,-1,-1,-1,-1,-1,-1,-1,-1,-1,-1],"split_conditions":[1.5555555E1,7.2222223E0,1.888889E1,6.111111E0,1.896E3,1.7222221E1,1.896E3,3.3333333E0,6.32E2,1.5E1,2.212E3,6.32E2,1.264E3,2E1,-1.1164883E0,2.2427598E-1,-4.4675488E-2,4.9515024E-1,-2.1040271E-1,1.428457E-2,2.4206452E-1,-8.923832E-1,-2.3957315E-1,-9.209956E-2,-3.4232917E-1,-3.2915458E-1,5.588309E-1,3.3251554E-1,-1.8266629E-1],"split_indices":[1,1,1,1,0,1,0,1,0,1,0,0,0,1,0,0,0,0,0,0,0,0,0,0,0,0,0,0,0],"split_type":[0,0,0,0,0,0,0,0,0,0,0,0,0,0,0,0,0,0,0,0,0,0,0,0,0,0,0,0,0],"sum_hessian":[2.285E3,1.797E3,4.88E2,2.59E2,1.538E3,4.39E2,4.9E1,2.17E2,4.2E1,1.504E3,3.4E1,2.52E2,1.87E2,4.8E1,1E0,1.5E2,6.7E1,3.7E1,5E0,1.379E3,1.25E2,1.3E1,2.1E1,2.26E2,2.6E1,1.81E2,6E0,3E1,1.8E1],"tree_param":{"num_deleted":"0","num_feature":"2","num_nodes":"29",