{"learner":{"attributes":{"scikit_learn":"{\"_estimator_type\": \"regressor\"}"},"feature_names":[],"feature_types":[],"gradient_booster":{"model":{"gbtree_model_param":{"num_parallel_tree":"1","num_trees":"10"},"iteration_indptr":[0,1,2,3,4,5,6,7,8,9,10],"tree_info":[0,0,0,0,0,0,0,0,0,0],"trees":[{"base_weights":[-8.328824E-7,-5.9446734E-1,2.5927877E0,-1.1131207E0,1.6668233E-1,1.6997069E0,3.4457536E0,-4.6893156E-1,-2.2253793E-1,-3.4452204E-2,1.7851986E-1,4.180953E-1,6.260864E-1,9.359645E-1,1.3591994E0],"categories":[],"categories_nodes":[],"categories_segments":[],"categories_sizes":[],"default_left":[0,0,0,0,0,0,0,0,0,0,0,0,0,0,0],"id":0,"left_children":[1,3,5,7,9,11,13,-1,-1,-1,-1,-1,-1,-1,-1],"loss_changes":[4.2972173E3,8.955302E2,3.902622E2,2.2424707E2,1.1102025E2,2.7432495E1,7.955347E1,0E0,0E0,0E0,0E0,0E0,0E0,0E0,0E0],"parents":[2147483647,0,0,1,1,2,2,3,3,4,4,5,5,6,6],"right_children":[2,4,6,8,10,12,14,-1,-1,-1,-1,-1,-1,-1,-1],"split_conditions":[2.02E1,1.86E1,2.16E1,1.79E1,1.93E1,2.09E1,2.3E1,-4.6893156E-1,-2.2253793E-1,-3.4452204E-2,1.7851986E-1,4.180953E-1,6.260864E-1,9.359645E-1,1.3591994E0],"split_indices":[3,3,3,3,3,3,3,0,0,0,0,0,0,0,0],"split_type":[0,0,0,0,0,0,0,0,0,0,0,0,0,0,0],"sum_hessian":[2.786E3,2.267E3,5.19E2,1.348E3,9.19E2,2.55E2,2.64E2,6.08E2,7.4E2,5.55E2,3.64E2,1.45E2,1.1E2,2.06E2,5.8E1],"tree_param":{"num_deleted":"0","num_feature":"4","num_nodes":"15","size_leaf_vector":"1"}},{"base_weights":[1.0011205E-3,-4.9734342E-1,1.5458677E0,-9.4111776E-1,-1.2185491E-1,1.0324029E0,2.5075033E0,-3.8823342E-1,-2.179419E-1,-9.788219E-2,3.8946602E-2,2.1164693E-1,4.174823E-1,6.9314265E-1,1.0419962E0],"categories":[],"categories_nodes":[],"categories_segments":[],"categories_sizes":[],"default_left":[0,0,0,0,0,0,0,0,0,0,0,0,0,0,0],"id":1,"left_children":[1,3,5,7,9,11,13,-1,-1,-1,-1,-1,-1,-1,-1],"loss_changes":[2.1464128E3,3.5114594E2,3.3317224E2,7.2252014E1,5.8846905E1,5.1273987E1,3.6884033E1,0E0,0E0,0E0,0E0,0E0,0E0,0E0,0E0],"parents":[2147483647,0,0,1,1,2,2,3,3,4,4,5,5,6,6],"right_children":[2,4,6,8,10,12,14,-1,-1,-1,-1,-1,-1,-1,-1],"split_conditions":[1.97E1,1.83E1,2.18E1,1.76E1,1.89E1,2.05E1,2.35E1,-3.8823342E-1,-2.179419E-1,-9.788219E-2,3.8946602E-2,2.1164693E-1,4.174823E-1,6.9314265E-1,1.0419962E0],"split_indices":[3,3,3,3,3,3,3,0,0,0,0,0,0,0,0],"split_type":[0,0,0,0,0,0,0,0,0,0,0,0,0,0,0],"sum_hessian":[2.786E3,2.107E3,6.79E2,9.65E2,1.142E3,4.44E2,2.35E2,3.63E2,6.02E2,6.3E2,5.12E2,2.34E2,2.1E2,1.98E2,3.7E1],"tree_param":{"num_deleted":"0","num_feature":"4","num_nodes":"15","size_leaf_vector":"1"}},{"base_weights":[1.3102123E-3,-3.63132E-1,1.0480675E0,-7.032323E-1,-1.2663062E-1,5.91183E-1,1.6336135E0,-3.1151167E-1,-1.7393756E-1,-8.6381435E-2,8.599819E-3,1.2721834E-1,3.04659E-1,3.9419958E-1,6.252803E-1],"categories":[],"categories_nodes":[],"categories_segments":[],"categories_sizes":[],"default_left":[0,0,0,0,0,0,0,0,0,0,0,0,0,0,0],"id":2,"left_children":[1,3,5,7,9,11,13,-1,-1,-1,-1,-1,-1,-1,-1],"loss_changes":[1.0635724E3,1.6624887E2,1.9165363E2,3.4479553E1,3.059494E1,2.8361938E1,4.2632507E1,0E0,0E0,0E0,0E0,0E0,0E0,0E0,0E0],"parents":[2147483647,0,0,1,1,2,2,3,3,4,4,5,5,6,6],"right_children":[2,4,6,8,10,12,14,-1,-1,-1,-1,-1,-1,-1,-1],"split_conditions":[1.96E1,1.82E1,2.13E1,1.74E1,1.87E1,3.55E1,2.26E1,-3.1151167E-1,-1.7393756E-1,-8.6381435E-2,8.599819E-3,1.2721834E-1,3.04659E-1,3.9419958E-1,6.252803E-1],"split_indices":[3,3,3,3,3,1,3,0,0,0,0,0,0,0,0],"split_type":[0,0,0,0,0,0,0,0,0,0,0,0,0,0,0],"sum_hessian":[2.786E3,2.067E3,7.19E2,8.47E2,1.22E3,4.05E2,3.14E2,2.26E2,6.21E2,5.98E2,6.22E2,2.92E2,1.13E2,1.86E2,1.28E2],"tree_param":{"num_deleted":"0","num_feature":"4","num_nodes":"15","size_leaf_vector":"1"}},{"base_weights":[1.2357142E-3,-2.1466179E-1,8.7974006E-1,-4.4774884E-1,1.8348825E-5,6.394102E-1,1.391079E0,-2.3592708E-1,-1.1399033E-1,-1.6938906E-2,1.4125407E-1,1.4785208E-1,3.1335953E-1,3.8209054E-1,6.575055E-1],"categories":[],"categories_nodes":[],"categories_segments":[],"categories_sizes":[],"default_left":[0,0,0,0,0,0,0,0,0,0,0,0,0,0,0],"id":3,"left_children":[1,3,5,7,9,11,13,-1,-1,-1,-1,-1,-1,-1,-1],"loss_changes":[5.287905E2,1.11987656E2,6.670004E1,2.4332687E1,3.1034067E1,2.1811584E1,1.36631775E1,0E0,0E0,0E0,0E0,0E0,0E0,0E0,0E0],"parents":[2147483647,0,0,1,1,2,2,3,3,4,4,5,5,6,6],"right_children":[2,4,6,8,10,12,14,-1,-1,-1,-1,-1,-1,-1,-1],"split_conditions":[2.01E1,1.84E1,2.22E1,1.73E1,3.17E1,4.71E1,2.4E1,-2.3592708E-1,-1.1399033E-1,-1.6938906E-2,1.4125407E-1,1.4785208E-1,3.1335953E-1,3.8209054E-1,6.575055E-1],"split_indices":[3,3,3,3,1,1,3,0,0,0,0,0,0,0,0],"split_type":[0,0,0,0,0,0,0,0,0,0,0,0,0,0,0],"sum_hessian":[2.786E3,2.237E3,5.49E2,1.072E3,1.165E3,3.75E2,1.74E2,1.77E2,8.95E2,1.041E3,1.24E2,2.77E2,9.8E1,1.54E2,2E1],"tree_param":{"num_deleted":"0","num_feature":"4","num_nodes":"15","size_leaf_vector":"1"}},{"base_weights":[1.3228555E-3,-2.0267755E-1,4.917691E-1,-3.794975E-1,-9.334153E-2,2.61708E-1,8.151149E-1,-1.2655431E-1,7.94194E-2,-3.7983295E-2,7.089744E-2,6.168946E-2,1.6853373E-1,1.6553824E-1,3.0752325E-1],"categories":[],"categories_nodes":[],"categories_segments":[],"categories_sizes":[],"default_left":[0,0,0,0,0,0,0,0,0,0,0,0,0,0,0],"id":4,"left_children":[1,3,5,7,9,11,13,-1,-1,-1,-1,-1,-1,-1,-1],"loss_changes":[2.7894244E2,3.8030838E1,6.0711502E1,2.062867E1,1.3388723E1,7.961403E0,1.8232117E1,0E0,0E0,0E0,0E0,0E0,0E0,0E0,0E0],"parents":[2147483647,0,0,1,1,2,2,3,3,4,4,5,5,6,6],"right_children":[2,4,6,8,10,12,14,-1,-1,-1,-1,-1,-1,-1,-1],"split_conditions":[1.94E1,1.81E1,2.11E1,3.11E1,3.07E1,5.16E1,4.23E1,-1.2655431E-1,7.94194E-2,-3.7983295E-2,7.089744E-2,6.168946E-2,1.6853373E-1,1.6553824E-1,3.0752325E-1],"split_indices":[3,3,3,1,1,1,1,0,0,0,0,0,0,0,0],"split_type":[0,0,0,0,0,0,0,0,0,0,0,0,0,0,0],"sum_hessian":[2.786E3,1.968E3,8.18E2,7.51E2,1.217E3,4.79E2,3.39E2,7.05E2,4.6E1,1.106E3,1.11E2,4.05E2,7.4E1,1.52E2,1.87E2],"tree_param":{"num_deleted":"0","num_feature":"4","num_nodes":"15","size_leaf_vector":"1"}},{"base_weights":[1.173068E-3,-1.7416395E-1,2.981437E-1,-3.6020768E-1,-1.2531929E-1,1.6394901E-1,5.7197124E-1,-1.664583E-1,-8.855794E-2,-4.6296623E-2,5.321533E-2,3.6922824E-2,1.1081281E-1,1.6050602E-1,4.6121606E-1],"categories":[],"categories_nodes":[],"categories_segments":[],"categories_sizes":[],"default_left":[0,0,0,0,0,0,0,0,0,0,0,0,0,0,0],"id":5,"left_children":[1,3,5,7,9,11,13,-1,-1,-1,-1,-1,-1,-1,-1],"loss_changes":[1.4517088E2,1.5884792E1,3.7938545E1,4.4427376E0,1.2230534E1,5.798437E0,1.1306381E1,0E0,0E0,0E0,0E0,0E0,0E0,0E0,0E0],"parents":[2147483647,0,0,1,1,2,2,3,3,4,4,5,5,6,6],"right_children":[2,4,6,8,10,12,14,-1,-1,-1,-1,-1,-1,-1,-1],"split_conditions":[1.91E1,1.76E1,2.11E1,1.71E1,2.85E1,4.51E1,2.46E1,-1.664583E-1,-8.855794E-2,-4.6296623E-2,5.321533E-2,3.6922824E-2,1.1081281E-1,1.6050602E-1,4.6121606E-1],"split_indices":[3,3,3,3,1,1,3,0,0,0,0,0,0,0,0],"split_type":[0,0,0,0,0,0,0,0,0,0,0,0,0,0,0],"sum_hessian":[2.786E3,1.752E3,1.034E3,3.63E2,1.389E3,6.95E2,3.39E2,8.9E1,2.74E2,1.268E3,1.21E2,5.81E2,1.14E2,3.28E2,1.1E1],"tree_param":{"num_deleted":"0","num_feature":"4","num_nodes":"15","size_leaf_vector":"1"}},{"base_weights":[1.0086021E-3,-1.2205591E-1,2.0944443E-1,-1.42156E-1,1.4546679E-1,1.4631335E-1,5.7522357E-1,-7.810604E-2,-2.8353358E-2,-1.5309779E-2,1.9840015E-1,2.6678147E-2,9.390002E-2,1.3807353E-1,2.5409502E-1],"categories":[],"categories_nodes":[],"categories_segments":[],"categories_sizes":[],"default_left":[0,0,0,0,0,0,0,0,0,0,0,0,0,0,0],"id":6,"left_children":[1,3,5,7,9,11,13,-1,-1,-1,-1,-1,-1,-1,-1],"loss_changes":[7.1515045E1,9.44696E0,2.3816093E1,9.160362E0,1.2501959E1,8.4280815E0,4.3596497E0,0E0,0E0,0E0,0E0,0E0,0E0,0E0,0E0],"parents":[2147483647,0,0,1,1,2,2,3,3,4,4,5,5,6,6],"right_children":[2,4,6,8,10,12,14,-1,-1,-1,-1,-1,-1,-1,-1],"split_conditions":[1.91E1,3.11E1,2.24E1,1.78E1,6.04E2,4.05E1,5.31E1,-7.810604E-2,-2.8353358E-2,-1.5309779E-2,1.9840015E-1,2.6678147E-2,9.390002E-2,1.3807353E-1,2.5409502E-1],"split_indices":[3,1,3,3,0,1,1,0,0,0,0,0,0,0,0],