{"learner":{"attributes":{"scikit_learn":"{\"_estimator_type\": \"regressor\"}"},"feature_names":[],"feature_types":[],"gradient_booster":{"model":{"gbtree_model_param":{"num_parallel_tree":"1","num_trees":"10"},"iteration_indptr":[0,1,2,3,4,5,6,7,8,9,10],"tree_info":[0,0,0,0,0,0,0,0,0,0],"trees":[{"base_weights":[3.977497E-8,-7.180414E-1,3.538624E0,-7.6541823E-1,1.0985963E0,2.1598637E0,3.629552E0,-1.0889193E0,-7.285585E-1,1.3889484E0,-4.33182E-1,-5.032832E-1,2.4248445E0,3.667122E0,1.0208963E0,3.6901516E-1,-3.372171E-1,-2.1238957E-1,-4.2353612E-1,6.827096E-2,5.8191067E-1,1.8676129E-1,-4.1323873E-1,3.562688E-1,8.156684E-1,1.5901509E-1,1.1055557E0,-5.7358075E-2,6.8901527E-1],"categories":[],"categories_nodes":[],"categories_segments":[],"categories_sizes":[],"default_left":[0,0,0,0,0,0,0,0,0,0,0,0,0,0,0,0,0,0,0,0,0,0,0,0,0,0,0,0,0],"id":0,"left_children":[1,3,5,7,9,11,13,15,17,19,-1,21,23,25,27,-1,-1,-1,-1,-1,-1,-1,-1,-1,-1,-1,-1,-1,-1],"loss_changes":[5.2418325E3,1.48445E2,3.5789062E1,1.914386E1,3.448771E1,1.8156776E1,2.8108398E1,1.515332E1,2.0161621E1,2.5143929E1,0E0,3.8100295E0,4.775238E0,1.6179688E1,9.717575E0,0E0,0E0,0E0,0E0,0E0,0E0,0E0,0E0,0E0,0E0,0E0,0E0,0E0,0E0],"parents":[2147483647,0,0,1,1,2,2,3,3,4,4,5,5,6,6,7,7,8,8,9,9,11,11,12,12,13,13,14,14],"right_children":[2,4,6,8,10,12,14,16,18,20,-1,22,24,26,28,-1,-1,-1,-1,-1,-1,-1,-1,-1,-1,-1,-1,-1,-1],"split_conditions":[1.1376E4,5.056E3,1.4852E4,-1.0605995E1,1.0428E4,-1.1328847E1,4.4551E4,7.5E0,8.999026E0,-5.4940376E0,-4.33182E-1,1.3272E4,3.8888888E0,-2.251666E1,6.1563625E0,3.6901516E-1,-3.372171E-1,-2.1238957E-1,-4.2353612E-1,6.827096E-2,5.8191067E-1,1.8676129E-1,-4.1323873E-1,3.562688E-1,8.156684E-1,1.5901509E-1,1.1055557E0,-5.7358075E-2,6.8901527E-1],"split_indices":[0,0,0,2,0,2,0,1,2,2,0,0,1,2,2,0,0,0,0,0,0,0,0,0,0,0,0,0,0],"split_type":[0,0,0,0,0,0,0,0,0,0,0,0,0,0,0,0,0,0,0,0,0,0,0,0,0,0,0,0,0],"sum_hessian":[2.061E3,1.714E3,3.47E2,1.671E3,4.3E1,2.3E1,3.24E2,1.68E2,1.503E3,3.9E1,4E0,2E0,2.1E1,3.19E2,5E0,2E0,1.66E2,1.461E3,4.2E1,1.3E1,2.6E1,1E0,1E0,5E0,1.6E1,2E0,3.17E2,3E0,2E0],"tree_param":{"num_deleted":"0","num_feature":"3","num_nodes":"29","size_leaf_vector":"1"}},{"base_weights":[1.1898803E-3,-5.028552E-1,2.4852016E0,-5.3615457E-1,7.739487E-1,1.7776481E0,2.6007154E0,-1.213348E0,-5.2472055E-1,9.8851794E-1,-3.292184E-1,1.6403627E-1,1.873093E0,2.6142232E0,-2.0963517E-1,-4.316838E-1,-2.0578109E-1,-1.6034704E-1,3.9035343E-2,-3.5463926E-1,3.401614E-1,-3.5125294E-1,2.9978314E-1,4.3437648E-1,6.282313E-1,7.6390475E-1,1.0735112E0],"categories":[],"categories_nodes":[],"categories_segments":[],"categories_sizes":[],"default_left":[0,0,0,0,0,0,0,0,0,0,0,0,0,0,0,0,0,0,0,0,0,0,0,0,0,0,0],"id":1,"left_children":[1,3,5,7,9,11,13,15,17,19,-1,21,23,25,-1,-1,-1,-1,-1,-1,-1,-1,-1,-1,-1,-1,-1],"loss_changes":[2.5829849E3,7.333118E1,2.381958E1,1.2309692E1,1.8752228E1,7.7013397E0,1.5063599E1,2.2255096E0,1.05997925E1,1.3960831E1,0E0,5.62978E0,1.5723114E0,1.0258667E1,0E0,0E0,0E0,0E0,0E0,0E0,0E0,0E0,0E0,0E0,0E0,0E0,0E0],"parents":[2147483647,0,0,1,1,2,2,3,3,4,4,5,5,6,6,7,7,8,8,9,9,11,11,12,12,13,13],"right_children":[2,4,6,8,10,12,14,16,18,20,-1,22,24,26,-1,-1,-1,-1,-1,-1,-1,-1,-1,-1,-1,-1,-1],"split_conditions":[1.1376E4,5.056E3,1.7696E4,-1.6887495E1,1.0428E4,-1.1328847E1,1.40276E5,6.32E2,1.888889E1,-1.5588457E1,-3.292184E-1,7.5E0,-4.499513E0,1.5555555E1,-2.0963517E-1,-4.316838E-1,-2.0578109E-1,-1.6034704E-1,3.9035343E-2,-3.5463926E-1,3.401614E-1,-3.5125294E-1,2.9978314E-1,4.3437648E-1,6.282313E-1,7.6390475E-1,1.0735112E0],"split_indices":[0,0,0,2,0,2,0,0,1,2,0,1,2,1,0,0,0,0,0,0,0,0,0,0,0,0,0],"split_type":[0,0,0,0,0,0,0,0,0,0,0,0,0,0,0,0,0,0,0,0,0,0,0,0,0,0,0],"sum_hessian":[2.061E3,1.714E3,3.47E2,1.671E3,4.3E1,5.1E1,2.96E2,2.6E1,1.645E3,3.9E1,4E0,3E0,4.8E1,2.95E2,1E0,1.7E1,9E0,1.621E3,2.4E1,2E0,3.7E1,1E0,2E0,1.9E1,2.9E1,2.79E2,1.6E1],"tree_param":{"num_deleted":"0","num_feature":"3","num_nodes":"27","size_leaf_vector":"1"}},{"base_weights":[1.578023E-3,-3.7435827E-1,1.6505896E0,-1.8396807E-1,-4.129592E-1,8.536252E-1,1.7901905E0,-4.1384435E-1,8.561464E-2,-4.0388972E-1,-4.275939E-1,6.386336E-1,2.1443672E0,1.8412442E0,1.0033484E0,-4.9475342E-2,-2.2038479E-1,1.24609195E-1,-1.7499723E-1,-1.5811741E-1,-1.0621189E-1,-9.971602E-2,2.3912029E-1,7.924654E-1,2.9603863E-1,6.6181785E-1,5.0175667E-1,2.1498062E-1,7.741623E-1],"categories":[],"categories_nodes":[],"categories_segments":[],"categories_sizes":[],"default_left":[0,0,0,0,0,0,0,0,0,0,0,0,0,0,0,0,0,0,0,0,0,0,0,0,0,0,0,0,0],"id":2,"left_children":[1,3,5,7,9,11,13,15,17,19,-1,21,23,25,27,-1,-1,-1,-1,-1,-1,-1,-1,-1,-1,-1,-1,-1,-1],"loss_changes":[1.2788998E3,1.2270752E1,4.108313E1,1.7697073E1,1.22417145E1,1.5002956E1,1.1208374E1,1.21755295E1,2.9359125E1,8.31723E0,0E0,8.264753E0,1.9975395E0,1.5022095E1,8.1003685E0,0E0,0E0,0E0,0E0,0E0,0E0,0E0,0E0,0E0,0E0,0E0,0E0,0E0,0E0],"parents":[2147483647,0,0,1,1,2,2,3,3,4,4,5,5,6,6,7,7,8,8,9,9,11,11,12,12,13,13,14,14],"right_children":[2,4,6,8,10,12,14,16,18,20,-1,22,24,26,28,-1,-1,-1,-1,-1,-1,-1,-1,-1,-1,-1,-1,-1,-1],"split_conditions":[5.688E3,6.111111E0,1.4852E4,4.104242E0,8.5E0,3.213938E0,3.6656E4,-1.1766025E0,8.5E0,-6.550583E0,-4.275939E-1,-1.1328847E1,7.5E0,4.4444447E0,1.1666667E1,-4.9475342E-2,-2.2038479E-1,1.24609195E-1,-1.7499723E-1,-1.5811741E-1,-1.0621189E-1,-9.971602E-2,2.3912029E-1,7.924654E-1,2.9603863E-1,6.6181785E-1,5.0175667E-1,2.1498062E-1,7.741623E-1],"split_indices":[0,1,0,2,2,2,0,2,2,2,0,2,1,1,1,0,0,0,0,0,0,0,0,0,0,0,0,0,0],"split_type":[0,0,0,0,0,0,0,0,0,0,0,0,0,0,0,0,0,0,0,0,0,0,0,0,0,0,0,0,0],"sum_hessian":[2.061E3,1.679E3,3.82E2,2.84E2,1.395E3,5.8E1,3.24E2,1.53E2,1.31E2,1.384E3,1.1E1,5.1E1,7E0,3.03E2,2.1E1,8.7E1,6.6E1,8.8E1,4.3E1,3.96E2,9.88E2,7E0,4.4E1,4E0,3E0,9.2E1,2.11E2,1.9E1,2E0],"tree_param":{"num_deleted":"0","num_feature":"3","num_nodes":"29","size_leaf_vector":"1"}},{"base_weights":[2.253539E-3,-2.5472435E-1,1.2017128E0,-2.626529E-1,4.2401037E-1,7.789469E-1,1.2944616E0,-2.2185421E-1,-4.1539517E-1,1.455075E-1,5.861073E-1,4.559613E-1,9.936377E-1,1.1433085E0,1.5808002E0,-7.581433E-2,4.4287898E-2,-1.7122781E-1,-6.986017E-2,1.2393449E-1,-1.8986847E-1,-3.399619E-1,2.75939E-1,4.087108E-1,2.6654935E-1,4.478795E-1,2.3358159E-1,-3.0689279E-2,4.9559847E-1],"categories":[],"categories_nodes":[],"categories_segments":[],"categories_sizes":[],"default_left":[0,0,0,0,0,0,0,0,0,0,0,0,0,0,0,0,0,0,0,0,0,0,0,0,0,0,0,0,0],"id":3,"left_children":[1,3,5,7,9,11,13,15,17,19,-1,21,23,25,27,-1,-1,-1,-1,-1,-1,-1,-1,-1,-1,-1,-1,-1,-1],"loss_changes":[6.358857E2,9.254341E0,1.3264526E1,1.0377075E1,8.236132E0,4.262203E0,1.1047119E1,1.5179497E1,9.877571E0,4.010972E0,0E0,2.2418566E1,3.40271E-1,2.408432E1,1.2151764E1,0E0,0E0,0E0,0E0,0E0,0E0,0E0,0E0,0E0,0E0,0E0,0E0,0E0,0E0],"parents":[2147483647,0,0,1,1,2,2,3,3,4,4,5,5,6,6,7,7,8,8,9,9,11,11,12,12,13,13,14,14],"right_children":[2,4,6,8,10,12,14,16,18,20,-1,22,24,26,28,-1,-1,-1,-1,-1,-1,-1,-1,-1,-1,-1,-1,-1,-1],"split_conditions":[8.532E3,5.688E3,1.7696E4,1.264E3,1.6823238E0,-4.301823E0,9.444445E0,6.5E0,1.3055555E1,8.216E3,5.861073E-1,9.444445E0,-3.4202015E0,4.4444447E0,-1.8793852E1,-7.581433E-2,4.4287898E-2,-1.7122781E-1,-6.986017E-2,1.2393449E-1,-1.8986847E-1,-3.399619E-1,2.75939E-1,4.087108E-1,2.6654935E-1,4.478795E-1,2.3358159E-1,-3.0689279E-2,4.9559847E-1],"split_indices":[0,0,0,0,2,2,1,2,1,0,0,1,2,1,2,0,0,0,0,0,0,0,0,0,0,0,0,0,0],"split_type":[0,0,0,0,0,0,0,0,0,0,0,0,0,0,0,0,0,0,0,0,0,0,0,0,0,0,0,0,0],"sum_hessian":[2.061E3,1.698E3,3.63E2,1.679E3,1.9E1,6.7E1,2.96E2,1.327E3,3.52E2,1.7E1,2E0,2.8E1,3.9E1,1.97E2,9.9E1,1.225E3,1.02E2,1.89E2,1.63E2,1.3E1,4E0,6E0,2.2E1,6E0,3.3E1,9.9E1,9.8E1,4E0,9.5E1],"tree_param":{"num_deleted":"0","num_feature":"3","num_nodes":"29",