{"learner":{"attributes":{"scikit_learn":"{\"_estimator_type\": \"regressor\"}"},"feature_names":[],"feature_types":[],"gradient_booster":{"model":{"gbtree_model_param":{"num_parallel_tree":"1","num_trees":"10"},"iteration_indptr":[0,1,2,3,4,5,6,7,8,9,10],"tree_info":[0,0,0,0,0,0,0,0,0,0],"trees":[{"base_weights":[-2.915874E-7,-2.1823418E0,3.8656402E0,-2.9940484E0,-4.8631182E-1,3.0781808E0,5.252203E0,-7.3185694E-1,-1.5565333E0,-3.4736145E-2,-7.2942513E-1,1.0006337E0,7.451025E-2,1.5392469E0,2.5236907E0],"categories":[],"categories_nodes":[],"categories_segments":[],"categories_sizes":[],"default_left":[0,0,0,0,0,0,0,0,0,0,0,0,0,0,0],"id":0,"left_children":[1,3,5,7,9,11,13,-1,-1,-1,-1,-1,-1,-1,-1],"loss_changes":[3.94643E4,4.1148135E3,1.8268965E3,2.4478086E3,6.9808594E2,7.846963E2,1.908164E2,0E0,0E0,0E0,0E0,0E0,0E0,0E0,0E0],"parents":[2147483647,0,0,1,1,2,2,3,3,4,4,5,5,6,6],"right_children":[2,4,6,8,10,12,14,-1,-1,-1,-1,-1,-1,-1,-1],"split_conditions":[5.6E2,5.25E2,6.09E2,2.528E3,1.58E3,1.58E3,6.93E2,-7.3185694E-1,-1.5565333E0,-3.4736145E-2,-7.2942513E-1,1.0006337E0,7.451025E-2,1.5392469E0,2.5236907E0],"split_indices":[0,0,0,1,1,1,0,0,0,0,0,0,0,0,0],"split_type":[0,0,0,0,0,0,0,0,0,0,0,0,0,0,0],"sum_hessian":[4.676E3,2.989E3,1.687E3,2.021E3,9.68E2,1.078E3,6.09E2,1.615E3,4.06E2,8.14E2,1.54E2,9.88E2,9E1,5.89E2,2E1],"tree_param":{"num_deleted":"0","num_feature":"2","num_nodes":"15","size_leaf_vector":"1"}},{"base_weights":[4.456474E-4,-1.4509759E0,2.8902962E0,-2.0687416E0,-1.5443635E-1,2.3808057E0,3.683203E0,-5.1051265E-1,-1.1170863E0,9.701261E-3,-6.614662E-1,7.594373E-1,1.4941983E-1,1.0449615E0,1.5127864E0],"categories":[],"categories_nodes":[],"categories_segments":[],"categories_sizes":[],"default_left":[0,0,0,0,0,0,0,0,0,0,0,0,0,0,0],"id":1,"left_children":[1,3,5,7,9,11,13,-1,-1,-1,-1,-1,-1,-1,-1],"loss_changes":[1.9621363E4,2.4938638E3,6.2305273E2,1.2746592E3,3.8533984E2,2.6961377E2,1.482832E2,0E0,0E0,0E0,0E0,0E0,0E0,0E0,0E0],"parents":[2147483647,0,0,1,1,2,2,3,3,4,4,5,5,6,6],"right_children":[2,4,6,8,10,12,14,-1,-1,-1,-1,-1,-1,-1,-1],"split_conditions":[5.65E2,5.28E2,6.09E2,2.843E3,2.844E3,1.58E3,6.64E2,-5.1051265E-1,-1.1170863E0,9.701261E-3,-6.614662E-1,7.594373E-1,1.4941983E-1,1.0449615E0,1.5127864E0],"split_indices":[0,0,0,1,1,1,0,0,0,0,0,0,0,0,0],"split_type":[0,0,0,0,0,0,0,0,0,0,0,0,0,0,0],"sum_hessian":[4.676E3,3.113E3,1.563E3,2.108E3,1.005E3,9.54E2,6.09E2,1.727E3,3.81E2,9.22E2,8.3E1,8.83E2,7.1E1,5.34E2,7.5E1],"tree_param":{"num_deleted":"0","num_feature":"2","num_nodes":"15","size_leaf_vector":"1"}},{"base_weights":[5.655225E-4,-1.2257787E0,1.7374638E0,-2.9938369E0,-9.876295E-1,5.8474404E-1,2.2014692E0,-6.5759957E-1,-1.2632374E0,-2.3806353E-1,-5.3774536E-1,2.5837764E-1,-2.947652E-1,6.018669E-1,9.306789E-1],"categories":[],"categories_nodes":[],"categories_segments":[],"categories_sizes":[],"default_left":[0,0,0,0,0,0,0,0,0,0,0,0,0,0,0],"id":2,"left_children":[1,3,5,7,9,11,13,-1,-1,-1,-1,-1,-1,-1,-1],"loss_changes":[9.964303E3,1.1515938E3,1.0342178E3,3.0790503E2,3.7629272E2,2.4223898E2,2.3648633E2,0E0,0E0,0E0,0E0,0E0,0E0,0E0,0E0],"parents":[2147483647,0,0,1,1,2,2,3,3,4,4,5,5,6,6],"right_children":[2,4,6,8,10,12,14,-1,-1,-1,-1,-1,-1,-1,-1],"split_conditions":[5.5E2,4.4E2,5.74E2,2.212E3,1.896E3,1.58E3,6.34E2,-6.5759957E-1,-1.2632374E0,-2.3806353E-1,-5.3774536E-1,2.5837764E-1,-2.947652E-1,6.018669E-1,9.306789E-1],"split_indices":[0,0,0,1,1,1,0,0,0,0,0,0,0,0,0],"split_type":[0,0,0,0,0,0,0,0,0,0,0,0,0,0,0],"sum_hessian":[4.676E3,2.741E3,1.935E3,3.24E2,2.417E3,5.56E2,1.379E3,1.97E2,1.27E2,1.949E3,4.68E2,4.73E2,8.3E1,1.136E3,2.43E2],"tree_param":{"num_deleted":"0","num_feature":"2","num_nodes":"15","size_leaf_vector":"1"}},{"base_weights":[1.392996E-4,-8.590283E-1,1.2169974E0,-1.5045322E0,-4.752026E-1,4.092552E-1,1.542139E0,-3.3105177E-1,-6.927734E-1,-2.3000064E-1,-8.324893E-2,1.8102778E-1,-2.0738828E-1,4.8019326E-1,-6.872436E-2],"categories":[],"categories_nodes":[],"categories_segments":[],"categories_sizes":[],"default_left":[0,0,0,0,0,0,0,0,0,0,0,0,0,0,0],"id":3,"left_children":[1,3,5,7,9,11,13,-1,-1,-1,-1,-1,-1,-1,-1],"loss_changes":[4.8907793E3,6.786454E2,5.0782178E2,3.2726245E2,9.895929E1,1.1944495E2,1.4336963E2,0E0,0E0,0E0,0E0,0E0,0E0,0E0,0E0],"parents":[2147483647,0,0,1,1,2,2,3,3,4,4,5,5,6,6],"right_children":[2,4,6,8,10,12,14,-1,-1,-1,-1,-1,-1,-1,-1],"split_conditions":[5.5E2,4.84E2,5.74E2,1.896E3,5.15E2,1.58E3,3.159E3,-3.3105177E-1,-6.927734E-1,-2.3000064E-1,-8.324893E-2,1.8102778E-1,-2.0738828E-1,4.8019326E-1,-6.872436E-2],"split_indices":[0,0,0,1,0,1,1,0,0,0,0,0,0,0,0],"split_type":[0,0,0,0,0,0,0,0,0,0,0,0,0,0,0],"sum_hessian":[4.676E3,2.741E3,1.935E3,1.021E3,1.72E3,5.56E2,1.379E3,6.83E2,3.38E2,6.94E2,1.026E3,4.73E2,8.3E1,1.335E3,4.4E1],"tree_param":{"num_deleted":"0","num_feature":"2","num_nodes":"15","size_leaf_vector":"1"}},{"base_weights":[-1.0594752E-4,-6.1667204E-1,8.327231E-1,-1.6168573E0,-4.7890687E-1,4.8595434E-1,1.3187851E0,-3.5592538E-1,-6.810185E-1,-2.1827434E-1,-7.173655E-2,1.6802685E-1,-3.1408015E-1,3.4082556E-1,6.451623E-1],"categories":[],"categories_nodes":[],"categories_segments":[],"categories_sizes":[],"default_left":[0,0,0,0,0,0,0,0,0,0,0,0,0,0,0],"id":4,"left_children":[1,3,5,7,9,11,13,-1,-1,-1,-1,-1,-1,-1,-1],"loss_changes":[2.4021257E3,3.6960724E2,3.34776E2,8.86853E1,1.4078741E2,1.3275073E2,1.2338098E2,0E0,0E0,0E0,0E0,0E0,0E0,0E0,0E0],"parents":[2147483647,0,0,1,1,2,2,3,3,4,4,5,5,6,6],"right_children":[2,4,6,8,10,12,14,-1,-1,-1,-1,-1,-1,-1,-1],"split_conditions":[5.48E2,4.4E2,6E2,2.212E3,5.05E2,3.476E3,6.32E2,-3.5592538E-1,-6.810185E-1,-2.1827434E-1,-7.173655E-2,1.6802685E-1,-3.1408015E-1,3.4082556E-1,6.451623E-1],"split_indices":[0,0,0,1,0,1,1,0,0,0,0,0,0,0,0],"split_type":[0,0,0,0,0,0,0,0,0,0,0,0,0,0,0],"sum_hessian":[4.676E3,2.687E3,1.989E3,3.24E2,2.363E3,1.162E3,8.27E2,1.97E2,1.27E2,1.159E3,1.204E3,1.109E3,5.3E1,6.8E2,1.47E2],"tree_param":{"num_deleted":"0","num_feature":"2","num_nodes":"15","size_leaf_vector":"1"}},{"base_weights":[-1.7845078E-4,-3.7733844E-1,7.011179E-1,-7.520767E-1,-1.8765023E-1,6.0171324E-1,1.3769491E0,-1.553258E-1,-3.6679608E-1,-4.354302E-2,-2.2601365E-1,1.9478263E-1,-1.4243734E-1,3.6158812E-1,8.5688347E-1],"categories":[],"categories_nodes":[],"categories_segments":[],"categories_sizes":[],"default_left":[0,0,0,0,0,0,0,0,0,0,0,0,0,0,0],"id":5,"left_children":[1,3,5,7,9,11,13,-1,-1,-1,-1,-1,-1,-1,-1],"loss_changes":[1.2373353E3,2.1609464E2,1.0907916E2,1.120603E2,4.8490326E1,7.342316E1,4.96297E1,0E0,0E0,0E0,0E0,0E0,0E0,0E0,0E0],"parents":[2147483647,0,0,1,1,2,2,3,3,4,4,5,5,6,6],"right_children":[2,4,6,8,10,12,14,-1,-1,-1,-1,-1,-1,-1,-1],"split_conditions":[5.62E2,4.84E2,6.39E2,1.896E3,3.476E3,2.843E3,6.93E2,-1.553258E-1,-3.6679608E-1,-4.354302E-2,-2.2601365E-1,1.9478263E-1,-1.4243734E-1,3.6158812E-1,8.5688347E-1],"split_indices":[0,0,0,1,1,1,0,0,0,0,0,0,0,0,0],"split_type":[0,0,0,0,0,0,0,0,0,0,0,0,0,0,0],"sum_hessian":[4.676E3,3.041E3,1.635E3,1.021E3,2.02E3,1.427E3,2.08E2,6.83E2,3.38E2,1.88E3,1.4E2,1.367E3,6E1,1.88E2,2E1],"tree_param":{"num_deleted":"0","num_feature":"2","num_nodes":"15","size_leaf_vector":"1"}},{"base_weights":[-2.2434591E-5,-2.372013E-1,5.668007E-1,-8.8969857E-1,-1.6581637E-1,4.700584E-1,9.917617E-1,-1.402743E-1,-3.644065E-1,-9.0271376E-2,1.1086585E-2,1.3318169E-1,6.1595815E-1,3.7428704E-1,-6.8995446E-2],"categories":[],"categories_nodes":[],"categories_segments":[],"categories_sizes":[],"default_left":[0,0,0,0,0,0,0,0,0,0,0,0,0,0,0],"id":6,"left_children":[1,3,5,7,9,11,13,-1,-1,-1,-1,-1,-1,-1,-1],"loss_changes":[6.289032E2,1.5346829E2,5.6267944E1,4.4016785E1,8.147509E1,4.564937E1,7.999948E1,0E0,0E0,0E0,0E0,0E0,0E0,0E0,0E0],"parents":[2147483647,0,0,1,1,2,2,3,3,4,4,5,5,6,6],"right_children":[2,4,6,8,10,12,14,-1,-1,-1,-1,-1,-1,-1,-1],"split_conditions":[5.74E2,4.4E2,6.32E2,4.15E2,5.28E2,6.93E2,3.159E3,-1.402743E-1,-3.644065E-1,-9.0271376E-2,1.1086585E-2,1.3318169E-1,6.1595815E-1,3.7428704E-1,-6.8995446E-2],"split_indices":[0,0,1,0,0,0,1,0,0,0,0,0,0,0,0],