{"learner":{"attributes":{"scikit_learn":"{\"_estimator_type\": \"regressor\"}"},"feature_names":[],"feature_types":[],"gradient_booster":{"model":{"gbtree_model_param":{"num_parallel_tree":"1","num_trees":"10"},"iteration_indptr":[0,1,2,3,4,5,6,7,8,9,10],"tree_info":[0,0,0,0,0,0,0,0,0,0],"trees":[{"base_weights":[-1.887766E-7,7.385322E-1,-1.898671E0,7.77609E-1,-1.0311088E-1,-2.0684338E0,-1.4016341E0,2.225747E-1,1.1155663E0,-1.5551401E0,-2.3695357E0,-1.0637628E0,-2.269111E0,4.7468418E-1,1.4883932E-1,-6.7144597E-1,-3.93052E-1,-7.4833894E-1,-6.408539E-1,-3.782609E-1,1.5172313E-1,-1.0229297E0,-5.594424E-1],"categories":[],"categories_nodes":[],"categories_segments":[],"categories_sizes":[],"default_left":[0,0,0,0,0,0,0,0,0,0,0,0,0,0,0,0,0,0,0,0,0,0,0],"id":0,"left_children":[1,3,5,7,-1,9,11,-1,13,15,17,19,21,-1,-1,-1,-1,-1,-1,-1,-1,-1,-1],"loss_changes":[1.0244691E4,2.2271387E2,1.6973926E2,6.0415527E1,0E0,2.317002E2,1.5116833E2,0E0,1.3884985E2,9.176819E1,2.259961E1,1.17885284E2,6.097229E1,0E0,0E0,0E0,0E0,0E0,0E0,0E0,0E0,0E0,0E0],"parents":[2147483647,0,0,1,1,2,2,3,3,5,5,6,6,8,8,9,9,10,10,11,11,12,12],"right_children":[2,4,6,8,-1,10,12,-1,14,16,18,20,22,-1,-1,-1,-1,-1,-1,-1,-1,-1,-1],"split_conditions":[1.58E3,1.264E3,8.847E3,6.32E2,-1.0311088E-1,3.476E3,1.5168E4,2.225747E-1,9.48E2,1.896E3,6.636E3,1.3902E4,1.6748E4,4.7468418E-1,1.4883932E-1,-6.7144597E-1,-3.93052E-1,-7.4833894E-1,-6.408539E-1,-3.782609E-1,1.5172313E-1,-1.0229297E0,-5.594424E-1],"split_indices":[0,0,0,0,0,0,0,0,0,0,0,0,0,0,0,0,0,0,0,0,0,0,0],"split_type":[0,0,0,0,0,0,0,0,0,0,0,0,0,0,0,0,0,0,0,0,0,0,0],"sum_hessian":[7.304E3,5.259E3,2.045E3,5.076E3,1.83E2,1.522E3,5.23E2,4.594E3,4.82E2,5.65E2,9.57E2,3.78E2,1.45E2,2.74E2,2.08E2,1.47E2,4.18E2,6.17E2,3.4E2,3.36E2,4.2E1,3.6E1,1.09E2],"tree_param":{"num_deleted":"0","num_feature":"1","num_nodes":"23","size_leaf_vector":"1"}},{"base_weights":[-4.8195207E-4,5.1711375E-1,-1.3311529E0,5.4449284E-1,-7.234576E-2,-1.4464556E0,-9.66949E-1,1.5581681E-1,7.8218716E-1,-9.93195E-1,-1.6318016E0,4.5312542E-1,-1.1239821E0,3.327967E-1,1.0440112E-1,-4.713733E-1,-2.1311097E-1,-4.450106E-1,-5.337453E-1,1.2946008E-1,2.2666885E-1,-5.380961E-1,-2.834629E-1],"categories":[],"categories_nodes":[],"categories_segments":[],"categories_sizes":[],"default_left":[0,0,0,0,0,0,0,0,0,0,0,0,0,0,0,0,0,0,0,0,0,0,0],"id":1,"left_children":[1,3,5,7,-1,9,11,-1,13,15,17,19,21,-1,-1,-1,-1,-1,-1,-1,-1,-1,-1],"loss_changes":[5.032004E3,1.0933252E2,8.452051E1,2.9888062E1,0E0,1.2876294E2,1.1089368E2,0E0,6.821765E1,7.294342E1,2.1419434E1,4.5871735E-4,5.1799316E1,0E0,0E0,0E0,0E0,0E0,0E0,0E0,0E0,0E0,0E0],"parents":[2147483647,0,0,1,1,2,2,3,3,5,5,6,6,8,8,9,9,10,10,11,11,12,12],"right_children":[2,4,6,8,-1,10,12,-1,14,16,18,20,22,-1,-1,-1,-1,-1,-1,-1,-1,-1,-1],"split_conditions":[1.58E3,1.264E3,9.164E3,6.32E2,-7.234576E-2,2.844E3,9.796E3,1.5581681E-1,9.48E2,1.896E3,5.688E3,9.794E3,1.0742E4,3.327967E-1,1.0440112E-1,-4.713733E-1,-2.1311097E-1,-4.450106E-1,-5.337453E-1,1.2946008E-1,2.2666885E-1,-5.380961E-1,-2.834629E-1],"split_indices":[0,0,0,0,0,0,0,0,0,0,0,0,0,0,0,0,0,0,0,0,0,0,0],"split_type":[0,0,0,0,0,0,0,0,0,0,0,0,0,0,0,0,0,0,0,0,0,0,0],"sum_hessian":[7.304E3,5.259E3,2.045E3,5.076E3,1.83E2,1.551E3,4.94E2,4.594E3,4.82E2,4.52E2,1.099E3,4.9E1,4.45E2,2.74E2,2.08E2,1.47E2,3.05E2,5.53E2,5.46E2,4.8E1,1E0,9.2E1,3.53E2],"tree_param":{"num_deleted":"0","num_feature":"1","num_nodes":"23","size_leaf_vector":"1"}},{"base_weights":[-5.5763527E-4,3.6207837E-1,-9.3284744E-1,3.812616E-1,-5.0759993E-2,-1.0215981E0,-6.8958807E-1,1.0908186E-1,5.484362E-1,-6.967476E-1,-1.1614408E0,-4.6145704E-1,-1.3176942E0,2.3332076E-1,7.323065E-2,-3.3091682E-1,-1.4938663E-1,-5.0696826E-1,-3.3808914E-1,-2.1919894E-1,5.9849687E-2,-4.3170044E-1,3.890076E-1],"categories":[],"categories_nodes":[],"categories_segments":[],"categories_sizes":[],"default_left":[0,0,0,0,0,0,0,0,0,0,0,0,0,0,0,0,0,0,0,0,0,0,0],"id":2,"left_children":[1,3,5,7,-1,9,11,-1,13,15,17,19,21,-1,-1,-1,-1,-1,-1,-1,-1,-1,-1],"loss_changes":[2.470026E3,5.3672424E1,4.3467407E1,1.4785522E1,0E0,6.719641E1,7.820175E1,0E0,3.351567E1,3.6039978E1,1.713501E1,7.220878E1,4.8168945E1,0E0,0E0,0E0,0E0,0E0,0E0,0E0,0E0,0E0,0E0],"parents":[2147483647,0,0,1,1,2,2,3,3,5,5,6,6,8,8,9,9,10,10,11,11,12,12],"right_children":[2,4,6,8,-1,10,12,-1,14,16,18,20,22,-1,-1,-1,-1,-1,-1,-1,-1,-1,-1],"split_conditions":[1.58E3,1.264E3,8.532E3,6.32E2,-5.0759993E-2,2.844E3,1.5168E4,1.0908186E-1,9.48E2,1.896E3,3.16E3,1.2324E4,3.0968E4,2.3332076E-1,7.323065E-2,-3.3091682E-1,-1.4938663E-1,-5.0696826E-1,-3.3808914E-1,-2.1919894E-1,5.9849687E-2,-4.3170044E-1,3.890076E-1],"split_indices":[0,0,0,0,0,0,0,0,0,0,0,0,0,0,0,0,0,0,0,0,0,0,0],"split_type":[0,0,0,0,0,0,0,0,0,0,0,0,0,0,0,0,0,0,0,0,0,0,0],"sum_hessian":[7.304E3,5.259E3,2.045E3,5.076E3,1.83E2,1.496E3,5.49E2,4.594E3,4.82E2,4.52E2,1.044E3,4.04E2,1.45E2,2.74E2,2.08E2,1.47E2,3.05E2,6.1E1,9.83E2,2.87E2,1.17E2,1.39E2,6E0],"tree_param":{"num_deleted":"0","num_feature":"1","num_nodes":"23","size_leaf_vector":"1"}},{"base_weights":[-5.494698E-4,2.535243E-1,-6.5373987E-1,2.6696506E-1,-3.5614822E-2,-7.144513E-1,-4.76035E-1,7.636445E-2,3.8454008E-1,-5.847355E-1,-9.303012E-1,-2.7937222E-1,-9.1770715E-1,1.635791E-1,5.136654E-2,-1.783672E-1,1.3163123E0,-4.0833572E-1,-1.9109766E-1,-1.07540704E-1,7.6695055E-1,-2.9901996E-1,2.8897706E-1],"categories":[],"categories_nodes":[],"categories_segments":[],"categories_sizes":[],"default_left":[0,0,0,0,0,0,0,0,0,0,0,0,0,0,0,0,0,0,0,0,0,0,0],"id":3,"left_children":[1,3,5,7,-1,9,11,-1,13,15,17,19,21,-1,-1,-1,-1,-1,-1,-1,-1,-1,-1],"loss_changes":[1.2124929E3,2.634845E1,2.1733582E1,7.3141174E0,0E0,4.2098694E1,4.52585E1,0E0,1.646643E1,4.920041E1,7.115979E1,8.256474E1,2.4891983E1,0E0,0E0,0E0,0E0,0E0,0E0,0E0,0E0,0E0,0E0],"parents":[2147483647,0,0,1,1,2,2,3,3,5,5,6,6,8,8,9,9,10,10,11,11,12,12],"right_children":[2,4,6,8,-1,10,12,-1,14,16,18,20,22,-1,-1,-1,-1,-1,-1,-1,-1,-1,-1],"split_conditions":[1.58E3,1.264E3,8.847E3,6.32E2,-3.5614822E-2,5.372E3,1.4536E4,7.636445E-2,9.48E2,5.371E3,6.636E3,1.422E4,3.0968E4,1.635791E-1,5.136654E-2,-1.783672E-1,1.3163123E0,-4.0833572E-1,-1.9109766E-1,-1.07540704E-1,7.6695055E-1,-2.9901996E-1,2.8897706E-1],"split_indices":[0,0,0,0,0,0,0,0,0,0,0,0,0,0,0,0,0,0,0,0,0,0,0],"split_type":[0,0,0,0,0,0,0,0,0,0,0,0,0,0,0,0,0,0,0,0,0,0,0],"sum_hessian":[7.304E3,5.259E3,2.045E3,5.076E3,1.83E2,1.522E3,5.23E2,4.594E3,4.82E2,9.53E2,5.69E2,3.63E2,1.6E2,2.74E2,2.08E2,9.52E2,1E0,2.29E2,3.4E2,3.54E2,9E0,1.54E2,6E0],"tree_param":{"num_deleted":"0","num_feature":"1","num_nodes":"23","size_leaf_vector":"1"}},{"base_weights":[-1.870589E-4,1.7751558E-1,-4.5703736E-1,1.8693286E-1,-2.4988385E-2,-4.8793855E-1,-2.570986E-1,5.3460076E-2,2.696232E-1,-3.3417547E-1,-5.5969805E-1,9.034398E-1,-4.5762816E-1,1.14683844E-1,3.6030367E-2,-1.1892902E-1,8.276443E-2,-2.7828366E-1,-1.524444E-1,-4.2967154E-3,3.990166E-1,-3.5295305E-1,-1.0172855E-1],"categories":[],"categories_nodes":[],"categories_segments":[],"categories_sizes":[],"default_left":[0,0,0,0,0,0,0,0,0,0,0,0,0,0,0,0,0,0,0,0,0,0,0],"id":4,"left_children":[1,3,5,7,-1,9,11,-1,13,15,17,19,21,-1,-1,-1,-1,-1,-1,-1,-1,-1,-1],"loss_changes":[5.931266E2,1.2934799E1,1.2515442E1,3.6180725E0,0E0,1.9354095E1,6.464478E1,0E0,8.090027E0,2.1605381E1,2.2401611E1,1.6071842E1,1.9710896E1,0E0,0E0,0E0,0E0,0E0,0E0,0E0,0E0,0E0,0E0],"parents":[2147483647,0,0,1,1,2,2,3,3,5,5,6,6,8,8,9,9,10,10,11,11,12,12],"right_children":[2,4,6,8,-1,10,12,-1,14,16,18,20,22,-1,-1,-1,-1,-1,-1,-1,-1,-1,-1],"split_conditions":[1.58E3,1.264E3,1.2008E4,6.32E2,-2.4988385E-2,3.476E3,1.2956E4,5.3460076E-2,9.48E2,3.16E3,4.423E3,1.2324E4,1.3588E4,1.14683844E-1,3.6030367E-2,-1.1892902E-1,8.276443E-2,-2.7828366E-1,-1.524444E-1,-4.2967154E-3,3.990166E-1,-3.5295305E-1,-1.0172855E-1],"split_indices":[0,0,0,0,0,0,0,0,0,0,0,0,0,0,0,0,0,0,0,0,0,0,0],"split_type":[0,0,0,0,0,0,0,0,0,0,0,0,0,0,0,0,0,0,0,0,0,0,0],