{"learner":{"attributes":{"scikit_learn":"{\"_estimator_type\": \"regressor\"}"},"feature_names":[],"feature_types":[],"gradient_booster":{"model":{"gbtree_model_param":{"num_parallel_tree":"1","num_trees":"10"},"iteration_indptr":[0,1,2,3,4,5,6,7,8,9,10],"tree_info":[0,0,0,0,0,0,0,0,0,0],"trees":[{"base_weights":[-5.506273E-7,-9.735819E-1,3.0920417E0,-1.6012747E0,-1.09276004E-1,2.0161042E0,3.824675E0,-6.0841584E-1,-3.6446166E-1,-1.3368154E-1,1.8618067E-1,4.2934197E-1,6.970789E-1,9.864007E-1,1.2852585E0],"categories":[],"categories_nodes":[],"categories_segments":[],"categories_sizes":[],"default_left":[0,0,0,0,0,0,0,0,0,0,0,0,0,0,0],"id":0,"left_children":[1,3,5,7,9,11,13,-1,-1,-1,-1,-1,-1,-1,-1],"loss_changes":[5.6444155E3,7.7345654E2,3.462207E2,1.3375049E2,1.4780959E2,2.9771118E1,5.151245E1,0E0,0E0,0E0,0E0,0E0,0E0,0E0,0E0],"parents":[2147483647,0,0,1,1,2,2,3,3,4,4,5,5,6,6],"right_children":[2,4,6,8,10,12,14,-1,-1,-1,-1,-1,-1,-1,-1],"split_conditions":[3.39E1,2.1E1,6.25E1,2.02E1,2.21E1,4.05E1,2.56E1,-6.0841584E-1,-3.6446166E-1,-1.3368154E-1,1.8618067E-1,4.2934197E-1,6.970789E-1,9.864007E-1,1.2852585E0],"split_indices":[0,2,0,2,2,0,2,0,0,0,0,0,0,0,0],"split_type":[0,0,0,0,0,0,0,0,0,0,0,0,0,0,0],"sum_hessian":[1.873E3,1.425E3,4.48E2,8.25E2,6E2,1.83E2,2.65E2,3.9E2,4.35E2,4.11E2,1.89E2,6.5E1,1.18E2,1.26E2,1.39E2],"tree_param":{"num_deleted":"0","num_feature":"3","num_nodes":"15","size_leaf_vector":"1"}},{"base_weights":[1.32193E-3,-6.8215245E-1,2.171997E0,-1.027504E0,1.3915978E-1,1.4173948E0,2.6858125E0,-4.2025825E-1,-2.2223137E-1,-1.3596853E-2,2.1605456E-1,3.7313855E-1,6.092812E-1,7.3976195E-1,9.834053E-1],"categories":[],"categories_nodes":[],"categories_segments":[],"categories_sizes":[],"default_left":[0,0,0,0,0,0,0,0,0,0,0,0,0,0,0],"id":1,"left_children":[1,3,5,7,9,11,13,-1,-1,-1,-1,-1,-1,-1,-1],"loss_changes":[2.78175E3,4.0461566E2,1.7028198E2,1.0644409E2,4.537336E1,1.70719E1,2.656311E1,0E0,0E0,0E0,0E0,0E0,0E0,0E0,0E0],"parents":[2147483647,0,0,1,1,2,2,3,3,4,4,5,5,6,6],"right_children":[2,4,6,8,10,12,14,-1,-1,-1,-1,-1,-1,-1,-1],"split_conditions":[3.39E1,2.14E1,6.25E1,2.03E1,2.26E1,2.5E1,2.62E1,-4.2025825E-1,-2.2223137E-1,-1.3596853E-2,2.1605456E-1,3.7313855E-1,6.092812E-1,7.3976195E-1,9.834053E-1],"split_indices":[0,2,0,2,2,2,2,0,0,0,0,0,0,0,0],"split_type":[0,0,0,0,0,0,0,0,0,0,0,0,0,0,0],"sum_hessian":[1.873E3,1.425E3,4.48E2,1.003E3,4.22E2,1.83E2,2.65E2,4.34E2,5.69E2,3.21E2,1.01E2,1.45E2,3.8E1,1.97E2,6.8E1],"tree_param":{"num_deleted":"0","num_feature":"3","num_nodes":"15","size_leaf_vector":"1"}},{"base_weights":[2.1341236E-3,-4.592366E-1,1.600449E0,-8.894069E-1,-1.0787671E-1,1.0998466E0,1.9432062E0,-3.6673406E-1,-2.3069024E-1,-9.567466E-2,7.61889E-2,2.9593098E-1,5.9014416E-1,4.9246192E-1,6.3593596E-1],"categories":[],"categories_nodes":[],"categories_segments":[],"categories_sizes":[],"default_left":[0,0,0,0,0,0,0,0,0,0,0,0,0,0,0],"id":2,"left_children":[1,3,5,7,9,11,13,-1,-1,-1,-1,-1,-1,-1,-1],"loss_changes":[1.382652E3,2.1981943E2,6.992847E1,2.5292664E1,6.1323494E1,1.5075928E1,9.730835E0,0E0,0E0,0E0,0E0,0E0,0E0,0E0,0E0],"parents":[2147483647,0,0,1,1,2,2,3,3,4,4,5,5,6,6],"right_children":[2,4,6,8,10,12,14,-1,-1,-1,-1,-1,-1,-1,-1],"split_conditions":[3.62E1,2.07E1,2.51E1,1.97E1,2.18E1,1.4444445E1,6.51E1,-3.6673406E-1,-2.3069024E-1,-9.567466E-2,7.61889E-2,2.9593098E-1,5.9014416E-1,4.9246192E-1,6.3593596E-1],"split_indices":[0,2,2,2,2,1,0,0,0,0,0,0,0,0,0],"split_type":[0,0,0,0,0,0,0,0,0,0,0,0,0,0,0],"sum_hessian":[1.873E3,1.454E3,4.19E2,6.53E2,8.01E2,1.72E2,2.47E2,1.71E2,4.82E2,5.06E2,2.95E2,1.54E2,1.8E1,9.5E1,1.52E2],"tree_param":{"num_deleted":"0","num_feature":"3","num_nodes":"15","size_leaf_vector":"1"}},{"base_weights":[2.2394157E-3,-3.4569016E-1,1.0602704E0,-6.0932916E-1,-5.5682894E-2,5.6569284E-1,1.2994055E0,-2.3954761E-1,-1.4498045E-1,-4.3370325E-2,1.18694745E-1,-1.5879078E-1,1.7959231E-1,3.2619503E-1,4.6666488E-1],"categories":[],"categories_nodes":[],"categories_segments":[],"categories_sizes":[],"default_left":[0,0,0,0,0,0,0,0,0,0,0,0,0,0,0],"id":3,"left_children":[1,3,5,7,9,11,13,-1,-1,-1,-1,-1,-1,-1,-1],"loss_changes":[6.9022394E2,1.078472E2,5.414264E1,1.723639E1,2.7055656E1,5.836815E0,1.5258118E1,0E0,0E0,0E0,0E0,0E0,0E0,0E0,0E0],"parents":[2147483647,0,0,1,1,2,2,3,3,4,4,5,5,6,6],"right_children":[2,4,6,8,10,12,14,-1,-1,-1,-1,-1,-1,-1,-1],"split_conditions":[3.3E1,2.08E1,5.5E1,2E1,2.25E1,1.94E1,2.57E1,-2.3954761E-1,-1.4498045E-1,-4.3370325E-2,1.18694745E-1,-1.5879078E-1,1.7959231E-1,3.2619503E-1,4.6666488E-1],"split_indices":[0,2,0,2,2,2,2,0,0,0,0,0,0,0,0],"split_type":[0,0,0,0,0,0,0,0,0,0,0,0,0,0,0],"sum_hessian":[1.873E3,1.41E3,4.63E2,7.38E2,6.72E2,1.52E2,3.11E2,2.93E2,4.45E2,5.62E2,1.1E2,4E0,1.48E2,1.73E2,1.38E2],"tree_param":{"num_deleted":"0","num_feature":"3","num_nodes":"15","size_leaf_vector":"1"}},{"base_weights":[1.8373171E-3,-2.276006E-1,8.065202E-1,-3.748741E-1,5.135735E-2,5.0921047E-1,9.506859E-1,-1.20949864E-1,5.4085154E-2,-2.3241348E-3,2.3337723E-1,2.6401E-1,1.3167039E-1,2.5796956E-1,4.1755512E-1],"categories":[],"categories_nodes":[],"categories_segments":[],"categories_sizes":[],"default_left":[0,0,0,0,0,0,0,0,0,0,0,0,0,0,0],"id":4,"left_children":[1,3,5,7,9,11,13,-1,-1,-1,-1,-1,-1,-1,-1],"loss_changes":[3.461704E2,5.9959496E1,1.7346436E1,1.50724945E1,2.1692413E1,3.2117271E0,9.977707E0,0E0,0E0,0E0,0E0,0E0,0E0,0E0,0E0],"parents":[2147483647,0,0,1,1,2,2,3,3,4,4,5,5,6,6],"right_children":[2,4,6,8,10,12,14,-1,-1,-1,-1,-1,-1,-1,-1],"split_conditions":[2.32E1,2.12E1,5.89E1,3E1,3.62E1,3.3333333E0,2.65E1,-1.20949864E-1,5.4085154E-2,-2.3241348E-3,2.3337723E-1,2.6401E-1,1.3167039E-1,2.5796956E-1,4.1755512E-1],"split_indices":[2,2,0,0,0,1,2,0,0,0,0,0,0,0,0],"split_type":[0,0,0,0,0,0,0,0,0,0,0,0,0,0,0],"sum_hessian":[1.873E3,1.458E3,4.15E2,9.54E2,5.04E2,1.37E2,2.78E2,9.08E2,4.6E1,4.67E2,3.7E1,2E1,1.17E2,2.33E2,4.5E1],"tree_param":{"num_deleted":"0","num_feature":"3","num_nodes":"15","size_leaf_vector":"1"}},{"base_weights":[1.9461053E-3,-1.4831233E-1,6.110748E-1,-2.4424112E-1,1.2349713E-1,5.2580297E-1,8.8338983E-1,-1.539955E-1,-5.8439553E-2,2.2988439E-2,1.3763152E-1,1.5362844E-1,4.9310228E-1,2.738374E-1,1.2509243E-1],"categories":[],"categories_nodes":[],"categories_segments":[],"categories_sizes":[],"default_left":[0,0,0,0,0,0,0,0,0,0,0,0,0,0,0],"id":5,"left_children":[1,3,5,7,9,11,13,-1,-1,-1,-1,-1,-1,-1,-1],"loss_changes":[1.7161172E2,3.9245987E1,8.150421E0,1.4693924E1,6.140443E0,3.5256195E0,8.124466E-1,0E0,0E0,0E0,0E0,0E0,0E0,0E0,0E0],"parents":[2147483647,0,0,1,1,2,2,3,3,4,4,5,5,6,6],"right_children":[2,4,6,8,10,12,14,-1,-1,-1,-1,-1,-1,-1,-1],"split_conditions":[2.37E1,2.16E1,2.62E1,1.97E1,3.71E1,1.75E1,1.5833333E1,-1.539955E-1,-5.8439553E-2,2.2988439E-2,1.3763152E-1,1.5362844E-1,4.9310228E-1,2.738374E-1,1.2509243E-1],"split_indices":[2,2,2,2,0,1,1,0,0,0,0,0,0,0,0],"split_type":[0,0,0,0,0,0,0,0,0,0,0,0,0,0,0],"sum_hessian":[1.873E3,1.503E3,3.7E2,1.111E3,3.92E2,2.84E2,8.6E1,1.71E2,9.4E2,3.45E2,4.7E1,2.82E2,2E0,8E1,6E0],"tree_param":{"num_deleted":"0","num_feature":"3","num_nodes":"15","size_leaf_vector":"1"}},{"base_weights":[1.8921295E-3,-1.5037856E-1,3.0424827E-1,-2.8612843E-1,-4.4236533E-2,1.6470003E-1,4.9354059E-1,-8.840357E-2,2.8446507E-1,-2.945328E-2,1.7738668E-2,3.4450497E-2,1.10448435E-1,1.1855451E-1,2.796063E-1],"categories":[],"categories_nodes":[],"categories_segments":[],"categories_sizes":[],"default_left":[0,0,0,0,0,0,0,0,0,0,0,0,0,0,0],"id":6,"left_children":[1,3,5,7,9,11,13,-1,-1,-1,-1,-1,-1,-1,-1],"loss_changes":[8.632467E1,1.7955072E1,1.6507584E1,6.052334E0,3.9143295E0,3.6405792E0,1.1103859E1,0E0,0E0,0E0,0E0,0E0,0E0,0E0,0E0],"parents":[2147483647,0,0,1,1,2,2,3,3,4,4,5,5,6,6],"right_children":[2,4,6,8,10,12,14,-1,-1,-1,-1,-1,-1,-1,-1],"split_conditions":[2.83E1,2.06E1,6.25E1,1.8333334E1,2.16E1,1.4444445E1,1.0555555E1,-8.840357E-2,2.8446507E-1,-2.945328E-2,1.7738668E-2,3.4450497E-2,1.10448435E-1,1.1855451E-1,2.796063E-1],"split_indices":[0,2,0,1,2,1,1,0,0,0,0,0,0,0,0],