{"learner":{"attributes":{"scikit_learn":"{\"_estimator_type\": \"regressor\"}"},"feature_names":[],"feature_types":[],"gradient_booster":{"model":{"gbtree_model_param":{"num_parallel_tree":"1","num_trees":"10"},"iteration_indptr":[0,1,2,3,4,5,6,7,8,9,10],"tree_info":[0,0,0,0,0,0,0,0,0,0],"trees":[{"base_weights":[9.390602E-7,-2.2495391E0,7.2339267E-1,-4.096758E0,-1.5253106E0,1.7143404E-1,1.3701339E0,-1.3842219E0,-3.1173146E0,-2.2067616E0,-1.2333744E0,-2.0179422E-1,4.7812194E-1,1.0651459E0,1.8817177E0,-9.500547E-1,-3.510248E-1,-6.824405E-1,-3.995792E-1,-4.1756082E-1,-2.71521E-1,-1.4560603E-1,-1.2601606E-2,8.9912534E-2,1.793502E-1,2.6540795E-1,3.699085E-1,5.283939E-1,8.7886065E-1],"categories":[],"categories_nodes":[],"categories_segments":[],"categories_sizes":[],"default_left":[0,0,0,0,0,0,0,0,0,0,0,0,0,0,0,0,0,0,0,0,0,0,0,0,0,0,0,0,0],"id":0,"left_children":[1,3,5,7,9,11,13,-1,15,17,19,21,23,25,27,-1,-1,-1,-1,-1,-1,-1,-1,-1,-1,-1,-1,-1,-1],"loss_changes":[3.7183777E3,7.375725E2,6.169738E2,6.465869E1,7.705328E1,1.0700642E2,1.2219299E2,0E0,1.7924805E0,4.053406E0,1.3466034E1,1.9100264E1,1.0777611E1,1.4086853E1,3.2184204E1,0E0,0E0,0E0,0E0,0E0,0E0,0E0,0E0,0E0,0E0,0E0,0E0,0E0,0E0],"parents":[2147483647,0,0,1,1,2,2,3,3,4,4,5,5,6,6,8,8,9,9,10,10,11,11,12,12,13,13,14,14],"right_children":[2,4,6,8,10,12,14,-1,16,18,20,22,24,26,28,-1,-1,-1,-1,-1,-1,-1,-1,-1,-1,-1,-1,-1,-1],"split_conditions":[1.85E1,1.64E1,2E1,1.56E1,1.74E1,1.94E1,2.07E1,-1.3842219E0,2.01E1,2.39E1,1.82E1,1.9E1,1.97E1,2.03E1,2.17E1,-9.500547E-1,-3.510248E-1,-6.824405E-1,-3.995792E-1,-4.1756082E-1,-2.71521E-1,-1.4560603E-1,-1.2601606E-2,8.9912534E-2,1.793502E-1,2.6540795E-1,3.699085E-1,5.283939E-1,8.7886065E-1],"split_indices":[4,4,4,4,4,4,4,0,1,1,4,4,4,4,4,0,0,0,0,0,0,0,0,0,0,0,0,0,0],"split_type":[0,0,0,0,0,0,0,0,0,0,0,0,0,0,0,0,0,0,0,0,0,0,0,0,0,0,0,0,0],"sum_hessian":[2.283E3,5.55E2,1.728E3,1.55E2,4E2,9.33E2,7.95E2,9.9E1,5.6E1,1.18E2,2.82E2,4.21E2,5.12E2,5E2,2.95E2,5.4E1,2E0,1.08E2,1E1,1.88E2,9.4E1,1.51E2,2.7E2,2.07E2,3.05E2,2.44E2,2.56E2,2.67E2,2.8E1],"tree_param":{"num_deleted":"0","num_feature":"5","num_nodes":"29","size_leaf_vector":"1"}},{"base_weights":[-1.0077477E-3,-1.6287135E0,4.9417958E-1,-3.027376E0,-1.1513999E0,1.3872783E-1,1.0107344E0,-1.0571373E0,-7.7116525E-1,-1.7482808E0,-9.4052404E-1,-2.220756E-1,3.3034977E-1,8.276562E-1,1.4374695E0,-5.42779E-1,-2.7309686E-1,-3.531442E-1,-2.3338845E-1,-1.3678889E-1,-3.9587405E-2,6.577698E-2,1.4873251E-1,2.1443325E-1,2.9474473E-1,4.0572298E-1,7.0158094E-1],"categories":[],"categories_nodes":[],"categories_segments":[],"categories_sizes":[],"default_left":[0,0,0,0,0,0,0,0,0,0,0,0,0,0,0,0,0,0,0,0,0,0,0,0,0,0,0],"id":1,"left_children":[1,3,5,7,9,11,13,-1,-1,15,17,19,21,23,25,-1,-1,-1,-1,-1,-1,-1,-1,-1,-1,-1,-1],"loss_changes":[1.8417529E3,3.523452E2,3.2154507E2,2.1556519E1,4.8576965E1,7.19076E1,5.4592224E1,0E0,0E0,3.616394E0,1.0508636E1,7.5487595E0,1.236969E1,8.070984E0,1.3163696E1,0E0,0E0,0E0,0E0,0E0,0E0,0E0,0E0,0E0,0E0,0E0,0E0],"parents":[2147483647,0,0,1,1,2,2,3,3,4,4,5,5,6,6,9,9,10,10,11,11,12,12,13,13,14,14],"right_children":[2,4,6,8,10,12,14,-1,-1,16,18,20,22,24,26,-1,-1,-1,-1,-1,-1,-1,-1,-1,-1,-1,-1],"split_conditions":[1.84E1,1.62E1,2.01E1,1.48E1,1.72E1,1.93E1,2.09E1,-1.0571373E0,-7.7116525E-1,2.39E1,1.78E1,1.88E1,1.98E1,2.05E1,2.2E1,-5.42779E-1,-2.7309686E-1,-3.531442E-1,-2.3338845E-1,-1.3678889E-1,-3.9587405E-2,6.577698E-2,1.4873251E-1,2.1443325E-1,2.9474473E-1,4.0572298E-1,7.0158094E-1],"split_indices":[4,4,4,4,4,4,4,0,0,1,4,4,4,4,4,0,0,0,0,0,0,0,0,0,0,0,0],"split_type":[0,0,0,0,0,0,0,0,0,0,0,0,0,0,0,0,0,0,0,0,0,0,0,0,0,0,0],"sum_hessian":[2.283E3,5.32E2,1.751E3,1.34E2,3.98E2,1.038E3,7.13E2,6.1E1,7.3E1,1.02E2,2.96E2,3.6E2,6.78E2,5.01E2,2.12E2,9.4E1,8E0,1.18E2,1.78E2,9.9E1,2.61E2,4.07E2,2.71E2,2.93E2,2.08E2,1.96E2,1.6E1],"tree_param":{"num_deleted":"0","num_feature":"5","num_nodes":"27","size_leaf_vector":"1"}},{"base_weights":[-1.3955834E-3,-1.2060633E0,3.308809E-1,-2.200069E0,-8.74158E-1,2.1266084E-2,6.4359933E-1,-2.6846712E0,-1.9431146E0,-1.2816304E0,-7.069636E-1,-2.2406733E-1,1.6617866E-1,5.4092175E-1,1.0790566E0,-1.7456475E-1,-8.171007E-1,-6.080524E-1,-2.1977182E-1,-3.9735252E-1,-2.0027123E-1,-2.4305362E-1,-1.6867101E-1,-1.13665186E-1,-4.781336E-2,2.0247757E-2,7.7470504E-2,1.2857498E-1,2.0338254E-1,8.882481E-1,3.0816373E-1],"categories":[],"categories_nodes":[],"categories_segments":[],"categories_sizes":[],"default_left":[0,0,0,0,0,0,0,0,0,0,0,0,0,0,0,0,0,0,0,0,0,0,0,0,0,0,0,0,0,0,0],"id":2,"left_children":[1,3,5,7,9,11,13,15,17,19,21,23,25,27,29,-1,-1,-1,-1,-1,-1,-1,-1,-1,-1,-1,-1,-1,-1,-1,-1],"loss_changes":[9.1464484E2,1.6105524E2,1.7339497E2,1.0099365E1,2.4437225E1,3.2069492E1,3.9254425E1,1.695282E0,7.0289917E0,1.9330444E0,3.51799E0,3.2946396E0,5.133587E0,1.0838303E1,1.344606E1,0E0,0E0,0E0,0E0,0E0,0E0,0E0,0E0,0E0,0E0,0E0,0E0,0E0,0E0,0E0,0E0],"parents":[2147483647,0,0,1,1,2,2,3,3,4,4,5,5,6,6,7,7,8,8,9,9,10,10,11,11,12,12,13,13,14,14],"right_children":[2,4,6,8,10,12,14,16,18,20,22,24,26,28,30,-1,-1,-1,-1,-1,-1,-1,-1,-1,-1,-1,-1,-1,-1,-1,-1],"split_conditions":[1.83E1,1.6E1,1.99E1,1.44E1,1.71E1,1.92E1,2.1E1,-1.03416E1,1.77E1,2.39E1,1.79E1,1.87E1,1.96E1,2.04E1,8.611111E0,-1.7456475E-1,-8.171007E-1,-6.080524E-1,-2.1977182E-1,-3.9735252E-1,-2.0027123E-1,-2.4305362E-1,-1.6867101E-1,-1.13665186E-1,-4.781336E-2,2.0247757E-2,7.7470504E-2,1.2857498E-1,2.0338254E-1,8.882481E-1,3.0816373E-1],"split_indices":[4,4,4,4,4,4,4,3,1,1,4,4,4,4,2,0,0,0,0,0,0,0,0,0,0,0,0,0,0,0,0],"split_type":[0,0,0,0,0,0,0,0,0,0,0,0,0,0,0,0,0,0,0,0,0,0,0,0,0,0,0,0,0,0,0],"sum_hessian":[2.283E3,4.93E2,1.79E3,1.22E2,3.71E2,9E2,8.9E2,3.9E1,8.3E1,1.06E2,2.65E2,3.34E2,5.66E2,7.22E2,1.68E2,1E0,3.8E1,7.7E1,6E0,9.8E1,8E0,1.52E2,1.13E2,9.7E1,2.37E2,2.74E2,2.92E2,3.99E2,3.23E2,3E0,1.65E2],"tree_param":{"num_deleted":"0","num_feature":"5","num_nodes":"31","size_leaf_vector":"1"}},{"base_weights":[-1.5743029E-3,-8.499707E-1,2.324343E-1,-1.4231195E0,-5.5819964E-1,6.8386294E-2,5.3243303E-1,-5.438155E-1,-1.1795174E0,-7.7729946E-1,-4.7868827E-1,-8.9088336E-2,2.0495705E-1,4.7377548E-1,9.9006367E-1,-3.6625558E-1,-2.1459275E-1,-2.9168755E-1,-2.0584093E-1,-1.518289E-1,2.3210254E-3,-6.404524E-2,-2.1469432E-3,4.54693E-2,7.351915E-2,1.1841766E-1,1.6551061E-1,6.8839216E-1,2.6962924E-1],"categories":[],"categories_nodes":[],"categories_segments":[],"categories_sizes":[],"default_left":[0,0,0,0,0,0,0,0,0,0,0,0,0,0,0,0,0,0,0,0,0,0,0,0,0,0,0,0,0],"id":3,"left_children":[1,3,5,7,9,11,13,-1,15,17,19,21,23,25,27,-1,-1,-1,-1,-1,-1,-1,-1,-1,-1,-1,-1,-1,-1],"loss_changes":[4.536448E2,8.1816376E1,8.810621E1,1.3616455E1,5.359398E0,2.494421E1,1.6522873E1,0E0,1.1414337E0,8.6161804E-1,3.2569199E0,5.491948E0,1.2926731E0,3.2503586E0,6.394272E0,0E0,0E0,0E0,0E0,0E0,0E0,0E0,0E0,0E0,0E0,0E0,0E0,0E0,0E0],"parents":[2147483647,0,0,1,1,2,2,3,3,4,4,5,5,6,6,8,8,9,9,10,10,11,11,12,12,13,13,14,14],"right_children":[2,4,6,8,10,12,14,-1,16,18,20,22,24,26,28,-1,-1,-1,-1,-1,-1,-1,-1,-1,-1,-1,-1,-1,-1],"split_conditions":[1.83E1,1.65E1,2.02E1,1.16E1,1.73E1,1.95E1,2.13E1,-5.438155E-1,2.02E1,5.31E2,4.18E1,1.9E1,1.98E1,2.06E1,8.611111E0,-3.6625558E-1,-2.1459275E-1,-2.9168755E-1,-2.0584093E-1,-1.518289E-1,2.3210254E-3,-6.404524E-2,-2.1469432E-3,4.54693E-2,7.351915E-2,1.1841766E-1,1.6551061E-1,6.8839216E-1,2.6962924E-1],"split_indices":[4,4,4,1,4,4,4,0,1,0,1,4,4,4,2,0,0,0,0,0,0,0,0,0,0,0,0,0,0],"split_type":[0,0,0,0,0,0,0,0,0,0,0,0,0,0,0,0,0,0,0,0,0,0,0,0,0,0,0,0,0],"sum_hessian":[2.283E3,4.93E2,1.79E3,1.65E2,3.28E2,1.158E3,6.32E2,6.1E1,1.04E2,8.5E1,2.43E2,5.38E2,6.2E2,5.62E2,7E1,9.4E1,1E1,2.4E1,6.1E1,2.3E2,1.3E1,2.13E2,3.25E2,2.68E2,3.52E2,2.82E2,2.8E2,3E0,6.7E1],"tree_param":{"num_deleted":"0","num_feature":"5","num_nodes":"29",