{"learner":{"attributes":{"scikit_learn":"{\"_estimator_type\": \"regressor\"}"},"feature_names":[],"feature_types":[],"gradient_booster":{"model":{"gbtree_model_param":{"num_parallel_tree":"1","num_trees":"10"},"iteration_indptr":[0,1,2,3,4,5,6,7,8,9,10],"tree_info":[0,0,0,0,0,0,0,0,0,0],"trees":[{"base_weights":[8.925514E-7,-6.854592E-1,2.2686918E0,-1.3177997E0,-1.4919695E-1,1.4730068E0,3.5966513E0,-5.077102E-1,-3.095069E-1,-1.4814621E-1,7.500124E-2,3.2714784E-1,5.8454025E-1,9.649327E-1,1.4092078E0],"categories":[],"categories_nodes":[],"categories_segments":[],"categories_sizes":[],"default_left":[0,0,0,0,0,0,0,0,0,0,0,0,0,0,0],"id":0,"left_children":[1,3,5,7,9,11,13,-1,-1,-1,-1,-1,-1,-1,-1],"loss_changes":[3.7866611E3,6.339209E2,5.9170215E2,9.0203735E1,1.3948608E2,6.243921E1,7.319458E1,0E0,0E0,0E0,0E0,0E0,0E0,0E0,0E0],"parents":[2147483647,0,0,1,1,2,2,3,3,4,4,5,5,6,6],"right_children":[2,4,6,8,10,12,14,-1,-1,-1,-1,-1,-1,-1,-1],"split_conditions":[1.97E1,1.82E1,2.16E1,1.76E1,1.88E1,2.05E1,2.3E1,-5.077102E-1,-3.095069E-1,-1.4814621E-1,7.500124E-2,3.2714784E-1,5.8454025E-1,9.649327E-1,1.4092078E0],"split_indices":[4,4,4,4,4,4,4,0,0,0,0,0,0,0,0],"split_type":[0,0,0,0,0,0,0,0,0,0,0,0,0,0,0],"sum_hessian":[2.433E3,1.869E3,5.64E2,8.57E2,1.012E3,3.54E2,2.1E2,3.69E2,4.88E2,5.43E2,4.69E2,1.98E2,1.56E2,1.59E2,5.1E1],"tree_param":{"num_deleted":"0","num_feature":"5","num_nodes":"15","size_leaf_vector":"1"}},{"base_weights":[9.846949E-4,-4.998455E-1,1.5394865E0,-9.777924E-1,-1.5709564E-1,1.0274732E0,2.6168299E0,-3.922784E-1,-2.4530387E-1,-9.863094E-2,6.881615E-2,2.35254E-1,4.893131E-1,7.187989E-1,1.0521662E0],"categories":[],"categories_nodes":[],"categories_segments":[],"categories_sizes":[],"default_left":[0,0,0,0,0,0,0,0,0,0,0,0,0,0,0],"id":1,"left_children":[1,3,5,7,9,11,13,-1,-1,-1,-1,-1,-1,-1,-1],"loss_changes":[1.8762351E3,3.0077682E2,3.271764E2,3.943274E1,7.113531E1,5.8486725E1,2.9349365E1,0E0,0E0,0E0,0E0,0E0,0E0,0E0,0E0],"parents":[2147483647,0,0,1,1,2,2,3,3,4,4,5,5,6,6],"right_children":[2,4,6,8,10,12,14,-1,-1,-1,-1,-1,-1,-1,-1],"split_conditions":[1.96E1,1.81E1,2.18E1,1.74E1,1.9E1,4.1E1,2.35E1,-3.922784E-1,-2.4530387E-1,-9.863094E-2,6.881615E-2,2.35254E-1,4.893131E-1,7.187989E-1,1.0521662E0],"split_indices":[4,4,4,4,4,0,4,0,0,0,0,0,0,0,0],"split_type":[0,0,0,0,0,0,0,0,0,0,0,0,0,0,0],"sum_hessian":[2.433E3,1.836E3,5.97E2,7.66E2,1.07E3,4.06E2,1.91E2,2.48E2,5.18E2,7.41E2,3.29E2,2.91E2,1.15E2,1.56E2,3.5E1],"tree_param":{"num_deleted":"0","num_feature":"5","num_nodes":"15","size_leaf_vector":"1"}},{"base_weights":[1.4404777E-3,-2.928186E-1,1.3356347E0,-5.7712597E-1,1.0693462E-1,1.0134288E0,2.0334082E0,-2.3908003E-1,-1.21507265E-1,-1.0079743E-2,1.05824195E-1,2.128393E-1,3.885927E-1,5.699677E-1,8.308938E-1],"categories":[],"categories_nodes":[],"categories_segments":[],"categories_sizes":[],"default_left":[0,0,0,0,0,0,0,0,0,0,0,0,0,0,0],"id":2,"left_children":[1,3,5,7,9,11,13,-1,-1,-1,-1,-1,-1,-1,-1],"loss_changes":[9.559765E2,2.2679901E2,9.686304E1,4.3786102E1,2.8684187E1,2.5042511E1,8.303284E0,0E0,0E0,0E0,0E0,0E0,0E0,0E0,0E0],"parents":[2147483647,0,0,1,1,2,2,3,3,4,4,5,5,6,6],"right_children":[2,4,6,8,10,12,14,-1,-1,-1,-1,-1,-1,-1,-1],"split_conditions":[2.02E1,1.85E1,2.23E1,1.78E1,1.93E1,2.09E1,2.4E1,-2.3908003E-1,-1.21507265E-1,-1.0079743E-2,1.05824195E-1,2.128393E-1,3.885927E-1,5.699677E-1,8.308938E-1],"split_indices":[4,4,4,4,4,4,4,0,0,0,0,0,0,0,0],"split_type":[0,0,0,0,0,0,0,0,0,0,0,0,0,0,0],"sum_hessian":[2.433E3,1.994E3,4.39E2,1.165E3,8.29E2,3.02E2,1.37E2,5.1E2,6.55E2,5.28E2,3.01E2,1.47E2,1.55E2,1.19E2,1.8E1],"tree_param":{"num_deleted":"0","num_feature":"5","num_nodes":"15","size_leaf_vector":"1"}},{"base_weights":[1.7226406E-3,-2.1225989E-1,9.106835E-1,-4.2918882E-1,3.9591152E-2,6.9991136E-1,1.4705334E0,-2.4042894E-1,-1.0948819E-1,-2.3832807E-2,5.6728188E-2,1.593324E-1,3.294122E-1,4.1397548E-1,6.6491514E-1],"categories":[],"categories_nodes":[],"categories_segments":[],"categories_sizes":[],"default_left":[0,0,0,0,0,0,0,0,0,0,0,0,0,0,0],"id":3,"left_children":[1,3,5,7,9,11,13,-1,-1,-1,-1,-1,-1,-1,-1],"loss_changes":[4.7361053E2,1.0770017E2,5.3723114E1,2.5026474E1,1.6262672E1,2.2199509E1,5.457306E0,0E0,0E0,0E0,0E0,0E0,0E0,0E0,0E0],"parents":[2147483647,0,0,1,1,2,2,3,3,4,4,5,5,6,6],"right_children":[2,4,6,8,10,12,14,-1,-1,-1,-1,-1,-1,-1,-1],"split_conditions":[2.01E1,1.84E1,2.24E1,1.72E1,1.91E1,4.68E1,2.46E1,-2.4042894E-1,-1.0948819E-1,-2.3832807E-2,5.6728188E-2,1.593324E-1,3.294122E-1,4.1397548E-1,6.6491514E-1],"split_indices":[4,4,4,4,4,0,4,0,0,0,0,0,0,0,0],"split_type":[0,0,0,0,0,0,0,0,0,0,0,0,0,0,0],"sum_hessian":[2.433E3,1.97E3,4.63E2,1.058E3,9.12E2,3.38E2,1.25E2,1.54E2,9.04E2,5.08E2,4.04E2,2.39E2,9.9E1,1.14E2,1.1E1],"tree_param":{"num_deleted":"0","num_feature":"5","num_nodes":"15","size_leaf_vector":"1"}},{"base_weights":[1.7193165E-3,-1.3382849E-1,7.2569543E-1,-2.730436E-1,9.2901655E-2,4.707565E-1,9.530624E-1,-1.1959446E-1,-4.6068233E-2,1.2185455E-2,1.1953487E-1,7.338543E-2,1.8558192E-1,2.4854615E-1,4.1078427E-1],"categories":[],"categories_nodes":[],"categories_segments":[],"categories_sizes":[],"default_left":[0,0,0,0,0,0,0,0,0,0,0,0,0,0,0],"id":4,"left_children":[1,3,5,7,9,11,13,-1,-1,-1,-1,-1,-1,-1,-1],"loss_changes":[2.3895377E2,6.476368E1,2.1809784E1,1.9013435E1,1.2460375E1,5.967201E0,9.339371E0,0E0,0E0,0E0,0E0,0E0,0E0,0E0,0E0],"parents":[2147483647,0,0,1,1,2,2,3,3,4,4,5,5,6,6],"right_children":[2,4,6,8,10,12,14,-1,-1,-1,-1,-1,-1,-1,-1],"split_conditions":[2.04E1,1.86E1,4.16E1,1.79E1,3.43E1,2.1E1,2.3E1,-1.1959446E-1,-4.6068233E-2,1.2185455E-2,1.1953487E-1,7.338543E-2,1.8558192E-1,2.4854615E-1,4.1078427E-1],"split_indices":[4,4,0,4,0,4,4,0,0,0,0,0,0,0,0],"split_type":[0,0,0,0,0,0,0,0,0,0,0,0,0,0,0],"sum_hessian":[2.433E3,2.05E3,3.83E2,1.27E3,7.8E2,1.82E2,2.01E2,6.18E2,6.52E2,6.67E2,1.13E2,7.3E1,1.09E2,1.57E2,4.4E1],"tree_param":{"num_deleted":"0","num_feature":"5","num_nodes":"15","size_leaf_vector":"1"}},{"base_weights":[1.5666996E-3,-1.4095439E-1,3.671529E-1,-2.7924684E-1,-6.534241E-2,1.9636619E-1,6.292694E-1,-1.7491229E-1,-7.011696E-2,-2.9675344E-2,4.4208694E-2,4.6222635E-2,1.4111312E-1,1.4846334E-1,2.5333533E-1],"categories":[],"categories_nodes":[],"categories_segments":[],"categories_sizes":[],"default_left":[0,0,0,0,0,0,0,0,0,0,0,0,0,0,0],"id":5,"left_children":[1,3,5,7,9,11,13,-1,-1,-1,-1,-1,-1,-1,-1],"loss_changes":[1.2687227E2,1.8301659E1,3.0451622E1,8.424389E0,8.113203E0,4.736601E0,7.361206E0,0E0,0E0,0E0,0E0,0E0,0E0,0E0,0E0],"parents":[2147483647,0,0,1,1,2,2,3,3,4,4,5,5,6,6],"right_children":[2,4,6,8,10,12,14,-1,-1,-1,-1,-1,-1,-1,-1],"split_conditions":[1.94E1,1.79E1,2.11E1,1.7E1,2.85E1,5.48E1,4.89E1,-1.7491229E-1,-7.011696E-2,-2.9675344E-2,4.4208694E-2,4.6222635E-2,1.4111312E-1,1.4846334E-1,2.5333533E-1],"split_indices":[4,4,4,4,0,0,0,0,0,0,0,0,0,0,0],"split_type":[0,0,0,0,0,0,0,0,0,0,0,0,0,0,0],"sum_hessian":[2.433E3,1.751E3,6.82E2,6.18E2,1.133E3,4.14E2,2.68E2,7.9E1,5.39E2,9.79E2,1.54E2,3.6E2,5.4E1,1.67E2,1.01E2],"tree_param":{"num_deleted":"0","num_feature":"5","num_nodes":"15","size_leaf_vector":"1"}},{"base_weights":[1.2433922E-3,-9.880039E-2,2.5786924E-1,-1.3395269E-1,5.1395014E-2,1.9138119E-1,6.100846E-1,-1.0944984E-1,-3.1241441E-2,-2.2908812E-2,3.547432E-2,4.0455867E-2,1.1890454E-1,1.6479182E-1,3.151613E-1],"categories":[],"categories_nodes":[],"categories_segments":[],"categories_sizes":[],"default_left":[0,0,0,0,0,0,0,0,0,0,0,0,0,0,0],"id":6,"left_children":[1,3,5,7,9,11,13,-1,-1,-1,-1,-1,-1,-1,-1],"loss_changes":[6.2515564E1,9.256943E0,1.5877815E1,9.736702E0,2.8531663E0,6.620348E0,2.3141022E0,0E0,0E0,0E0,0E0,0E0,0E0,0E0,0E0],"parents":[2147483647,0,0,1,1,2,2,3,3,4,4,5,5,6,6],"right_children":[2,4,6,8,10,12,14,-1,-1,-1,-1,-1,-1,-1,-1],"split_conditions":[1.94E1,2.65E1,2.26E1,1.73E1,2.962E1,5.02E1,2.46E1,-1.0944984E-1,-3.1241441E-2,-2.2908812E-2,3.547432E-2,4.0455867E-2,1.1890454E-1,1.6479182E-1,3.151613E-1],"split_indices":[4,0,4,4,2,0,4,0,0,0,0,0,0,0,0],"split_type":[0,0,0,0,0,0,0,0,0,0,0,0,0,0,0],