{"learner":{"attributes":{"scikit_learn":"{\"_estimator_type\": \"regressor\"}"},"feature_names":[],"feature_types":[],"gradient_booster":{"model":{"gbtree_model_param":{"num_parallel_tree":"1","num_trees":"10"},"iteration_indptr":[0,1,2,3,4,5,6,7,8,9,10],"tree_info":[0,0,0,0,0,0,0,0,0,0],"trees":[{"base_weights":[2.6045174E-7,-6.944947E-2,5.8521353E-2,4.764008E-2,-9.337938E-2,6.92678E-2,-1.6980818E-1,2.6713688E-2,-7.825036E-2,-5.7919785E-2,-1.6566712E-2,1.9392602E-2,4.5907583E-2,-5.798072E-2,3.435402E-2],"categories":[],"categories_nodes":[],"categories_segments":[],"categories_sizes":[],"default_left":[0,0,0,0,0,0,0,0,0,0,0,0,0,0,0],"id":0,"left_children":[1,3,5,7,9,11,13,-1,-1,-1,-1,-1,-1,-1,-1],"loss_changes":[2.950663E0,9.3469334E-1,9.785323E-1,7.5126195E-1,1.0391707E0,1.3617492E-1,1.421997E-1,0E0,0E0,0E0,0E0,0E0,0E0,0E0,0E0],"parents":[2147483647,0,0,1,1,2,2,3,3,4,4,5,5,6,6],"right_children":[2,4,6,8,10,12,14,-1,-1,-1,-1,-1,-1,-1,-1],"split_conditions":[8.055555E0,2.7777777E0,3.907E3,5.473E3,4.4444447E0,1.3888889E1,1.1666667E1,2.6713688E-2,-7.825036E-2,-5.7919785E-2,-1.6566712E-2,1.9392602E-2,4.5907583E-2,-5.798072E-2,3.435402E-2],"split_indices":[1,1,0,0,1,1,1,0,0,0,0,0,0,0,0],"split_type":[0,0,0,0,0,0,0,0,0,0,0,0,0,0,0],"sum_hessian":[7.24E2,3.31E2,3.93E2,5.6E1,2.75E2,3.76E2,1.7E1,5E1,6E0,7.5E1,2E2,3.58E2,1.8E1,1.6E1,1E0],"tree_param":{"num_deleted":"0","num_feature":"2","num_nodes":"15","size_leaf_vector":"1"}},{"base_weights":[-1.15690564E-4,-4.899384E-2,4.1071266E-2,-3.2537527E-2,-1.5596841E-1,4.866121E-2,-1.2017759E-1,1.9125696E-2,-1.5308277E-2,-8.195605E-3,-5.2668784E-2,1.3564999E-2,4.4899464E-2,-4.1609474E-2,2.9201033E-2],"categories":[],"categories_nodes":[],"categories_segments":[],"categories_sizes":[],"default_left":[0,0,0,0,0,0,0,0,0,0,0,0,0,0,0],"id":1,"left_children":[1,3,5,7,9,11,13,-1,-1,-1,-1,-1,-1,-1,-1],"loss_changes":[1.4615405E0,5.793803E-1,4.880526E-1,5.177902E-1,1.0611856E-1,1.2439561E-1,8.6013556E-2,0E0,0E0,0E0,0E0,0E0,0E0,0E0,0E0],"parents":[2147483647,0,0,1,1,2,2,3,3,4,4,5,5,6,6],"right_children":[2,4,6,8,10,12,14,-1,-1,-1,-1,-1,-1,-1,-1],"split_conditions":[8.055555E0,4.7E3,3.907E3,2.7777777E0,2.5E0,2.24E2,1.1666667E1,1.9125696E-2,-1.5308277E-2,-8.195605E-3,-5.2668784E-2,1.3564999E-2,4.4899464E-2,-4.1609474E-2,2.9201033E-2],"split_indices":[1,0,0,1,1,0,1,0,0,0,0,0,0,0,0],"split_type":[0,0,0,0,0,0,0,0,0,0,0,0,0,0,0],"sum_hessian":[7.24E2,3.31E2,3.93E2,2.88E2,4.3E1,3.76E2,1.7E1,4.6E1,2.42E2,6E0,3.7E1,3.65E2,1.1E1,1.6E1,1E0],"tree_param":{"num_deleted":"0","num_feature":"2","num_nodes":"15","size_leaf_vector":"1"}},{"base_weights":[-9.60646E-5,-5.6009345E-2,1.8473476E-2,2.156803E-2,-9.093656E-2,2.5591183E-2,-1.1902887E-1,1.4135989E-2,-5.030316E-2,-5.5751495E-2,-1.809975E-2,3.307979E-2,6.378894E-3,-4.4573437E-2,2.7469634E-3],"categories":[],"categories_nodes":[],"categories_segments":[],"categories_sizes":[],"default_left":[0,0,0,0,0,0,0,0,0,0,0,0,0,0,0],"id":2,"left_children":[1,3,5,7,9,11,13,-1,-1,-1,-1,-1,-1,-1,-1],"loss_changes":[7.537906E-1,4.9239188E-1,5.3643835E-1,2.835291E-1,3.5183525E-1,1.8786359E-1,1.036306E-1,0E0,0E0,0E0,0E0,0E0,0E0,0E0,0E0],"parents":[2147483647,0,0,1,1,2,2,3,3,4,4,5,5,6,6],"right_children":[2,4,6,8,10,12,14,-1,-1,-1,-1,-1,-1,-1,-1],"split_conditions":[5.5555553E0,2.7777777E0,4.589E3,5.473E3,3.0555556E0,6.111111E0,9.444445E0,1.4135989E-2,-5.030316E-2,-5.5751495E-2,-1.809975E-2,3.307979E-2,6.378894E-3,-4.4573437E-2,2.7469634E-3],"split_indices":[1,1,0,0,1,1,1,0,0,0,0,0,0,0,0],"split_type":[0,0,0,0,0,0,0,0,0,0,0,0,0,0,0],"sum_hessian":[7.24E2,1.8E2,5.44E2,5.6E1,1.24E2,5.18E2,2.6E1,5E1,6E0,2.9E1,9.5E1,2.4E1,4.94E2,2.1E1,5E0],"tree_param":{"num_deleted":"0","num_feature":"2","num_nodes":"15","size_leaf_vector":"1"}},{"base_weights":[-2.2183385E-4,-2.8320795E-2,2.3456026E-2,-1.6254386E-2,-6.375192E-2,2.785662E-2,-7.001506E-2,-1.20411785E-2,2.213519E-3,-7.1611784E-2,-1.4897187E-2,2.8064787E-2,6.8775546E-3,-2.5111705E-2,2.440882E-2],"categories":[],"categories_nodes":[],"categories_segments":[],"categories_sizes":[],"default_left":[0,0,0,0,0,0,0,0,0,0,0,0,0,0,0],"id":3,"left_children":[1,3,5,7,9,11,13,-1,-1,-1,-1,-1,-1,-1,-1],"loss_changes":[4.8302367E-1,1.4090255E-1,1.640137E-1,1.4083642E-1,1.9528317E-1,1.19988024E-1,4.4114724E-2,0E0,0E0,0E0,0E0,0E0,0E0,0E0,0E0],"parents":[2147483647,0,0,1,1,2,2,3,3,4,4,5,5,6,6],"right_children":[2,4,6,8,10,12,14,-1,-1,-1,-1,-1,-1,-1,-1],"split_conditions":[8.055555E0,2.24E2,3.907E3,5.5555553E0,1.005E3,8.888889E0,1.1666667E1,-1.20411785E-2,2.213519E-3,-7.1611784E-2,-1.4897187E-2,2.8064787E-2,6.8775546E-3,-2.5111705E-2,2.440882E-2],"split_indices":[1,0,0,1,0,1,1,0,0,0,0,0,0,0,0],"split_type":[0,0,0,0,0,0,0,0,0,0,0,0,0,0,0],"sum_hessian":[7.24E2,3.31E2,3.93E2,2.48E2,8.3E1,3.76E2,1.7E1,1.23E2,1.25E2,5E0,7.8E1,2.5E1,3.51E2,1.6E1,1E0],"tree_param":{"num_deleted":"0","num_feature":"2","num_nodes":"15","size_leaf_vector":"1"}},{"base_weights":[-2.4134932E-4,-9.884477E-3,4.3559432E-2,-4.375873E-3,-6.499149E-2,5.9064716E-2,2.1060042E-2,1.2968264E-2,-2.6633574E-3,-1.7248029E-2,-6.935835E-2,1.324243E-2,1.9872138E-2,-3.568005E-3,2.5237205E-2],"categories":[],"categories_nodes":[],"categories_segments":[],"categories_sizes":[],"default_left":[0,0,0,0,0,0,0,0,0,0,0,0,0,0,0],"id":4,"left_children":[1,3,5,7,9,11,13,-1,-1,-1,-1,-1,-1,-1,-1],"loss_changes":[3.0665356E-1,1.8033542E-1,4.4456646E-2,1.1653972E-1,5.4002687E-2,5.3216815E-3,1.1529996E-1,0E0,0E0,0E0,0E0,0E0,0E0,0E0,0E0],"parents":[2147483647,0,0,1,1,2,2,3,3,4,4,5,5,6,6],"right_children":[2,4,6,8,10,12,14,-1,-1,-1,-1,-1,-1,-1,-1],"split_conditions":[1.1666667E1,4.7E3,1.2777778E1,2.7777777E0,1.2962E4,1.1944445E1,1.3888889E1,1.2968264E-2,-2.6633574E-3,-1.7248029E-2,-6.935835E-2,1.324243E-2,1.9872138E-2,-3.568005E-3,2.5237205E-2],"split_indices":[1,0,1,1,0,1,1,0,0,0,0,0,0,0,0],"split_type":[0,0,0,0,0,0,0,0,0,0,0,0,0,0,0],"sum_hessian":[7.24E2,5.94E2,1.3E2,5.41E2,5.3E1,7.6E1,5.4E1,4.6E1,4.95E2,5.2E1,1E0,2.7E1,4.9E1,3.6E1,1.8E1],"tree_param":{"num_deleted":"0","num_feature":"2","num_nodes":"15","size_leaf_vector":"1"}},{"base_weights":[-1.9911405E-4,-1.7580314E-2,1.4447479E-2,1.9555276E-2,-2.5185924E-2,1.5967906E-2,-2.5960447E-2,1.0551228E-2,-2.910249E-2,-3.3968948E-2,-4.31711E-3,4.400661E-3,4.1199878E-2],"categories":[],"categories_nodes":[],"categories_segments":[],"categories_sizes":[],"default_left":[0,0,0,0,0,0,0,0,0,0,0,0,0],"id":5,"left_children":[1,3,5,7,9,11,-1,-1,-1,-1,-1,-1,-1],"loss_changes":[1.8482113E-1,9.426218E-2,6.187506E-2,1.0716307E-1,2.6070386E-1,5.931426E-2,0E0,0E0,0E0,0E0,0E0,0E0,0E0],"parents":[2147483647,0,0,1,1,2,2,3,3,4,4,5,5],"right_children":[2,4,6,8,10,12,-1,-1,-1,-1,-1,-1,-1],"split_conditions":[8.055555E0,2.7777777E0,4.913E3,5.473E3,3.0555556E0,4.81E3,-2.5960447E-2,1.0551228E-2,-2.910249E-2,-3.3968948E-2,-4.31711E-3,4.400661E-3,4.1199878E-2],"split_indices":[1,1,0,0,1,0,0,0,0,0,0,0,0],"split_type":[0,0,0,0,0,0,0,0,0,0,0,0,0],"sum_hessian":[7.24E2,3.31E2,3.93E2,5.6E1,2.75E2,3.88E2,5E0,5E1,6E0,2.9E1,2.46E2,3.85E2,3E0],"tree_param":{"num_deleted":"0","num_feature":"2","num_nodes":"13","size_leaf_vector":"1"}},{"base_weights":[-1.9071382E-4,-6.0762903E-3,2.6542941E-2,-5.432119E-3,-5.8307078E-2,2.3165837E-2,3.8392354E-2,-8.097667E-4,-9.98321E-3,1.0563996E-2,1.8012683E-3],"categories":[],"categories_nodes":[],"categories_segments":[],"categories_sizes":[],"default_left":[0,0,0,0,0,0,0,0,0,0,0],"id":6,"left_children":[1,3,5,7,-1,9,-1,-1,-1,-1,-1],"loss_changes":[1.1423493E-1,7.110876E-2,4.190874E-2,4.511251E-2,0E0,2.6253104E-2,0E0,0E0,0E0,0E0,0E0],"parents":[2147483647,0,0,1,1,2,2,3,3,5,5],"right_children":[2,4,6,8,-1,10,-1,-1,-1,-1,-1],"split_conditions":[1.1666667E1,1.2962E4,2.24E2,4.7E3,-5.8307078E-2,1.2777778E1,3.8392354E-2,-8.097667E-4,-9.98321E-3,1.0563996E-2,1.8012683E-3],"split_indices":[1,0,0,0,0,1,0,0,0,0,0],"split_type":[0,0,0,0,0,0,0,0,0,0,0],"sum_hessian":[7.24E2,5.94E2,1.3E2,5.93E2,1E0,1.27E2,3E0,5.41E2,5.2E1,7.4E1,5.3E1],"tree_param":{"num_deleted":"0","num_feature":"2","num_nodes":"11",