{"learner":{"attributes":{"scikit_learn":"{\"_estimator_type\": \"regressor\"}"},"feature_names":[],"feature_types":[],"gradient_booster":{"model":{"gbtree_model_param":{"num_parallel_tree":"1","num_trees":"10"},"iteration_indptr":[0,1,2,3,4,5,6,7,8,9,10],"tree_info":[0,0,0,0,0,0,0,0,0,0],"trees":[{"base_weights":[-5.506273E-7,-9.735819E-1,3.0920417E0,-1.6012747E0,-1.09276004E-1,2.0161042E0,3.824675E0,-6.0841584E-1,-3.6446166E-1,-1.3368154E-1,1.8618067E-1,4.2934197E-1,6.970789E-1,9.864007E-1,1.2852585E0],"categories":[],"categories_nodes":[],"categories_segments":[],"categories_sizes":[],"default_left":[0,0,0,0,0,0,0,0,0,0,0,0,0,0,0],"id":0,"left_children":[1,3,5,7,9,11,13,-1,-1,-1,-1,-1,-1,-1,-1],"loss_changes":[5.6444155E3,7.7345654E2,3.462207E2,1.3375049E2,1.4780959E2,2.9771118E1,5.151245E1,0E0,0E0,0E0,0E0,0E0,0E0,0E0,0E0],"parents":[2147483647,0,0,1,1,2,2,3,3,4,4,5,5,6,6],"right_children":[2,4,6,8,10,12,14,-1,-1,-1,-1,-1,-1,-1,-1],"split_conditions":[3.39E1,2.1E1,6.25E1,2.02E1,2.21E1,4.05E1,2.56E1,-6.0841584E-1,-3.6446166E-1,-1.3368154E-1,1.8618067E-1,4.2934197E-1,6.970789E-1,9.864007E-1,1.2852585E0],"split_indices":[1,3,1,3,3,1,3,0,0,0,0,0,0,0,0],"split_type":[0,0,0,0,0,0,0,0,0,0,0,0,0,0,0],"sum_hessian":[1.873E3,1.425E3,4.48E2,8.25E2,6E2,1.83E2,2.65E2,3.9E2,4.35E2,4.11E2,1.89E2,6.5E1,1.18E2,1.26E2,1.39E2],"tree_param":{"num_deleted":"0","num_feature":"4","num_nodes":"15","size_leaf_vector":"1"}},{"base_weights":[1.32193E-3,-6.8215245E-1,2.171997E0,-1.027504E0,1.3915978E-1,1.4173948E0,2.6858125E0,-4.2025825E-1,-2.2223137E-1,-1.3596853E-2,2.1605456E-1,3.7313855E-1,6.092812E-1,7.3976195E-1,9.834053E-1],"categories":[],"categories_nodes":[],"categories_segments":[],"categories_sizes":[],"default_left":[0,0,0,0,0,0,0,0,0,0,0,0,0,0,0],"id":1,"left_children":[1,3,5,7,9,11,13,-1,-1,-1,-1,-1,-1,-1,-1],"loss_changes":[2.78175E3,4.0461566E2,1.7028198E2,1.0644409E2,4.537336E1,1.70719E1,2.656311E1,0E0,0E0,0E0,0E0,0E0,0E0,0E0,0E0],"parents":[2147483647,0,0,1,1,2,2,3,3,4,4,5,5,6,6],"right_children":[2,4,6,8,10,12,14,-1,-1,-1,-1,-1,-1,-1,-1],"split_conditions":[3.39E1,2.14E1,6.25E1,2.03E1,2.26E1,2.5E1,2.62E1,-4.2025825E-1,-2.2223137E-1,-1.3596853E-2,2.1605456E-1,3.7313855E-1,6.092812E-1,7.3976195E-1,9.834053E-1],"split_indices":[1,3,1,3,3,3,3,0,0,0,0,0,0,0,0],"split_type":[0,0,0,0,0,0,0,0,0,0,0,0,0,0,0],"sum_hessian":[1.873E3,1.425E3,4.48E2,1.003E3,4.22E2,1.83E2,2.65E2,4.34E2,5.69E2,3.21E2,1.01E2,1.45E2,3.8E1,1.97E2,6.8E1],"tree_param":{"num_deleted":"0","num_feature":"4","num_nodes":"15","size_leaf_vector":"1"}},{"base_weights":[2.1341236E-3,-4.592366E-1,1.600449E0,-8.894069E-1,-1.0787671E-1,1.0998466E0,1.9432062E0,-3.6673406E-1,-2.3069024E-1,-9.567466E-2,7.61889E-2,2.932241E-1,6.497562E-1,4.9246192E-1,6.3593596E-1],"categories":[],"categories_nodes":[],"categories_segments":[],"categories_sizes":[],"default_left":[0,0,0,0,0,0,0,0,0,0,0,0,0,0,0],"id":2,"left_children":[1,3,5,7,9,11,13,-1,-1,-1,-1,-1,-1,-1,-1],"loss_changes":[1.382652E3,2.1981943E2,6.992847E1,2.5292664E1,6.1323494E1,2.0462067E1,9.730835E0,0E0,0E0,0E0,0E0,0E0,0E0,0E0,0E0],"parents":[2147483647,0,0,1,1,2,2,3,3,4,4,5,5,6,6],"right_children":[2,4,6,8,10,12,14,-1,-1,-1,-1,-1,-1,-1,-1],"split_conditions":[3.62E1,2.07E1,2.51E1,1.97E1,2.18E1,5.28E2,6.51E1,-3.6673406E-1,-2.3069024E-1,-9.567466E-2,7.61889E-2,2.932241E-1,6.497562E-1,4.9246192E-1,6.3593596E-1],"split_indices":[1,3,3,3,3,0,1,0,0,0,0,0,0,0,0],"split_type":[0,0,0,0,0,0,0,0,0,0,0,0,0,0,0],"sum_hessian":[1.873E3,1.454E3,4.19E2,6.53E2,8.01E2,1.72E2,2.47E2,1.71E2,4.82E2,5.06E2,2.95E2,1.56E2,1.6E1,9.5E1,1.52E2],"tree_param":{"num_deleted":"0","num_feature":"4","num_nodes":"15","size_leaf_vector":"1"}},{"base_weights":[2.2697602E-3,-3.4569016E-1,1.060393E0,-6.0932916E-1,-5.5682894E-2,5.6432015E-1,1.3002608E0,-2.3954761E-1,-1.4498045E-1,-4.3370325E-2,1.18694745E-1,1.5031406E-1,4.5630637E-1,3.2665515E-1,4.6666488E-1],"categories":[],"categories_nodes":[],"categories_segments":[],"categories_sizes":[],"default_left":[0,0,0,0,0,0,0,0,0,0,0,0,0,0,0],"id":3,"left_children":[1,3,5,7,9,11,13,-1,-1,-1,-1,-1,-1,-1,-1],"loss_changes":[6.903443E2,1.078472E2,5.4478455E1,1.723639E1,2.7055656E1,8.499546E0,1.5145081E1,0E0,0E0,0E0,0E0,0E0,0E0,0E0,0E0],"parents":[2147483647,0,0,1,1,2,2,3,3,4,4,5,5,6,6],"right_children":[2,4,6,8,10,12,14,-1,-1,-1,-1,-1,-1,-1,-1],"split_conditions":[3.3E1,2.08E1,5.5E1,2E1,2.25E1,5.73E2,2.57E1,-2.3954761E-1,-1.4498045E-1,-4.3370325E-2,1.18694745E-1,1.5031406E-1,4.5630637E-1,3.2665515E-1,4.6666488E-1],"split_indices":[1,3,1,3,3,0,3,0,0,0,0,0,0,0,0],"split_type":[0,0,0,0,0,0,0,0,0,0,0,0,0,0,0],"sum_hessian":[1.873E3,1.41E3,4.63E2,7.38E2,6.72E2,1.52E2,3.11E2,2.93E2,4.45E2,5.62E2,1.1E2,1.44E2,8E0,1.73E2,1.38E2],"tree_param":{"num_deleted":"0","num_feature":"4","num_nodes":"15","size_leaf_vector":"1"}},{"base_weights":[2.1714156E-3,-2.2886461E-1,8.124584E-1,-3.7646043E-1,5.0705463E-2,7.047721E-1,1.211585E0,-1.9052081E-1,-9.577339E-2,-1.7706487E-4,2.5887203E-1,1.4625299E-1,2.5751707E-1,2.8930384E-1,3.9743778E-1],"categories":[],"categories_nodes":[],"categories_segments":[],"categories_sizes":[],"default_left":[0,0,0,0,0,0,0,0,0,0,0,0,0,0,0],"id":4,"left_children":[1,3,5,7,9,11,13,-1,-1,-1,-1,-1,-1,-1,-1],"loss_changes":[3.5100897E2,6.0222343E1,1.7026001E1,1.3927948E1,2.1040028E1,1.0595398E1,1.1575012E0,0E0,0E0,0E0,0E0,0E0,0E0,0E0,0E0],"parents":[2147483647,0,0,1,1,2,2,3,3,4,4,5,5,6,6],"right_children":[2,4,6,8,10,12,14,-1,-1,-1,-1,-1,-1,-1,-1],"split_conditions":[2.32E1,2.12E1,2.62E1,1.97E1,4.05E1,6.29E1,2.65E1,-1.9052081E-1,-9.577339E-2,-1.7706487E-4,2.5887203E-1,1.4625299E-1,2.5751707E-1,2.8930384E-1,3.9743778E-1],"split_indices":[3,3,3,3,1,1,3,0,0,0,0,0,0,0,0],"split_type":[0,0,0,0,0,0,0,0,0,0,0,0,0,0,0],"sum_hessian":[1.873E3,1.458E3,4.15E2,9.54E2,5.04E2,3.29E2,8.6E1,1.71E2,7.83E2,4.75E2,2.9E1,1.38E2,1.91E2,3E1,5.6E1],"tree_param":{"num_deleted":"0","num_feature":"4","num_nodes":"15","size_leaf_vector":"1"}},{"base_weights":[2.0873866E-3,-1.9240054E-1,4.8415378E-1,-2.716469E-1,1.04753E-1,2.0719476E-1,6.3069963E-1,-1.06655724E-1,-5.2263487E-2,1.9327635E-2,1.2875937E-1,2.0700905E-2,2.493278E-1,2.6916987E-1,1.6804859E-1],"categories":[],"categories_nodes":[],"categories_segments":[],"categories_sizes":[],"default_left":[0,0,0,0,0,0,0,0,0,0,0,0,0,0,0],"id":5,"left_children":[1,3,5,7,9,11,13,-1,-1,-1,-1,-1,-1,-1,-1],"loss_changes":[1.757921E2,3.1489029E1,2.1745811E1,8.559631E0,3.662056E0,1.6151548E1,6.1152496E0,0E0,0E0,0E0,0E0,0E0,0E0,0E0,0E0],"parents":[2147483647,0,0,1,1,2,2,3,3,4,4,5,5,6,6],"right_children":[2,4,6,8,10,12,14,-1,-1,-1,-1,-1,-1,-1,-1],"split_conditions":[3E1,2.16E1,2.4E1,2.06E1,2.3E1,1.4444445E1,2.89E2,-1.06655724E-1,-5.2263487E-2,1.9327635E-2,1.2875937E-1,2.0700905E-2,2.493278E-1,2.6916987E-1,1.6804859E-1],"split_indices":[1,3,3,3,3,2,0,0,0,0,0,0,0,0,0],"split_type":[0,0,0,0,0,0,0,0,0,0,0,0,0,0,0],"sum_hessian":[1.873E3,1.335E3,5.38E2,1.054E3,2.81E2,1.87E2,3.51E2,5.65E2,4.89E2,2.51E2,3E1,1.54E2,3.3E1,7.1E1,2.8E2],"tree_param":{"num_deleted":"0","num_feature":"4","num_nodes":"15","size_leaf_vector":"1"}},{"base_weights":[1.832562E-3,-1.248776E-1,3.6905113E-1,-1.8555705E-1,7.8532405E-2,2.1733083E-1,4.9086517E-1,-1.0864405E-1,-4.5931324E-2,1.8093424E-2,2.110477E-1,5.0531033E-2,3.1034803E-1,1.1677615E-1,2.832722E-1],"categories":[],"categories_nodes":[],"categories_segments":[],"categories_sizes":[],"default_left":[0,0,0,0,0,0,0,0,0,0,0,0,0,0,0],"id":6,"left_children":[1,3,5,7,9,11,13,-1,-1,-1,-1,-1,-1,-1,-1],"loss_changes":[8.724392E1,1.7220446E1,8.782997E0,6.0994415E0,3.6129236E0,8.455903E0,1.1886566E1,0E0,0E0,0E0,0E0,0E0,0E0,0E0,0E0],"parents":[2147483647,0,0,1,1,2,2,3,3,4,4,5,5,6,6],"right_children":[2,4,6,8,10,12,14,-1,-1,-1,-1,-1,-1,-1,-1],"split_conditions":[3.22E1,2.16E1,6.25E1,1.97E1,2.37E1,5.76E2,1.0555555E1,-1.0864405E-1,-4.5931324E-2,1.8093424E-2,2.110477E-1,5.0531033E-2,3.1034803E-1,1.1677615E-1,2.832722E-1],"split_indices":[1,3,1,3,3,0,2,0,0,0,0,0,0,0,0],"split_type":[0,0,0,0,0,0,0,0,0,0,0,0,0,0,0],