{"learner":{"attributes":{"scikit_learn":"{\"_estimator_type\": \"regressor\"}"},"feature_names":[],"feature_types":[],"gradient_booster":{"model":{"gbtree_model_param":{"num_parallel_tree":"1","num_trees":"10"},"iteration_indptr":[0,1,2,3,4,5,6,7,8,9,10],"tree_info":[0,0,0,0,0,0,0,0,0,0],"trees":[{"base_weights":[-1.1903003E-7,-6.132314E-1,6.2858514E-3,-2.0752452E-1,-1.2317333E-1,9.930771E-2,-2.4302417E-2,-1.136643E-2,4.8828337E-2,-1.0967322E-2,5.5897264E-3],"categories":[],"categories_nodes":[],"categories_segments":[],"categories_sizes":[],"default_left":[0,0,0,0,0,0,0,0,0,0,0],"id":0,"left_children":[1,3,5,-1,-1,7,9,-1,-1,-1,-1],"loss_changes":[1.02575E1,1.4560127E-1,7.497137E0,0E0,0E0,5.682181E0,1.0440966E0,0E0,0E0,0E0,0E0],"parents":[2147483647,0,0,1,1,2,2,5,5,6,6],"right_children":[2,4,6,-1,-1,8,10,-1,-1,-1,-1],"split_conditions":[-3.0555556E0,-5E0,9.444445E0,-2.0752452E-1,-1.2317333E-1,3.0555556E0,1.5833333E1,-1.136643E-2,4.8828337E-2,-1.0967322E-2,5.5897264E-3],"split_indices":[1,1,1,0,0,1,1,0,0,0,0],"split_type":[0,0,0,0,0,0,0,0,0,0,0],"sum_hessian":[2.659E3,2.6E1,2.633E3,1.7E1,9E0,6.51E2,1.982E3,2.06E2,4.45E2,1.542E3,4.4E2],"tree_param":{"num_deleted":"0","num_feature":"2","num_nodes":"11","size_leaf_vector":"1"}},{"base_weights":[-1.1250417E-4,-4.2993814E-1,4.6234597E-3,-1.487257E-1,-8.861661E-2,7.062911E-2,-1.7014613E-2,-7.249788E-3,3.4212746E-2,-7.6792776E-3,3.916398E-3],"categories":[],"categories_nodes":[],"categories_segments":[],"categories_sizes":[],"default_left":[0,0,0,0,0,0,0,0,0,0,0],"id":1,"left_children":[1,3,5,-1,-1,7,9,-1,-1,-1,-1],"loss_changes":[5.4167867E0,1.1036253E-1,3.7603166E0,0E0,0E0,2.6777484E0,5.121146E-1,0E0,0E0,0E0,0E0],"parents":[2147483647,0,0,1,1,2,2,5,5,6,6],"right_children":[2,4,6,-1,-1,8,10,-1,-1,-1,-1],"split_conditions":[-2.5E0,-5E0,9.444445E0,-1.487257E-1,-8.861661E-2,3.0555556E0,1.5833333E1,-7.249788E-3,3.4212746E-2,-7.6792776E-3,3.916398E-3],"split_indices":[1,1,1,0,0,1,1,0,0,0,0],"split_type":[0,0,0,0,0,0,0,0,0,0,0],"sum_hessian":[2.659E3,2.8E1,2.631E3,1.7E1,1.1E1,6.49E2,1.982E3,2.04E2,4.45E2,1.542E3,4.4E2],"tree_param":{"num_deleted":"0","num_feature":"2","num_nodes":"11","size_leaf_vector":"1"}},{"base_weights":[-1.5921485E-4,-3.0914077E-1,3.2452776E-3,-9.987939E-2,-3.8507998E-2,4.7876786E-2,-1.2793326E-2,-1.89105E-3,2.4731858E-2,-4.8419693E-3,9.599025E-3],"categories":[],"categories_nodes":[],"categories_segments":[],"categories_sizes":[],"default_left":[0,0,0,0,0,0,0,0,0,0,0],"id":2,"left_children":[1,3,5,-1,-1,7,9,-1,-1,-1,-1],"loss_changes":[2.7991245E0,8.199048E-2,1.8846693E0,0E0,0E0,1.3038625E0,2.9085946E-1,0E0,0E0,0E0,0E0],"parents":[2147483647,0,0,1,1,2,2,5,5,6,6],"right_children":[2,4,6,-1,-1,8,10,-1,-1,-1,-1],"split_conditions":[-2.5E0,-3.3333333E0,1E1,-9.987939E-2,-3.8507998E-2,5E0,1.7777779E1,-1.89105E-3,2.4731858E-2,-4.8419693E-3,9.599025E-3],"split_indices":[1,1,1,0,0,1,1,0,0,0,0],"split_type":[0,0,0,0,0,0,0,0,0,0,0],"sum_hessian":[2.659E3,2.8E1,2.631E3,2.4E1,4E0,6.95E2,1.936E3,2.71E2,4.24E2,1.802E3,1.34E2],"tree_param":{"num_deleted":"0","num_feature":"2","num_nodes":"11","size_leaf_vector":"1"}},{"base_weights":[-1.5279799E-4,-2.211699E-1,2.2824788E-3,-7.8287415E-2,-1.4305687E-1,3.5887416E-2,-8.733906E-3,-3.4043625E-2,-7.026243E-2,-4.521159E-3,1.7768798E-2,-2.808677E-3,5.0993323E-2],"categories":[],"categories_nodes":[],"categories_segments":[],"categories_sizes":[],"default_left":[0,0,0,0,0,0,0,0,0,0,0,0,0],"id":3,"left_children":[1,3,5,-1,7,9,11,-1,-1,-1,-1,-1,-1],"loss_changes":[1.4322175E0,5.2799344E-2,9.746928E-1,0E0,5.7753474E-3,7.7403885E-1,2.2426926E-1,0E0,0E0,0E0,0E0,0E0,0E0],"parents":[2147483647,0,0,1,1,2,2,4,4,5,5,6,6],"right_children":[2,4,6,-1,8,10,12,-1,-1,-1,-1,-1,-1],"split_conditions":[-2.5E0,-5E0,9.444445E0,-7.8287415E-2,6.32E2,3.0555556E0,2.111111E1,-3.4043625E-2,-7.026243E-2,-4.521159E-3,1.7768798E-2,-2.808677E-3,5.0993323E-2],"split_indices":[1,1,1,0,0,1,1,0,0,0,0,0,0],"split_type":[0,0,0,0,0,0,0,0,0,0,0,0,0],"sum_hessian":[2.659E3,2.8E1,2.631E3,1.7E1,1.1E1,6.49E2,1.982E3,1E1,1E0,2.04E2,4.45E2,1.976E3,6E0],"tree_param":{"num_deleted":"0","num_feature":"2","num_nodes":"13","size_leaf_vector":"1"}},{"base_weights":[-1.5194398E-4,-1.6111518E-1,1.621645E-3,-1.3464642E-1,-7.2041325E-2,3.065621E-2,-5.4219547E-3,-4.9793366E-2,-2.4758827E-2,-1.6220529E-3,2.1269077E-2,-2.2499624E-3,2.1807913E-2],"categories":[],"categories_nodes":[],"categories_segments":[],"categories_sizes":[],"default_left":[0,0,0,0,0,0,0,0,0,0,0,0,0],"id":4,"left_children":[1,3,5,7,-1,9,11,-1,-1,-1,-1,-1,-1],"loss_changes":[7.5964504E-1,2.8323531E-2,5.384309E-1,2.5491595E-2,0E0,7.463017E-1,3.444942E-1,0E0,0E0,0E0,0E0,0E0,0E0],"parents":[2147483647,0,0,1,1,2,2,3,3,5,5,6,6],"right_children":[2,4,6,8,-1,10,12,-1,-1,-1,-1,-1,-1],"split_conditions":[-2.5E0,6.32E2,8.055555E0,-5E0,-7.2041325E-2,5E0,1.58E3,-4.9793366E-2,-2.4758827E-2,-1.6220529E-3,2.1269077E-2,-2.2499624E-3,2.1807913E-2],"split_indices":[1,0,1,1,0,1,0,0,0,0,0,0,0],"split_type":[0,0,0,0,0,0,0,0,0,0,0,0,0],"sum_hessian":[2.659E3,2.8E1,2.631E3,2.3E1,5E0,5.13E2,2.118E3,1.3E1,1E1,2.71E2,2.42E2,2.064E3,5.4E1],"tree_param":{"num_deleted":"0","num_feature":"2","num_nodes":"13","size_leaf_vector":"1"}},{"base_weights":[-1.462578E-4,-1.178356E-1,1.1505269E-3,-9.73587E-2,-5.4031186E-2,1.292409E-1,-4.7567807E-4,-3.5922393E-2,-1.8006291E-2,1.0909725E-2,4.585412E-2,-2.2056649E-2,5.4379314E-4],"categories":[],"categories_nodes":[],"categories_segments":[],"categories_sizes":[],"default_left":[0,0,0,0,0,0,0,0,0,0,0,0,0],"id":5,"left_children":[1,3,5,7,-1,9,11,-1,-1,-1,-1,-1,-1],"loss_changes":[4.0609875E-1,1.9442141E-2,5.483102E-1,1.28701925E-2,0E0,6.679177E-2,4.3473324E-1,0E0,0E0,0E0,0E0,0E0,0E0],"parents":[2147483647,0,0,1,1,2,2,3,3,5,5,6,6],"right_children":[2,4,6,8,-1,10,12,-1,-1,-1,-1,-1,-1],"split_conditions":[-2.5E0,6.32E2,-1.1111112E0,-5E0,-5.4031186E-2,-2.2222223E0,1.6666666E0,-3.5922393E-2,-1.8006291E-2,1.0909725E-2,4.585412E-2,-2.2056649E-2,5.4379314E-4],"split_indices":[1,0,1,1,0,1,1,0,0,0,0,0,0],"split_type":[0,0,0,0,0,0,0,0,0,0,0,0,0],"sum_hessian":[2.659E3,2.8E1,2.631E3,2.3E1,5E0,3.2E1,2.599E3,1.3E1,1E1,7E0,2.5E1,7.8E1,2.521E3],"tree_param":{"num_deleted":"0","num_feature":"2","num_nodes":"13","size_leaf_vector":"1"}},{"base_weights":[-1.2953335E-4,1.1007323E-2,-7.7490346E-3,-8.620769E-2,1.3674206E-2,-1.5804695E-2,1.3092694E-2,-2.1119453E-2,-4.052334E-2,2.1030659E-2,2.7825683E-3,-2.8411855E-3,-1.0708143E-2,5.183497E-3,-1.631428E-2],"categories":[],"categories_nodes":[],"categories_segments":[],"categories_sizes":[],"default_left":[0,0,0,0,0,0,0,0,0,0,0,0,0,0,0],"id":6,"left_children":[1,3,5,7,9,11,13,-1,-1,-1,-1,-1,-1,-1,-1],"loss_changes":[2.258057E-1,2.8144005E-1,2.6547927E-1,1.2896538E-2,2.6073122E-1,1.4327824E-1,1.2548664E-1,0E0,0E0,0E0,0E0,0E0,0E0,0E0,0E0],"parents":[2147483647,0,0,1,1,2,2,3,3,4,4,5,5,6,6],"right_children":[2,4,6,8,10,12,14,-1,-1,-1,-1,-1,-1,-1,-1],"split_conditions":[1.1666667E1,-2.5E0,1.5833333E1,6.32E2,5.555556E-1,1.4444445E1,9.48E2,-2.1119453E-2,-4.052334E-2,2.1030659E-2,2.7825683E-3,-2.8411855E-3,-1.0708143E-2,5.183497E-3,-1.631428E-2],"split_indices":[1,1,1,0,1,1,0,0,0,0,0,0,0,0,0],"split_type":[0,0,0,0,0,0,0,0,0,0,0,0,0,0,0],"sum_hessian":[2.659E3,1.08E3,1.579E3,2.8E1,1.052E3,1.139E3,4.4E2,2.3E1,5E0,7.5E1,9.77E2,8.65E2,2.74E2,4.15E2,2.5E1],"tree_param":{"num_deleted":"0","num_feature":"2","num_nodes":"15","size_leaf_vector":"1"}},{"base_weights":[-1.14147646E-4,-3.0408574E-2,1.8368592E-3,7.193775E-3,-1.482209E-1,4.16158E-2,-3.3611294E-3,1.1590932E-2,-2.8816836E-2,-2.3074092E-2,-6.363513E-2,2.2459952E-3,2.7735231E-2,-1.5927239E-3,2.0343756E-2],"categories":[],"categories_nodes":[],"categories_segments":[],"categories_sizes":[],"default_left":[0,0,0,0,0,0,0,0,0,0,0,0,0,0,0],"id":7,"left_children":[1,3,5,7,9,11,13,-1,-1,-1,-1,-1,-1,-1,-1],"loss_changes":[1.5727419E-1,7.1429944E-1,5.1706606E-1,4.0302482E-1,1.6137952E-1,5.007096E-1,3.0703765E-1,0E0,0E0,0E0,0E0,0E0,0E0,0E0,0E0],