{"learner":{"attributes":{"scikit_learn":"{\"_estimator_type\": \"regressor\"}"},"feature_names":[],"feature_types":[],"gradient_booster":{"model":{"gbtree_model_param":{"num_parallel_tree":"1","num_trees":"10"},"iteration_indptr":[0,1,2,3,4,5,6,7,8,9,10],"tree_info":[0,0,0,0,0,0,0,0,0,0],"trees":[{"base_weights":[8.471259E-7,-1.3868211E-1,1.1861051E0,2.039669E0,-1.5532774E-1,-4.5656013E-1,1.2598661E0,6.80532E-1,1.6868792E-1,-8.0334663E-1,-9.961584E-2,-1.550827E-1,-4.1312028E-2,1.596755E0,7.23767E-1,-2.5553465E-2,-4.035681E-1,-1.8405085E-2,-2.028234E-1,6.041676E-1,3.4956864E-1,2.4298368E-1,-2.6631203E-1],"categories":[],"categories_nodes":[],"categories_segments":[],"categories_sizes":[],"default_left":[0,0,0,0,0,0,0,0,0,0,0,0,0,0,0,0,0,0,0,0,0,0,0],"id":0,"left_children":[1,3,5,7,9,11,13,-1,-1,15,17,-1,-1,19,21,-1,-1,-1,-1,-1,-1,-1,-1],"loss_changes":[1.19421524E2,2.3885826E1,9.783722E0,4.143753E-1,2.3242096E1,5.825877E-3,1.2028542E1,0E0,0E0,1.9732643E1,1.3105474E1,0E0,0E0,5.573601E0,4.885233E0,0E0,0E0,0E0,0E0,0E0,0E0,0E0,0E0],"parents":[2147483647,0,0,1,1,2,2,3,3,4,4,5,5,6,6,9,9,10,10,13,13,14,14],"right_children":[2,4,6,8,10,12,14,-1,-1,16,18,-1,-1,20,22,-1,-1,-1,-1,-1,-1,-1,-1],"split_conditions":[3.911E3,3.82E2,-2.2222223E0,3.81E2,4.17E2,4.1E2,5.8333335E0,6.80532E-1,1.6868792E-1,3.0555556E0,1.3055555E1,-1.550827E-1,-4.1312028E-2,4.28E2,5.22E2,-2.5553465E-2,-4.035681E-1,-1.8405085E-2,-2.028234E-1,6.041676E-1,3.4956864E-1,2.4298368E-1,-2.6631203E-1],"split_indices":[1,0,2,0,0,0,2,0,0,2,2,0,0,0,0,0,0,0,0,0,0,0,0],"split_type":[0,0,0,0,0,0,0,0,0,0,0,0,0,0,0,0,0,0,0,0,0,0,0],"sum_hessian":[7.24E2,6.49E2,7.5E1,4E0,6.45E2,3E0,7.2E1,3E0,1E0,5E1,5.95E2,2E0,1E0,4.3E1,2.9E1,2.2E1,2.8E1,5.59E2,3.6E1,2E1,2.3E1,2.8E1,1E0],"tree_param":{"num_deleted":"0","num_feature":"3","num_nodes":"23","size_leaf_vector":"1"}},{"base_weights":[1.2879628E-3,-1.0463826E-1,8.0008113E-1,-2.8832406E-1,2.8963367E-2,1.1278692E0,4.2079952E-1,1.3237648E0,-3.299767E-1,1.4719151E-1,-2.8972E-1,-1.10607296E-1,1.2435448E0,1.3245904E-1,1.0316514E0,5.274122E-1,1.6756439E-1,-1.2676968E-1,1.668816E-2,1.6600832E-1,2.7218971E-2,2.4813138E-1,-1.18405364E-1,6.6760945E-1,3.2448995E-1,6.452692E-2,-1.9661103E-1,3.449526E-1,7.632065E-2],"categories":[],"categories_nodes":[],"categories_segments":[],"categories_sizes":[],"default_left":[0,0,0,0,0,0,0,0,0,0,0,0,0,0,0,0,0,0,0,0,0,0,0,0,0,0,0,0,0],"id":1,"left_children":[1,3,5,7,9,11,13,15,17,19,21,-1,23,25,27,-1,-1,-1,-1,-1,-1,-1,-1,-1,-1,-1,-1,-1,-1],"loss_changes":[6.1428257E1,1.5738953E1,1.0092934E1,1.856671E1,1.4058616E1,8.24868E0,7.084816E0,1.3442545E0,9.448999E0,6.1875663E0,1.21663685E1,0E0,4.2696304E0,2.02883E0,9.017029E-1,0E0,0E0,0E0,0E0,0E0,0E0,0E0,0E0,0E0,0E0,0E0,0E0,0E0,0E0],"parents":[2147483647,0,0,1,1,2,2,3,3,4,4,5,5,6,6,7,7,8,8,9,9,10,10,12,12,13,13,14,14],"right_children":[2,4,6,8,10,12,14,16,18,20,22,-1,24,26,28,-1,-1,-1,-1,-1,-1,-1,-1,-1,-1,-1,-1,-1,-1],"split_conditions":[3.237E3,8.333333E0,5.5555553E0,3.86E2,1.2222222E1,-2.2222223E0,5.135E3,3.81E2,5.31E2,4.98E2,5.04E2,-1.10607296E-1,3.915E3,1.1666667E1,8.041E3,5.274122E-1,1.6756439E-1,-1.2676968E-1,1.668816E-2,1.6600832E-1,2.7218971E-2,2.4813138E-1,-1.18405364E-1,6.6760945E-1,3.2448995E-1,6.452692E-2,-1.9661103E-1,3.449526E-1,7.632065E-2],"split_indices":[1,2,2,0,2,2,1,0,0,0,0,0,1,2,1,0,0,0,0,0,0,0,0,0,0,0,0,0,0],"split_type":[0,0,0,0,0,0,0,0,0,0,0,0,0,0,0,0,0,0,0,0,0,0,0,0,0,0,0,0,0],"sum_hessian":[7.24E2,6.4E2,8.4E1,2.69E2,3.71E2,4.4E1,4E1,6E0,2.63E2,2.71E2,1E2,3E0,4.1E1,2.8E1,1.2E1,3E0,3E0,2.12E2,5.1E1,3.2E1,2.39E2,8E0,9.2E1,4E0,3.7E1,2.6E1,2E0,1E1,2E0],"tree_param":{"num_deleted":"0","num_feature":"3","num_nodes":"29","size_leaf_vector":"1"}},{"base_weights":[3.7685211E-3,-7.183045E-2,5.7382935E-1,-2.1317522E-1,4.0498458E-2,3.3729813E-1,8.864052E-1,-3.944725E-3,-6.4284277E-1,8.426616E-2,-3.7906048E-1,5.954535E-1,-7.970762E-2,1.4694443E0,6.950012E-1,-9.4637E-2,7.715086E-2,-5.208153E-1,-1.4250647E-1,3.7486766E-2,-1.1654147E-1,-5.171322E-2,-4.6300405E-1,3.1384385E-1,4.882706E-2,-7.01173E-2,9.558564E-2,7.438946E-2,4.8255536E-1,2.3821254E-1,-3.675385E-2],"categories":[],"categories_nodes":[],"categories_segments":[],"categories_sizes":[],"default_left":[0,0,0,0,0,0,0,0,0,0,0,0,0,0,0,0,0,0,0,0,0,0,0,0,0,0,0,0,0,0,0],"id":2,"left_children":[1,3,5,7,9,11,13,15,17,19,21,23,25,27,29,-1,-1,-1,-1,-1,-1,-1,-1,-1,-1,-1,-1,-1,-1,-1,-1],"loss_changes":[3.128583E1,1.0185858E1,5.9853992E0,2.5528938E1,6.6059437E0,5.4300756E0,2.996193E0,1.5698443E1,1.6237446E1,6.3000994E0,7.9156632E0,5.875142E0,1.3014474E0,9.6014786E-1,2.445325E0,0E0,0E0,0E0,0E0,0E0,0E0,0E0,0E0,0E0,0E0,0E0,0E0,0E0,0E0,0E0,0E0],"parents":[2147483647,0,0,1,1,2,2,3,3,4,4,5,5,6,6,7,7,8,8,9,9,10,10,11,11,12,12,13,13,14,14],"right_children":[2,4,6,8,10,12,14,16,18,20,22,24,26,28,30,-1,-1,-1,-1,-1,-1,-1,-1,-1,-1,-1,-1,-1,-1,-1,-1],"split_conditions":[3.237E3,5.2E2,5.263E3,5.02E2,1.3055555E1,4.7E3,5.7E3,4.45E2,5.5555553E0,6.25E2,5.72E2,4.27E2,5.024E3,1.9444444E0,8.055555E0,-9.4637E-2,7.715086E-2,-5.208153E-1,-1.4250647E-1,3.7486766E-2,-1.1654147E-1,-5.171322E-2,-4.6300405E-1,3.1384385E-1,4.882706E-2,-7.01173E-2,9.558564E-2,7.438946E-2,4.8255536E-1,2.3821254E-1,-3.675385E-2],"split_indices":[1,0,1,0,2,1,1,0,2,0,0,0,1,2,2,0,0,0,0,0,0,0,0,0,0,0,0,0,0,0,0],"split_type":[0,0,0,0,0,0,0,0,0,0,0,0,0,0,0,0,0,0,0,0,0,0,0,0,0,0,0,0,0,0,0],"sum_hessian":[7.24E2,6.4E2,8.4E1,2.83E2,3.57E2,4.9E1,3.5E1,1.91E2,9.2E1,3.24E2,3.3E1,3E1,1.9E1,7E0,2.8E1,8.7E1,1.04E2,1.1E1,8.1E1,2.99E2,2.5E1,2.9E1,4E0,1.4E1,1.6E1,1.4E1,5E0,1E0,6E0,2.5E1,3E0],"tree_param":{"num_deleted":"0","num_feature":"3","num_nodes":"31","size_leaf_vector":"1"}},{"base_weights":[2.4612427E-3,-5.834831E-2,3.831044E-1,3.9700836E-1,-6.936149E-2,7.4049336E-1,2.0403178E-1,-3.4350133E-1,9.714173E-4,-1.0549665E-1,8.614301E-1,-1.3075268E-1,3.0955684E-1,-6.641361E-3,-1.9490762E-1,3.9748657E-3,-3.0118534E-1,3.940949E-1,1.591438E-1,1.1016127E-2,-1.6200967E-1,1.0199606E-1,-1.8635589E-1],"categories":[],"categories_nodes":[],"categories_segments":[],"categories_sizes":[],"default_left":[0,0,0,0,0,0,0,0,0,0,0,0,0,0,0,0,0,0,0,0,0,0,0],"id":3,"left_children":[1,3,5,-1,7,9,11,13,15,-1,17,19,21,-1,-1,-1,-1,-1,-1,-1,-1,-1,-1],"loss_changes":[1.680374E1,9.617643E0,6.2487755E0,0E0,1.1993149E1,4.6615963E0,2.4427898E0,1.2482229E1,6.1332335E0,0E0,3.7930088E0,1.1850665E0,1.6839652E0,0E0,0E0,0E0,0E0,0E0,0E0,0E0,0E0,0E0,0E0],"parents":[2147483647,0,0,1,1,2,2,4,4,5,5,6,6,7,7,8,8,10,10,11,11,12,12],"right_children":[2,4,6,-1,8,10,12,14,16,-1,18,20,22,-1,-1,-1,-1,-1,-1,-1,-1,-1,-1],"split_conditions":[1.79E3,3.82E2,4.4444447E0,3.9700836E-1,5.5555553E0,-2.2222223E0,3.805E3,3.0555556E0,2.24E2,-1.0549665E-1,4.27E2,3.471E3,5.51E2,-6.641361E-3,-1.9490762E-1,3.9748657E-3,-3.0118534E-1,3.940949E-1,1.591438E-1,1.1016127E-2,-1.6200967E-1,1.0199606E-1,-1.8635589E-1],"split_indices":[1,0,2,0,2,2,1,2,1,0,0,1,0,0,0,0,0,0,0,0,0,0,0],"split_type":[0,0,0,0,0,0,0,0,0,0,0,0,0,0,0,0,0,0,0,0,0,0,0],"sum_hessian":[7.24E2,6.25E2,9.9E1,4E0,6.21E2,3.2E1,6.7E1,1.26E2,4.95E2,3E0,2.9E1,1.6E1,5.1E1,6.2E1,6.4E1,4.9E2,5E0,1.1E1,1.8E1,1.2E1,4E0,5E1,1E0],"tree_param":{"num_deleted":"0","num_feature":"3","num_nodes":"23","size_leaf_vector":"1"}},{"base_weights":[1.8755366E-3,-4.1519105E-2,2.7038816E-1,8.302579E-1,-5.273706E-2,5.319137E-1,1.4139205E-1,3.4071064E-1,1.2595528E-1,-1.8864438E-1,3.346477E-2,-2.12537E-1,6.419254E-1,-7.93048E-2,2.1506804E-1,-5.120786E-3,-1.9509442E-1,-1.6281141E-1,1.9614367E-2,-9.765473E-2,-8.613777E-3,3.1094489E-1,1.13913566E-1,-1.1989603E-1,2.2394635E-2,2.112382E-1,4.4417713E-2],"categories":[],"categories_nodes":[],"categories_segments":[],"categories_sizes":[],"default_left":[0,0,0,0,0,0,0,0,0,0,0,0,0,0,0,0,0,0,0,0,0,0,0,0,0,0,0],"id":4,"left_children":[1,3,5,7,9,11,13,-1,-1,15,17,19,21,23,25,-1,-1,-1,-1,-1,-1,-1,-1,-1,-1,-1,-1],