{"learner":{"attributes":{"scikit_learn":"{\"_estimator_type\": \"regressor\"}"},"feature_names":[],"feature_types":[],"gradient_booster":{"model":{"gbtree_model_param":{"num_parallel_tree":"1","num_trees":"10"},"iteration_indptr":[0,1,2,3,4,5,6,7,8,9,10],"tree_info":[0,0,0,0,0,0,0,0,0,0],"trees":[{"base_weights":[-7.8672224E-7,-7.076271E-1,3.3553553E0,-6.6569954E-1,-8.672284E-1,1.8394657E0,3.626205E0,-6.710455E-1,4.7467923E-1,-8.930117E-1,5.4967904E-1,1.9692538E0,-6.645608E-1,3.6593342E0,1.0782661E0,-1.5732996E-1,-2.1123126E-1,1.634798E-1,5.278378E-2,-3.089352E-1,-2.0970832E-1,3.9313176E-1,-5.0659448E-2,7.939437E-1,4.9843282E-1,-2.7912142E-2,-2.4721622E-1,1.2414627E0,1.0444641E0,4.7134075E-1,-2.0791227E-1],"categories":[],"categories_nodes":[],"categories_segments":[],"categories_sizes":[],"default_left":[0,0,0,0,0,0,0,0,0,0,0,0,0,0,0,0,0,0,0,0,0,0,0,0,0,0,0,0,0,0,0],"id":0,"left_children":[1,3,5,7,9,11,13,15,17,19,21,23,25,27,29,-1,-1,-1,-1,-1,-1,-1,-1,-1,-1,-1,-1,-1,-1,-1,-1],"loss_changes":[5.753022E3,1.2812744E1,1.6659326E2,1.0005798E1,1.5578827E1,2.2758194E1,2.6189453E1,7.298401E0,7.201779E-2,1.0052002E1,4.5944033E0,8.73584E0,2.879442E-1,1.5561035E1,6.327001E0,0E0,0E0,0E0,0E0,0E0,0E0,0E0,0E0,0E0,0E0,0E0,0E0,0E0,0E0,0E0,0E0],"parents":[2147483647,0,0,1,1,2,2,3,3,4,4,5,5,6,6,7,7,8,8,9,9,10,10,11,11,12,12,13,13,14,14],"right_children":[2,4,6,8,10,12,14,16,18,20,22,24,26,28,30,-1,-1,-1,-1,-1,-1,-1,-1,-1,-1,-1,-1,-1,-1,-1,-1],"split_conditions":[5.688E3,1.264E3,1.4852E4,1.9444445E1,5.056E3,1.75E1,4.4551E4,6.111111E0,2.0555555E1,1.3055555E1,4.4444447E0,6.6666665E0,7.584E3,4.4444447E0,1.40276E5,-1.5732996E-1,-2.1123126E-1,1.634798E-1,5.278378E-2,-3.089352E-1,-2.0970832E-1,3.9313176E-1,-5.0659448E-2,7.939437E-1,4.9843282E-1,-2.7912142E-2,-2.4721622E-1,1.2414627E0,1.0444641E0,4.7134075E-1,-2.0791227E-1],"split_indices":[0,0,0,1,0,1,0,1,1,1,1,1,0,1,0,0,0,0,0,0,0,0,0,0,0,0,0,0,0,0,0],"split_type":[0,0,0,0,0,0,0,0,0,0,0,0,0,0,0,0,0,0,0,0,0,0,0,0,0,0,0,0,0,0,0],"sum_hessian":[2.421E3,2E3,4.21E2,1.588E3,4.12E2,6.5E1,3.56E2,1.581E3,7E0,4.05E2,7E0,6.2E1,3E0,3.51E2,5E0,2.94E2,1.287E3,5E0,2E0,2.35E2,1.7E2,3E0,4E0,1.7E1,4.5E1,1E0,2E0,8.9E1,2.62E2,4E0,1E0],"tree_param":{"num_deleted":"0","num_feature":"2","num_nodes":"31","size_leaf_vector":"1"}},{"base_weights":[1.3364222E-3,-4.9550313E-1,2.3572004E0,-5.025082E-1,5.593975E-2,1.4978776E0,2.6022701E0,-5.0604683E-1,5.6515664E-1,-8.575927E-2,3.3312225E-1,1.5708375E0,-5.729089E-1,2.6138666E0,-1.7672539E-1,-1.4153418E-1,-1.9206141E-1,3.7415755E-1,1.2871285E-2,-5.7756E-2,4.795466E-2,1.0779269E-1,1.8544294E-2,3.067719E-1,5.8436096E-1,-3.9610904E-1,2.504182E-1,7.972929E-1,5.4336226E-1],"categories":[],"categories_nodes":[],"categories_segments":[],"categories_sizes":[],"default_left":[0,0,0,0,0,0,0,0,0,0,0,0,0,0,0,0,0,0,0,0,0,0,0,0,0,0,0,0,0],"id":1,"left_children":[1,3,5,7,9,11,13,15,17,19,21,23,25,27,-1,-1,-1,-1,-1,-1,-1,-1,-1,-1,-1,-1,-1,-1,-1],"loss_changes":[2.8360862E3,7.7577515E0,8.497266E1,7.7514954E0,1.049757E0,1.5404037E1,1.3641357E1,8.754211E0,2.439851E0,5.027575E-1,4.1731536E-2,1.7232498E1,5.3107195E0,6.6413574E0,0E0,0E0,0E0,0E0,0E0,0E0,0E0,0E0,0E0,0E0,0E0,0E0,0E0,0E0,0E0],"parents":[2147483647,0,0,1,1,2,2,3,3,4,4,5,5,6,6,7,7,8,8,9,9,10,10,11,11,12,12,13,13],"right_children":[2,4,6,8,10,12,14,16,18,20,22,24,26,28,-1,-1,-1,-1,-1,-1,-1,-1,-1,-1,-1,-1,-1,-1,-1],"split_conditions":[5.688E3,1.888889E1,1.738E4,5.056E3,2E1,1.7064E4,1.40276E5,1.264E3,5.372E3,2.212E3,1.264E3,1.1376E4,9.444445E0,3.6656E4,-1.7672539E-1,-1.4153418E-1,-1.9206141E-1,3.7415755E-1,1.2871285E-2,-5.7756E-2,4.795466E-2,1.0779269E-1,1.8544294E-2,3.067719E-1,5.8436096E-1,-3.9610904E-1,2.504182E-1,7.972929E-1,5.4336226E-1],"split_indices":[0,1,0,0,1,0,0,0,0,0,0,0,1,0,0,0,0,0,0,0,0,0,0,0,0,0,0,0,0],"split_type":[0,0,0,0,0,0,0,0,0,0,0,0,0,0,0,0,0,0,0,0,0,0,0,0,0,0,0,0,0],"sum_hessian":[2.421E3,2E3,4.21E2,1.975E3,2.5E1,9.5E1,3.26E2,1.969E3,6E0,1.7E1,8E0,9.2E1,3E0,3.25E2,1E0,1.572E3,3.97E2,2E0,4E0,1.2E1,5E0,7E0,1E0,3.9E1,5.3E1,2E0,1E0,3.06E2,1.9E1],"tree_param":{"num_deleted":"0","num_feature":"2","num_nodes":"29","size_leaf_vector":"1"}},{"base_weights":[1.7943166E-3,-3.4676692E-1,1.6545651E0,-3.5629275E-1,-3.4237158E-1,8.915624E-1,1.7909898E0,-2.2045822E-1,-3.6786464E-1,9.869353E-1,-8.334513E-1,1.6047815E0,2.0027664E0,-9.906954E-2,1.3935342E-2,-1.1304037E-1,6.1033808E-2,3.3301163E-1,-4.6940885E-2,-6.974116E-2,-2.8688642E-1,5.952592E-1,4.199432E-1,6.655518E-1,4.1632494E-1],"categories":[],"categories_nodes":[],"categories_segments":[],"categories_sizes":[],"default_left":[0,0,0,0,0,0,0,0,0,0,0,0,0,0,0,0,0,0,0,0,0,0,0,0,0],"id":2,"left_children":[1,3,5,-1,7,9,11,13,15,17,19,21,23,-1,-1,-1,-1,-1,-1,-1,-1,-1,-1,-1,-1],"loss_changes":[1.3958682E3,6.9889526E0,4.23302E1,0E0,6.1099243E0,1.1680843E1,1.0864136E1,1.0182301E1,8.480423E0,9.041393E0,7.2981596E-2,1.2387482E1,1.8548645E1,0E0,0E0,0E0,0E0,0E0,0E0,0E0,0E0,0E0,0E0,0E0,0E0],"parents":[2147483647,0,0,1,1,2,2,4,4,5,5,6,6,7,7,8,8,9,9,10,10,11,11,12,12],"right_children":[2,4,6,-1,8,10,12,14,16,18,20,22,24,-1,-1,-1,-1,-1,-1,-1,-1,-1,-1,-1,-1],"split_conditions":[5.688E3,-2.2222223E0,1.4852E4,-3.5629275E-1,6.111111E0,1.75E1,2.37E4,5E0,3.792E3,1.4536E4,7.584E3,5.5555553E0,3.1598E4,-9.906954E-2,1.3935342E-2,-1.1304037E-1,6.1033808E-2,3.3301163E-1,-4.6940885E-2,-6.974116E-2,-2.8688642E-1,5.952592E-1,4.199432E-1,6.655518E-1,4.1632494E-1],"split_indices":[0,1,0,0,1,1,0,1,0,0,0,1,0,0,0,0,0,0,0,0,0,0,0,0,0],"split_type":[0,0,0,0,0,0,0,0,0,0,0,0,0,0,0,0,0,0,0,0,0,0,0,0,0],"sum_hessian":[2.421E3,2E3,4.21E2,9E0,1.991E3,6.5E1,3.56E2,3.46E2,1.645E3,6.2E1,3E0,1.94E2,1.62E2,2.45E2,1.01E2,1.62E3,2.5E1,5.6E1,6E0,1E0,2E0,6.5E1,1.29E2,1.18E2,4.4E1],"tree_param":{"num_deleted":"0","num_feature":"2","num_nodes":"25","size_leaf_vector":"1"}},{"base_weights":[1.8894194E-3,-2.3001713E-1,1.2371047E0,-2.4515292E-1,4.1702121E-1,1.1108198E0,1.450793E0,-2.5263628E-1,1.0025801E-1,6.1458343E-1,-1.0354179E0,1.4647479E0,8.5662985E-1,1.0593697E0,1.7901707E0,-6.81929E-2,-1.05758E-1,8.711731E-3,9.9712946E-2,4.3982857E-1,1.11332186E-1,1.7603837E-1,-5.9796685E-1,2.637957E-1,4.669899E-1,3.1274924E-1,3.2816354E-2,5.3473336E-1,2.7037308E-1,4.986343E-1,7.0825255E-1],"categories":[],"categories_nodes":[],"categories_segments":[],"categories_sizes":[],"default_left":[0,0,0,0,0,0,0,0,0,0,0,0,0,0,0,0,0,0,0,0,0,0,0,0,0,0,0,0,0,0,0],"id":3,"left_children":[1,3,5,7,9,11,13,15,17,19,21,23,25,27,29,-1,-1,-1,-1,-1,-1,-1,-1,-1,-1,-1,-1,-1,-1,-1,-1],"loss_changes":[6.9407733E2,2.0080864E1,8.723877E0,5.1794815E0,1.4122865E1,2.0786682E1,1.6568329E1,4.8582077E0,7.0119077E-1,8.163482E0,1.0492189E1,4.0642242E0,2.002472E1,6.054161E0,1.4107208E0,0E0,0E0,0E0,0E0,0E0,0E0,0E0,0E0,0E0,0E0,0E0,0E0,0E0,0E0,0E0,0E0],"parents":[2147483647,0,0,1,1,2,2,3,3,4,4,5,5,6,6,7,7,8,8,9,9,10,10,11,11,12,12,13,13,14,14],"right_children":[2,4,6,8,10,12,14,16,18,20,22,24,26,28,30,-1,-1,-1,-1,-1,-1,-1,-1,-1,-1,-1,-1,-1,-1,-1,-1],"split_conditions":[1.1376E4,5.056E3,1E1,1.8333334E1,1.0428E4,4.4444447E0,2.37E4,1.264E3,1.9444445E1,7.5E0,5.5555553E0,1.8328E4,2.7176E4,1.0555555E1,1.5555555E1,-6.81929E-2,-1.05758E-1,8.711731E-3,9.9712946E-2,4.3982857E-1,1.11332186E-1,1.7603837E-1,-5.9796685E-1,2.637957E-1,4.669899E-1,3.1274924E-1,3.2816354E-2,5.3473336E-1,2.7037308E-1,4.986343E-1,7.0825255E-1],"split_indices":[0,0,1,1,0,1,0,0,1,1,1,0,0,1,1,0,0,0,0,0,0,0,0,0,0,0,0,0,0,0,0],"split_type":[0,0,0,0,0,0,0,0,0,0,0,0,0,0,0,0,0,0,0,0,0,0,0,0,0,0,0,0,0,0,0],"sum_hessian":[2.421E3,2.039E3,3.82E2,1.993E3,4.6E1,2.44E2,1.38E2,1.951E3,4.2E1,4.1E1,5E0,1E2,1.44E2,6.6E1,7.2E1,1.559E3,3.92E2,3.3E1,9E0,8E0,3.3E1,2E0,3E0,1.5E1,8.5E1,1.15E2,2.9E1,1E1,5.6E1,6.2E1,1E1],"tree_param":{"num_deleted":"0","num_feature":"2","num_nodes":"31",