{"learner":{"attributes":{"scikit_learn":"{\"_estimator_type\": \"regressor\"}"},"feature_names":[],"feature_types":[],"gradient_booster":{"model":{"gbtree_model_param":{"num_parallel_tree":"1","num_trees":"10"},"iteration_indptr":[0,1,2,3,4,5,6,7,8,9,10],"tree_info":[0,0,0,0,0,0,0,0,0,0],"trees":[{"base_weights":[6.030377E-7,-2.2361906E0,5.719759E-1,-2.8361285E0,-1.2667387E0,-1.2008031E-2,1.0056515E0,-2.99182E0,-1.5055277E0,-1.474526E0,-9.968443E-1,-1.5040848E-1,1.927817E-1,7.4794495E-1,1.456841E0,-1.0415505E0,-7.633551E-1,-2.899288E-1,-4.7973093E-1,-3.8414982E-1,-5.433493E-1,-1.4922482E-1,-3.980579E-1,-1.0585255E-1,-2.441677E-2,3.5627842E-2,1.22399956E-1,1.9480796E-1,2.7755636E-1,3.9245427E-1,5.3523415E-1],"categories":[],"categories_nodes":[],"categories_segments":[],"categories_sizes":[],"default_left":[0,0,0,0,0,0,0,0,0,0,0,0,0,0,0,0,0,0,0,0,0,0,0,0,0,0,0,0,0,0,0],"id":0,"left_children":[1,3,5,7,9,11,13,15,17,19,21,23,25,27,29,-1,-1,-1,-1,-1,-1,-1,-1,-1,-1,-1,-1,-1,-1,-1,-1],"loss_changes":[3.4035415E3,3.1164038E2,5.3666907E2,6.468823E1,1.0250977E1,2.565106E1,1.4030005E2,5.515039E1,3.210907E-1,5.2575684E0,1.4832985E1,7.5160522E0,5.7663336E0,1.2958679E1,1.9121887E1,0E0,0E0,0E0,0E0,0E0,0E0,0E0,0E0,0E0,0E0,0E0,0E0,0E0,0E0,0E0,0E0],"parents":[2147483647,0,0,1,1,2,2,3,3,4,4,5,5,6,6,7,7,8,8,9,9,10,10,11,11,12,12,13,13,14,14],"right_children":[2,4,6,8,10,12,14,16,18,20,22,24,26,28,30,-1,-1,-1,-1,-1,-1,-1,-1,-1,-1,-1,-1,-1,-1,-1,-1],"split_conditions":[8.055555E0,5.5555553E0,1.2777778E1,3.476E3,7.5E0,1.1666667E1,1.5833333E1,2.2222223E0,-1.1111112E0,7.2222223E0,7.7777777E0,9.444445E0,1.25E1,1.4444445E1,1.7777779E1,-1.0415505E0,-7.633551E-1,-2.899288E-1,-4.7973093E-1,-3.8414982E-1,-5.433493E-1,-1.4922482E-1,-3.980579E-1,-1.0585255E-1,-2.441677E-2,3.5627842E-2,1.22399956E-1,1.9480796E-1,2.7755636E-1,3.9245427E-1,5.3523415E-1],"split_indices":[1,1,1,0,1,1,1,1,1,1,1,1,1,1,1,0,0,0,0,0,0,0,0,0,0,0,0,0,0,0,0],"split_type":[0,0,0,0,0,0,0,0,0,0,0,0,0,0,0,0,0,0,0,0,0,0,0,0,0,0,0,0,0,0,0],"sum_hessian":[2.659E3,5.41E2,2.118E3,3.33E2,2.08E2,9.03E2,1.215E3,2.97E2,3.6E1,1.15E2,9.3E1,5.39E2,3.64E2,7.75E2,4.4E2,1.4E2,1.57E2,7E0,2.9E1,7.6E1,3.9E1,3.8E1,5.5E1,1.36E2,4.03E2,2.72E2,9.2E1,5.01E2,2.74E2,3.06E2,1.34E2],"tree_param":{"num_deleted":"0","num_feature":"2","num_nodes":"31","size_leaf_vector":"1"}},{"base_weights":[-9.849885E-4,-1.5728046E0,4.0105712E-1,-1.9735769E0,-8.2597405E-1,5.6787632E-2,7.719349E-1,-2.072583E0,-1.0746714E0,-7.4904454E-1,-1.2853711E0,-4.2185176E-2,3.346739E-1,6.3908815E-1,1.1423144E0,-7.2306347E-1,-5.1590997E-1,-2.7230668E-1,-3.9393735E-1,-1.253257E-1,-2.6769987E-1,-6.990897E-1,-2.3332511E-1,-4.10915E-3,-1.0318872E-1,1.0977259E-1,-2.4409404E-2,1.6834038E-1,2.3810588E-1,3.185202E-1,4.3474934E-1],"categories":[],"categories_nodes":[],"categories_segments":[],"categories_sizes":[],"default_left":[0,0,0,0,0,0,0,0,0,0,0,0,0,0,0,0,0,0,0,0,0,0,0,0,0,0,0,0,0,0,0],"id":1,"left_children":[1,3,5,7,9,11,13,15,17,19,21,23,25,27,29,-1,-1,-1,-1,-1,-1,-1,-1,-1,-1,-1,-1,-1,-1,-1,-1],"loss_changes":[1.681585E3,1.6059534E2,2.7051413E2,2.909961E1,5.787369E0,3.0267622E1,4.9457764E1,3.3504395E1,2.8133774E-1,7.5072937E0,1.197871E1,6.976079E0,3.7852783E0,8.629395E0,5.0879517E0,0E0,0E0,0E0,0E0,0E0,0E0,0E0,0E0,0E0,0E0,0E0,0E0,0E0,0E0,0E0,0E0],"parents":[2147483647,0,0,1,1,2,2,3,3,4,4,5,5,6,6,7,7,8,8,9,9,10,10,11,11,12,12,13,13,14,14],"right_children":[2,4,6,8,10,12,14,16,18,20,22,24,26,28,30,-1,-1,-1,-1,-1,-1,-1,-1,-1,-1,-1,-1,-1,-1,-1,-1],"split_conditions":[8.055555E0,6.111111E0,1.3055555E1,3.476E3,6.32E2,1.25E1,1.6944445E1,2.5E0,6.32E3,7.2222223E0,6.9444447E0,6.32E2,9.48E2,1.5555555E1,1.888889E1,-7.2306347E-1,-5.1590997E-1,-2.7230668E-1,-3.9393735E-1,-1.253257E-1,-2.6769987E-1,-6.990897E-1,-2.3332511E-1,-4.10915E-3,-1.0318872E-1,1.0977259E-1,-2.4409404E-2,1.6834038E-1,2.3810588E-1,3.185202E-1,4.3474934E-1],"split_indices":[1,1,1,0,0,1,1,1,0,1,1,0,0,1,1,0,0,0,0,0,0,0,0,0,0,0,0,0,0,0,0],"split_type":[0,0,0,0,0,0,0,0,0,0,0,0,0,0,0,0,0,0,0,0,0,0,0,0,0,0,0,0,0,0,0],"sum_hessian":[2.659E3,5.41E2,2.118E3,3.51E2,1.9E2,1.099E3,1.019E3,3.15E2,3.6E1,1.65E2,2.5E1,8.11E2,2.88E2,7.52E2,2.67E2,1.58E2,1.57E2,2.4E1,1.2E1,5.1E1,1.14E2,7E0,1.8E1,7.42E2,6.9E1,2.68E2,2E1,5.03E2,2.49E2,2.15E2,5.2E1],"tree_param":{"num_deleted":"0","num_feature":"2","num_nodes":"31","size_leaf_vector":"1"}},{"base_weights":[-1.476343E-3,-1.243652E0,2.5066575E-1,-1.5195141E0,-9.4171876E-1,-4.8394635E-2,4.9565965E-1,-1.6263593E0,-6.4408827E-1,-1.1178979E0,-7.163798E-1,-3.1806132E-1,3.242793E-2,3.6642864E-1,7.2193533E-1,-6.1091954E-1,-4.6276984E-1,-1.12842016E-1,-2.99891E-1,-1.836569E-1,-3.6569571E-1,-1.478657E-1,-3.0843732E-1,-8.929368E-2,-3.531719E-1,1.4954425E-1,6.133181E-4,9.4063565E-2,1.3848977E-1,1.9799161E-1,2.921064E-1],"categories":[],"categories_nodes":[],"categories_segments":[],"categories_sizes":[],"default_left":[0,0,0,0,0,0,0,0,0,0,0,0,0,0,0,0,0,0,0,0,0,0,0,0,0,0,0,0,0,0,0],"id":2,"left_children":[1,3,5,7,9,11,13,15,17,19,21,23,25,27,29,-1,-1,-1,-1,-1,-1,-1,-1,-1,-1,-1,-1,-1,-1,-1,-1],"loss_changes":[8.3343646E2,3.5967163E1,1.6209273E2,2.0746155E1,7.8140717E0,2.1740082E1,3.529355E1,3.9709473E0,2.196247E0,5.38826E0,6.321213E0,3.6839714E0,1.0874118E1,3.7621994E0,6.236725E0,0E0,0E0,0E0,0E0,0E0,0E0,0E0,0E0,0E0,0E0,0E0,0E0,0E0,0E0,0E0,0E0],"parents":[2147483647,0,0,1,1,2,2,3,3,4,4,5,5,6,6,7,7,8,8,9,9,10,10,11,11,12,12,13,13,14,14],"right_children":[2,4,6,8,10,12,14,16,18,20,22,24,26,28,30,-1,-1,-1,-1,-1,-1,-1,-1,-1,-1,-1,-1,-1,-1,-1,-1],"split_conditions":[7.5E0,3.0555556E0,1.2777778E1,4.108E3,6.111111E0,9.444445E0,1.5833333E1,-2.2222223E0,6.32E3,3.8888888E0,7.2222223E0,4.108E3,1E1,1.4444445E1,1.8333334E1,-6.1091954E-1,-4.6276984E-1,-1.12842016E-1,-2.99891E-1,-1.836569E-1,-3.6569571E-1,-1.478657E-1,-3.0843732E-1,-8.929368E-2,-3.531719E-1,1.4954425E-1,6.133181E-4,9.4063565E-2,1.3848977E-1,1.9799161E-1,2.921064E-1],"split_indices":[1,1,1,0,1,1,1,1,0,1,1,0,1,1,1,0,0,0,0,0,0,0,0,0,0,0,0,0,0,0,0],"split_type":[0,0,0,0,0,0,0,0,0,0,0,0,0,0,0,0,0,0,0,0,0,0,0,0,0,0,0,0,0,0,0],"sum_hessian":[2.659E3,4.48E2,2.211E3,2.32E2,2.16E2,9.96E2,1.215E3,2.06E2,2.6E1,1.19E2,9.7E1,2.29E2,7.67E2,7.75E2,4.4E2,3.1E1,1.75E2,1.6E1,1E1,2.1E1,9.8E1,5.8E1,3.9E1,2.25E2,4E0,4.6E1,7.21E2,5.01E2,2.74E2,3.56E2,8.4E1],"tree_param":{"num_deleted":"0","num_feature":"2","num_nodes":"31","size_leaf_vector":"1"}},{"base_weights":[-1.8086935E-3,-7.8566164E-1,1.9868688E-1,-9.766244E-1,-4.2961693E-1,2.7594626E-2,3.8300335E-1,-1.1564412E0,-8.1899637E-1,-3.803431E-1,-7.2768766E-1,-8.278717E-2,1.3379529E-1,3.139195E-1,5.756792E-1,-3.7422252E-1,-1.8241344E-1,-2.5648782E-1,-1.1166514E-1,-4.4944357E-2,-1.4438245E-1,-4.7676414E-1,-9.799215E-2,-3.8475196E-3,-7.335681E-2,4.2414255E-2,-8.949211E-2,7.874978E-2,1.0943352E-1,1.6823812E-1,4.2537647E-1],"categories":[],"categories_nodes":[],"categories_segments":[],"categories_sizes":[],"default_left":[0,0,0,0,0,0,0,0,0,0,0,0,0,0,0,0,0,0,0,0,0,0,0,0,0,0,0,0,0,0,0],"id":3,"left_children":[1,3,5,7,9,11,13,15,17,19,21,23,25,27,29,-1,-1,-1,-1,-1,-1,-1,-1,-1,-1,-1,-1,-1,-1,-1,-1],"loss_changes":[4.181992E2,3.64317E1,6.681236E1,9.029999E0,2.5284653E0,1.2905958E1,1.3396271E1,7.3230743E0,2.7506561E0,3.790327E0,8.464225E0,6.1071563E0,1.8809853E0,1.8734741E0,2.564804E0,0E0,0E0,0E0,0E0,0E0,0E0,0E0,0E0,0E0,0E0,0E0,0E0,0E0,0E0,0E0,0E0],"parents":[2147483647,0,0,1,1,2,2,3,3,4,4,5,5,6,6,7,7,8,8,9,9,10,10,11,11,12,12,13,13,14,14],"right_children":[2,4,6,8,10,12,14,16,18,20,22,24,26,28,30,-1,-1,-1,-1,-1,-1,-1,-1,-1,-1,-1,-1,-1,-1,-1,-1],"split_conditions":[8.055555E0,6.111111E0,1.3055555E1,2.2222223E0,6.32E2,1.1666667E1,1.6944445E1,2.212E3,3.476E3,7.2222223E0,6.9444447E0,1.1111111E1,1.896E3,1.5E1,2.25E1,-3.7422252E-1,-1.8241344E-1,-2.5648782E-1,-1.1166514E-1,-4.4944357E-2,-1.4438245E-1,-4.7676414E-1,-9.799215E-2,-3.8475196E-3,-7.335681E-2,4.2414255E-2,-8.949211E-2,7.874978E-2,1.0943352E-1,1.6823812E-1,4.2537647E-1],"split_indices":[1,1,1,1,0,1,1,0,0,1,1,1,0,1,1,0,0,0,0,0,0,0,0,0,0,0,0,0,0,0,0],