{"learner":{"attributes":{"scikit_learn":"{\"_estimator_type\": \"regressor\"}"},"feature_names":[],"feature_types":[],"gradient_booster":{"model":{"gbtree_model_param":{"num_parallel_tree":"1","num_trees":"10"},"iteration_indptr":[0,1,2,3,4,5,6,7,8,9,10],"tree_info":[0,0,0,0,0,0,0,0,0,0],"trees":[{"base_weights":[3.2852867E-7,3.930268E-1,-4.418246E0,5.999518E-1,2.0940723E-1,-7.9736453E-1,-4.5790334E0,2.6323587E-1,-1.8329062E0,-4.430415E0,-5.1796856E0,2.5182843E-1,5.607613E-2,-6.710311E-1,-3.2079762E-1,-1.5729011E0,-1.3118856E0,-1.7113132E0,-1.3883189E0],"categories":[],"categories_nodes":[],"categories_segments":[],"categories_sizes":[],"default_left":[0,0,0,0,0,0,0,0,0,0,0,0,0,0,0,0,0,0,0],"id":0,"left_children":[1,3,5,-1,7,-1,9,11,13,15,17,-1,-1,-1,-1,-1,-1,-1,-1],"loss_changes":[2.6571734E4,4.1455146E3,3.4163672E2,0E0,1.3869822E3,0E0,7.9171875E1,5.402194E2,9.752417E1,2.021875E1,3.7604492E1,0E0,0E0,0E0,0E0,0E0,0E0,0E0,0E0],"parents":[2147483647,0,0,1,1,2,2,4,4,6,6,7,7,8,8,9,9,10,10],"right_children":[2,4,6,-1,8,-1,10,12,14,16,18,-1,-1,-1,-1,-1,-1,-1,-1],"split_conditions":[5.599E3,1.12E2,6.381E3,5.999518E-1,3.917E3,-7.9736453E-1,1.3326E4,2.24E2,4.927E3,6.719E3,1.4444E4,2.5182843E-1,5.607613E-2,-6.710311E-1,-3.2079762E-1,-1.5729011E0,-1.3118856E0,-1.7113132E0,-1.3883189E0],"split_indices":[0,0,0,0,0,0,0,0,0,0,0,0,0,0,0,0,0,0,0],"split_type":[0,0,0,0,0,0,0,0,0,0,0,0,0,0,0,0,0,0,0],"sum_hessian":[1.53E4,1.4051E4,1.249E3,1.44E3,1.2611E4,1.06E2,1.143E3,1.2288E4,3.23E2,9.23E2,2.2E2,1.436E3,1.0852E4,2.1E2,1.13E2,5.5E1,8.68E2,1.08E2,1.12E2],"tree_param":{"num_deleted":"0","num_feature":"1","num_nodes":"19","size_leaf_vector":"1"}},{"base_weights":[-4.4838016E-4,3.067184E-1,-2.7835286E0,4.200912E-1,1.7900077E-1,-1.4837912E0,-3.2105541E0,1.1016601E-1,6.1305505E-1,-6.3757914E-1,-1.3749514E0,-2.8461297E0,-3.35231E0,7.75966E-2,-3.9002365E-1,2.9130653E-1,3.5068125E-2,-3.3867466E-1,-5.603908E-1,-1.1094569E0,-7.980725E-1,-1.1767809E0,-9.774495E-1],"categories":[],"categories_nodes":[],"categories_segments":[],"categories_sizes":[],"default_left":[0,0,0,0,0,0,0,0,0,0,0,0,0,0,0,0,0,0,0,0,0,0,0],"id":1,"left_children":[1,3,5,-1,7,9,11,13,15,-1,17,19,21,-1,-1,-1,-1,-1,-1,-1,-1,-1,-1],"loss_changes":[1.3081217E4,1.924544E3,8.394238E2,0E0,3.6865714E2,2.3468933E1,4.955664E1,2.2311409E3,2.998684E2,0E0,3.7434998E1,4.1954834E1,3.1137695E1,0E0,0E0,0E0,0E0,0E0,0E0,0E0,0E0,0E0,0E0],"parents":[2147483647,0,0,1,1,2,2,4,4,5,5,6,6,7,7,8,8,10,10,11,11,12,12],"right_children":[2,4,6,-1,8,10,12,14,16,-1,18,20,22,-1,-1,-1,-1,-1,-1,-1,-1,-1,-1],"split_conditions":[4.142E3,1.12E2,6.381E3,4.200912E-1,5.58E2,4.368E3,8.174E3,3.36E2,1.679E3,-6.3757914E-1,5.599E3,6.719E3,8.956E3,7.75966E-2,-3.9002365E-1,2.9130653E-1,3.5068125E-2,-3.3867466E-1,-5.603908E-1,-1.1094569E0,-7.980725E-1,-1.1767809E0,-9.774495E-1],"split_indices":[0,0,0,0,0,0,0,0,0,0,0,0,0,0,0,0,0,0,0,0,0,0,0],"split_type":[0,0,0,0,0,0,0,0,0,0,0,0,0,0,0,0,0,0,0,0,0,0,0],"sum_hessian":[1.53E4,1.378E4,1.52E3,1.44E3,1.234E4,3.77E2,1.143E3,1.0652E4,1.688E3,5.2E1,3.25E2,3.26E2,8.17E2,9.638E3,1.014E3,9.8E2,7.08E2,2.19E2,1.06E2,5.5E1,2.71E2,1.1E2,7.07E2],"tree_param":{"num_deleted":"0","num_feature":"1","num_nodes":"23","size_leaf_vector":"1"}},{"base_weights":[-6.515186E-4,2.197371E-1,-1.9241828E0,7.459541E-1,8.022303E-2,-1.0503858E0,-2.2509384E0,5.700618E-1,3.767738E-1,1.7050514E-2,5.3644013E-1,-1.2502936E0,-8.538816E-1,-2.1490428E0,-2.6667788E0,2.9415116E-1,-8.2341075E-2,3.701443E-2,-1.9133745E-1,2.6771104E-1,5.2770436E-2,-3.25574E-1,-3.8923374E-1,5.3440988E-2,-3.6734077E-1,-7.825633E-1,-6.350876E-1,-1.0262121E0,-7.18913E-1],"categories":[],"categories_nodes":[],"categories_segments":[],"categories_sizes":[],"default_left":[0,0,0,0,0,0,0,0,0,0,0,0,0,0,0,0,0,0,0,0,0,0,0,0,0,0,0,0,0],"id":2,"left_children":[1,3,5,7,9,11,13,15,-1,17,19,21,23,25,27,-1,-1,-1,-1,-1,-1,-1,-1,-1,-1,-1,-1,-1,-1],"loss_changes":[6.48689E3,1.00785016E3,4.4675537E2,2.573446E2,3.127785E2,1.5823975E1,4.2742676E1,7.424069E2,0E0,6.6393054E2,1.6923401E2,2.3400879E-1,8.43578E1,8.100098E0,3.6856567E1,0E0,0E0,0E0,0E0,0E0,0E0,0E0,0E0,0E0,0E0,0E0,0E0,0E0,0E0],"parents":[2147483647,0,0,1,1,2,2,3,3,4,4,5,5,6,6,7,7,9,9,10,10,11,11,12,12,13,13,14,14],"right_children":[2,4,6,8,10,12,14,16,-1,18,20,22,24,26,28,-1,-1,-1,-1,-1,-1,-1,-1,-1,-1,-1,-1,-1,-1],"split_conditions":[3.917E3,2.24E2,6.381E3,2.23E2,7.83E2,4.927E3,1.3326E4,1.12E2,3.767738E-1,3.36E2,1.679E3,4.142E3,5.261E3,6.719E3,1.3883E4,2.9415116E-1,-8.2341075E-2,3.701443E-2,-1.9133745E-1,2.6771104E-1,5.2770436E-2,-3.25574E-1,-3.8923374E-1,5.3440988E-2,-3.6734077E-1,-7.825633E-1,-6.350876E-1,-1.0262121E0,-7.18913E-1],"split_indices":[0,0,0,0,0,0,0,0,0,0,0,0,0,0,0,0,0,0,0,0,0,0,0,0,0,0,0,0,0],"split_type":[0,0,0,0,0,0,0,0,0,0,0,0,0,0,0,0,0,0,0,0,0,0,0,0,0,0,0,0,0],"sum_hessian":[1.53E4,1.3728E4,1.572E3,2.876E3,1.0852E4,4.29E2,1.143E3,2.14E3,7.36E2,9.533E3,1.319E3,2.1E2,2.19E2,9.23E2,2.2E2,1.44E3,7E2,8.202E3,1.331E3,6.63E2,6.56E2,5.2E1,1.58E2,5.8E1,1.61E2,5.5E1,8.68E2,5.5E1,1.65E2],"tree_param":{"num_deleted":"0","num_feature":"1","num_nodes":"29","size_leaf_vector":"1"}},{"base_weights":[-6.80446E-4,1.5387121E-1,-1.3495927E0,5.223724E-1,5.617178E-2,-7.3766255E-1,-1.5784216E0,3.9914212E-1,2.6389503E-1,-2.3403682E-3,3.8558552E-1,-8.785934E-1,-5.991441E-1,-1.5849873E0,4.3411866E-1,2.05967E-1,-5.767395E-2,2.5911579E-2,-2.1578723E-1,5.108222E-1,9.9273756E-2,-2.85237E-1,-2.3986052E-1,3.7680406E-2,-2.5781885E-1,-4.517593E-1,-5.734753E-1],"categories":[],"categories_nodes":[],"categories_segments":[],"categories_sizes":[],"default_left":[0,0,0,0,0,0,0,0,0,0,0,0,0,0,0,0,0,0,0,0,0,0,0,0,0,0,0],"id":3,"left_children":[1,3,5,7,9,11,13,15,-1,17,19,21,23,25,-1,-1,-1,-1,-1,-1,-1,-1,-1,-1,-1,-1,-1],"loss_changes":[3.190108E3,4.94247E2,2.1909863E2,1.2631586E2,2.0918927E2,7.867874E0,2.5018555E1,3.640456E2,0E0,5.862846E2,1.1732161E2,4.441223E-1,4.160357E1,2.663208E1,0E0,0E0,0E0,0E0,0E0,0E0,0E0,0E0,0E0,0E0,0E0,0E0,0E0],"parents":[2147483647,0,0,1,1,2,2,3,3,4,4,5,5,6,6,7,7,9,9,10,10,11,11,12,12,13,13],"right_children":[2,4,6,8,10,12,14,16,-1,18,20,22,24,26,-1,-1,-1,-1,-1,-1,-1,-1,-1,-1,-1,-1,-1],"split_conditions":[3.917E3,2.24E2,6.381E3,2.23E2,5.58E2,4.927E3,2.026E4,1.12E2,2.6389503E-1,3.36E2,5.6E2,4.368E3,5.261E3,1.3326E4,4.3411866E-1,2.05967E-1,-5.767395E-2,2.5911579E-2,-2.1578723E-1,5.108222E-1,9.9273756E-2,-2.85237E-1,-2.3986052E-1,3.7680406E-2,-2.5781885E-1,-4.517593E-1,-5.734753E-1],"split_indices":[0,0,0,0,0,0,0,0,0,0,0,0,0,0,0,0,0,0,0,0,0,0,0,0,0,0,0],"split_type":[0,0,0,0,0,0,0,0,0,0,0,0,0,0,0,0,0,0,0,0,0,0,0,0,0,0,0],"sum_hessian":[1.53E4,1.3728E4,1.572E3,2.876E3,1.0852E4,4.29E2,1.143E3,2.14E3,7.36E2,9.216E3,1.636E3,2.1E2,2.19E2,1.141E3,2E0,1.44E3,7E2,8.202E3,1.014E3,6.4E1,1.572E3,1.04E2,1.06E2,5.8E1,1.61E2,9.23E2,2.18E2],"tree_param":{"num_deleted":"0","num_feature":"1","num_nodes":"27","size_leaf_vector":"1"}},{"base_weights":[-5.0907116E-4,1.0777067E-1,-9.455644E-1,3.6580408E-1,3.935918E-2,-6.198135E-1,-1.1713074E0,2.7946892E-1,1.8483394E-1,-1.658618E-3,2.7028263E-1,-4.5857206E-1,-7.796352E-1,-1.1775877E0,3.472949E-1,1.4421979E-1,-4.0396314E-2,1.8139126E-2,-1.5111476E-1,1.304668E-1,7.226572E-3,-1.8525122E-1,-4.811578E-2,-2.561145E-1,-1.1584187E-1,-4.0690795E-1,-3.3598757E-1],"categories":[],"categories_nodes":[],"categories_segments":[],"categories_sizes":[],"default_left":[0,0,0,0,0,0,0,0,0,0,0,0,0,0,0,0,0,0,0,0,0,0,0,0,0,0,0],"id":4,"left_children":[1,3,5,7,9,11,13,15,-1,17,19,21,23,25,-1,-1,-1,-1,-1,-1,-1,-1,-1,-1,-1,-1,-1],"loss_changes":[1.5658586E3,2.4233612E2,1.14946045E2,6.200113E1,1.0279974E2,1.628984E1,1.49366455E1,1.7851276E2,0E0,2.8749936E2,6.632926E1,1.5255745E1,9.085815E0,8.021118E0,0E0,0E0,0E0,0E0,0E0,0E0,0E0,0E0,0E0,0E0,0E0,0E0,0E0],"parents":[2147483647,0,0,1,1,2,2,3,3,4,4,5,5,6,6,7,7,9,9,10,10,11,11,12,12,13,13],"right_children":[2,4,6,8,10,12,14,16,-1,18,20,22,24,26,-1,-1,-1,-1,-1,-1,-1,-1,-1,-1,-1,-1,-1],