{"learner":{"attributes":{"scikit_learn":"{\"_estimator_type\": \"regressor\"}"},"feature_names":[],"feature_types":[],"gradient_booster":{"model":{"gbtree_model_param":{"num_parallel_tree":"1","num_trees":"10"},"iteration_indptr":[0,1,2,3,4,5,6,7,8,9,10],"tree_info":[0,0,0,0,0,0,0,0,0,0],"trees":[{"base_weights":[7.633776E-8,1.1285539E0,-4.8333755E-1,1.4985642E0,5.90507E-1,-2.736156E-1,-1.580664E0,3.688748E-1,7.1671146E-1,-1.7505658E-1,2.4995491E-1,-6.445596E-2,-1.4264008E0,-5.7172924E-1,7.437518E-1],"categories":[],"categories_nodes":[],"categories_segments":[],"categories_sizes":[],"default_left":[0,0,0,0,0,0,0,0,0,0,0,0,0,0,0],"id":0,"left_children":[1,3,5,7,9,11,13,-1,-1,-1,-1,-1,-1,-1,-1],"loss_changes":[3.443568E3,3.75979E2,1.0167573E3,2.6556567E2,2.2072055E2,9.7641284E2,9.4050037E2,0E0,0E0,0E0,0E0,0E0,0E0,0E0,0E0],"parents":[2147483647,0,0,1,1,2,2,3,3,4,4,5,5,6,6],"right_children":[2,4,6,8,10,12,14,-1,-1,-1,-1,-1,-1,-1,-1],"split_conditions":[7.7777777E0,5.5555553E0,1.611111E1,4.814E3,5.8333335E0,9.739E3,2.0555555E1,3.688748E-1,7.1671146E-1,-1.7505658E-1,2.4995491E-1,-6.445596E-2,-1.4264008E0,-5.7172924E-1,7.437518E-1],"split_indices":[1,1,1,0,1,0,1,0,0,0,0,0,0,0,0],"split_type":[0,0,0,0,0,0,0,0,0,0,0,0,0,0,0],"sum_hessian":[6.311E3,1.892E3,4.419E3,1.12E3,7.72E2,3.711E3,7.08E2,8.62E2,2.58E2,1.32E2,6.4E2,3.664E3,4.7E1,6.56E2,5.2E1],"tree_param":{"num_deleted":"0","num_feature":"2","num_nodes":"15","size_leaf_vector":"1"}},{"base_weights":[-2.5015159E-5,7.21015E-1,-3.8516375E-1,1.1612434E0,4.612554E-1,-2.4825278E-1,-1.2930402E0,3.7276977E-1,-1.6770737E-2,2.3314375E-1,-6.1454546E-2,-6.2543534E-2,-1.2144167E0,-4.864495E-1,5.248362E-1],"categories":[],"categories_nodes":[],"categories_segments":[],"categories_sizes":[],"default_left":[0,0,0,0,0,0,0,0,0,0,0,0,0,0,0],"id":1,"left_children":[1,3,5,7,9,11,13,-1,-1,-1,-1,-1,-1,-1,-1],"loss_changes":[1.7531228E3,2.5081348E2,5.1116614E2,8.073926E1,2.9137466E2,5.3976483E2,5.414767E2,0E0,0E0,0E0,0E0,0E0,0E0,0E0,0E0],"parents":[2147483647,0,0,1,1,2,2,3,3,4,4,5,5,6,6],"right_children":[2,4,6,8,10,12,14,-1,-1,-1,-1,-1,-1,-1,-1],"split_conditions":[8.333333E0,4.4444447E0,1.6666666E1,1.0637E4,2.351E3,9.519E3,2.0555555E1,3.7276977E-1,-1.6770737E-2,2.3314375E-1,-6.1454546E-2,-6.2543534E-2,-1.2144167E0,-4.864495E-1,5.248362E-1],"split_indices":[1,1,1,0,0,0,1,0,0,0,0,0,0,0,0],"split_type":[0,0,0,0,0,0,0,0,0,0,0,0,0,0,0],"sum_hessian":[6.311E3,2.197E3,4.114E3,8.14E2,1.383E3,3.576E3,5.38E2,7.63E2,5.1E1,9.38E2,4.45E2,3.54E3,3.6E1,4.86E2,5.2E1],"tree_param":{"num_deleted":"0","num_feature":"2","num_nodes":"15","size_leaf_vector":"1"}},{"base_weights":[-1.3013063E-4,2.8403333E-1,-5.698095E-1,7.633212E-1,1.10176355E-1,-6.877107E-1,1.4583994E-1,1.6410953E-1,4.443182E-1,1.065641E-1,-2.4986719E-1,-2.1706164E-1,5.9990597E-1,4.7499933E-3,1.4569805E0],"categories":[],"categories_nodes":[],"categories_segments":[],"categories_sizes":[],"default_left":[0,0,0,0,0,0,0,0,0,0,0,0,0,0,0],"id":2,"left_children":[1,3,5,7,9,11,13,-1,-1,-1,-1,-1,-1,-1,-1],"loss_changes":[1.0219614E3,3.508915E2,1.7737408E2,1.7321332E2,7.148155E2,1.7514368E2,1.824273E2,0E0,0E0,0E0,0E0,0E0,0E0,0E0,0E0],"parents":[2147483647,0,0,1,1,2,2,3,3,4,4,5,5,6,6],"right_children":[2,4,6,8,10,12,14,-1,-1,-1,-1,-1,-1,-1,-1],"split_conditions":[1.25E1,5.5555553E0,3.35E2,4.814E3,2.568E3,2.2222221E1,1.9444445E1,1.6410953E-1,4.443182E-1,1.065641E-1,-2.4986719E-1,-2.1706164E-1,5.9990597E-1,4.7499933E-3,1.4569805E0],"split_indices":[1,1,0,0,0,1,1,0,0,0,0,0,0,0,0],"split_type":[0,0,0,0,0,0,0,0,0,0,0,0,0,0,0],"sum_hessian":[6.311E3,4.211E3,2.1E3,1.12E3,3.091E3,1.803E3,2.97E2,8.62E2,2.58E2,2.454E3,6.37E2,1.78E3,2.3E1,2.9E2,7E0],"tree_param":{"num_deleted":"0","num_feature":"2","num_nodes":"15","size_leaf_vector":"1"}},{"base_weights":[2.7492284E-4,2.302995E-1,-3.612058E-1,3.6258858E-1,-1.0813387E-1,-2.467426E-1,-7.676338E-1,8.4025554E-2,4.7365803E-1,1.3558932E-1,-2.4214895E-1,-6.472352E-2,-5.201584E-1,-2.864384E-1,2.8998318E-1],"categories":[],"categories_nodes":[],"categories_segments":[],"categories_sizes":[],"default_left":[0,0,0,0,0,0,0,0,0,0,0,0,0,0,0],"id":3,"left_children":[1,3,5,7,9,11,13,-1,-1,-1,-1,-1,-1,-1,-1],"loss_changes":[5.249225E2,1.7276588E2,1.14019745E2,2.779191E2,4.251695E2,8.7993904E1,1.7587292E2,0E0,0E0,0E0,0E0,0E0,0E0,0E0,0E0],"parents":[2147483647,0,0,1,1,2,2,3,3,4,4,5,5,6,6],"right_children":[2,4,6,8,10,12,14,-1,-1,-1,-1,-1,-1,-1,-1],"split_conditions":[1.2222222E1,2.345E3,1.6666666E1,1.455E3,7.2222223E0,5.254E3,2.0555555E1,8.4025554E-2,4.7365803E-1,1.3558932E-1,-2.4214895E-1,-6.472352E-2,-5.201584E-1,-2.864384E-1,2.8998318E-1],"split_indices":[1,0,1,0,1,0,1,0,0,0,0,0,0,0,0],"split_type":[0,0,0,0,0,0,0,0,0,0,0,0,0,0,0],"sum_hessian":[6.311E3,3.857E3,2.454E3,2.773E3,1.084E3,1.916E3,5.38E2,2.598E3,1.75E2,6.02E2,4.82E2,1.878E3,3.8E1,4.86E2,5.2E1],"tree_param":{"num_deleted":"0","num_feature":"2","num_nodes":"15","size_leaf_vector":"1"}},{"base_weights":[1.7178473E-4,2.9264265E-1,-1.7103608E-1,3.2267848E-1,-5.1465726E-1,-1.5074176E-1,-2.5231328E0,7.80128E-2,3.5540468E-1,-1.1297078E0,-2.2297122E-2,-2.385783E-1,-2.8396538E-2,-1.243162E0,-1.9759052E-1],"categories":[],"categories_nodes":[],"categories_segments":[],"categories_sizes":[],"default_left":[0,0,0,0,0,0,0,0,0,0,0,0,0,0,0],"id":4,"left_children":[1,3,5,7,9,11,13,-1,-1,-1,-1,-1,-1,-1,-1],"loss_changes":[3.161128E2,5.668799E1,1.8969739E2,1.21066605E2,1.1996947E2,1.4267679E2,1.0001419E2,0E0,0E0,0E0,0E0,0E0,0E0,0E0,0E0],"parents":[2147483647,0,0,1,1,2,2,3,3,4,4,5,5,6,6],"right_children":[2,4,6,8,10,12,14,-1,-1,-1,-1,-1,-1,-1,-1],"split_conditions":[8.888889E0,1.1052E4,9.07E3,7.166E3,1.1418E4,9.166667E0,1.1195E4,7.80128E-2,3.5540468E-1,-1.1297078E0,-2.2297122E-2,-2.385783E-1,-2.8396538E-2,-1.243162E0,-1.9759052E-1],"split_indices":[1,0,0,0,0,1,0,0,0,0,0,0,0,0,0],"split_type":[0,0,0,0,0,0,0,0,0,0,0,0,0,0,0],"sum_hessian":[6.311E3,2.33E3,3.981E3,2.247E3,8.3E1,3.948E3,3.3E1,2.096E3,1.51E2,9E0,7.4E1,3.15E2,3.633E3,1.7E1,1.6E1],"tree_param":{"num_deleted":"0","num_feature":"2","num_nodes":"15","size_leaf_vector":"1"}},{"base_weights":[-2.6410384E-4,1.2132566E-1,-2.7251524E-1,2.078181E-1,-1.4679305E-1,-2.8938425E-1,2.7258065E0,3.309118E-2,2.3084927E-1,-2.0797817E-1,6.993017E-2,-1.9353311E-1,-5.4806117E-2,-1.4902134E-1,1.3914669E0],"categories":[],"categories_nodes":[],"categories_segments":[],"categories_sizes":[],"default_left":[0,0,0,0,0,0,0,0,0,0,0,0,0,0,0],"id":5,"left_children":[1,3,5,7,9,11,13,-1,-1,-1,-1,-1,-1,-1,-1],"loss_changes":[2.0897885E2,1.0123274E2,9.9366776E1,1.8066174E2,2.2125507E2,7.347684E1,7.009529E1,0E0,0E0,0E0,0E0,0E0,0E0,0E0,0E0],"parents":[2147483647,0,0,1,1,2,2,3,3,4,4,5,5,6,6],"right_children":[2,4,6,8,10,12,14,-1,-1,-1,-1,-1,-1,-1,-1],"split_conditions":[1.2777778E1,2.8E3,6.929E3,2.23E2,4.812E3,1.3888889E1,1.3611111E1,3.309118E-2,2.3084927E-1,-2.0797817E-1,6.993017E-2,-1.9353311E-1,-5.4806117E-2,-1.4902134E-1,1.3914669E0],"split_indices":[1,0,0,0,0,1,1,0,0,0,0,0,0,0,0],"split_type":[0,0,0,0,0,0,0,0,0,0,0,0,0,0,0],"sum_hessian":[6.311E3,4.363E3,1.948E3,3.299E3,1.064E3,1.938E3,1E1,2.812E3,4.87E2,4.36E2,6.28E2,4.46E2,1.492E3,4E0,6E0],"tree_param":{"num_deleted":"0","num_feature":"2","num_nodes":"15","size_leaf_vector":"1"}},{"base_weights":[-7.3560414E-6,3.9112486E-2,-5.2992797E-1,3.004439E-1,-2.2453312E-2,-1.4927726E0,-1.2229109E-1,5.632665E-2,2.4365728E-1,-4.7710855E-3,-1.0432409E0,-5.670611E-1,2.3032132E-1,-5.6018192E-2,1.4367974E0],"categories":[],"categories_nodes":[],"categories_segments":[],"categories_sizes":[],"default_left":[0,0,0,0,0,0,0,0,0,0,0,0,0,0,0],"id":6,"left_children":[1,3,5,7,9,11,13,-1,-1,-1,-1,-1,-1,-1,-1],"loss_changes":[1.3087108E2,9.459443E1,1.7015852E2,6.449328E1,1.0763753E2,1.1734442E2,9.773898E1,0E0,0E0,0E0,0E0,0E0,0E0,0E0,0E0],"parents":[2147483647,0,0,1,1,2,2,3,3,4,4,5,5,6,6],"right_children":[2,4,6,8,10,12,14,-1,-1,-1,-1,-1,-1,-1,-1],