{"learner":{"attributes":{"scikit_learn":"{\"_estimator_type\": \"regressor\"}"},"feature_names":[],"feature_types":[],"gradient_booster":{"model":{"gbtree_model_param":{"num_parallel_tree":"1","num_trees":"10"},"iteration_indptr":[0,1,2,3,4,5,6,7,8,9,10],"tree_info":[0,0,0,0,0,0,0,0,0,0],"trees":[{"base_weights":[1.309875E-7,1.1026632E0,-2.801596E0,2.9339272E-1,1.7760861E0,-2.1074777E0,-3.50089E0,9.2278606E-1,1.1702598E-1,-4.8162755E-1,-7.0228523E-1,-8.758939E-1,-1.1391817E0],"categories":[],"categories_nodes":[],"categories_segments":[],"categories_sizes":[],"default_left":[0,0,0,0,0,0,0,0,0,0,0,0,0],"id":0,"left_children":[1,3,5,-1,7,9,11,-1,-1,-1,-1,-1,-1],"loss_changes":[2.3484223E4,4.5630518E2,1.0347598E3,0E0,1.5319749E3,1.2283496E2,1.7289746E2,0E0,0E0,0E0,0E0,0E0,0E0],"parents":[2147483647,0,0,1,1,2,2,4,4,5,5,6,6],"right_children":[2,4,6,-1,8,10,12,-1,-1,-1,-1,-1,-1],"split_conditions":[4.424E3,6.32E2,6.636E3,2.9339272E-1,2.844E3,5.372E3,7.268E3,9.2278606E-1,1.1702598E-1,-4.8162755E-1,-7.0228523E-1,-8.758939E-1,-1.1391817E0],"split_indices":[0,0,0,0,0,0,0,0,0,0,0,0,0],"split_type":[0,0,0,0,0,0,0,0,0,0,0,0,0],"sum_hessian":[7.6E3,5.454E3,2.146E3,4.604E3,8.5E2,1.079E3,1.067E3,4.38E2,4.12E2,3.45E2,7.34E2,3.64E2,7.03E2],"tree_param":{"num_deleted":"0","num_feature":"1","num_nodes":"13","size_leaf_vector":"1"}},{"base_weights":[-2.453196E-4,7.721087E-1,-1.9626071E0,6.802666E-1,1.4898431E0,-1.4763306E0,-2.4525099E0,2.0825733E-1,8.671983E-2,1.1764543E0,8.200324E-2,-2.2953457E-1,-4.6808818E-1,-6.138456E-1,-7.979127E-1],"categories":[],"categories_nodes":[],"categories_segments":[],"categories_sizes":[],"default_left":[0,0,0,0,0,0,0,0,0,0,0,0,0,0,0],"id":1,"left_children":[1,3,5,7,9,11,13,-1,-1,-1,-1,-1,-1,-1,-1],"loss_changes":[1.152188E4,3.5857056E2,5.0785547E2,2.6153076E1,1.8270498E3,6.3299316E1,8.447998E1,0E0,0E0,0E0,0E0,0E0,0E0,0E0,0E0],"parents":[2147483647,0,0,1,1,2,2,3,3,4,4,5,5,6,6],"right_children":[2,4,6,8,10,12,14,-1,-1,-1,-1,-1,-1,-1,-1],"split_conditions":[4.424E3,2.212E3,6.636E3,9.48E2,2.844E3,4.74E3,7.268E3,2.0825733E-1,8.671983E-2,1.1764543E0,8.200324E-2,-2.2953457E-1,-4.6808818E-1,-6.138456E-1,-7.979127E-1],"split_indices":[0,0,0,0,0,0,0,0,0,0,0,0,0,0,0],"split_type":[0,0,0,0,0,0,0,0,0,0,0,0,0,0,0],"sum_hessian":[7.6E3,5.454E3,2.146E3,4.837E3,6.17E2,1.079E3,1.067E3,4.67E3,1.67E2,2.05E2,4.12E2,1.15E2,9.64E2,3.64E2,7.03E2],"tree_param":{"num_deleted":"0","num_feature":"1","num_nodes":"15","size_leaf_vector":"1"}},{"base_weights":[-2.4480937E-4,5.837113E-1,-1.2830819E0,4.762477E-1,1.9256374E0,-7.513286E-1,-1.6017715E0,1.4579356E-1,6.08587E-2,8.2523143E-1,2.9433432E-1,-1.3989672E-1,-2.7922627E-1,-4.0947506E-1,-5.5887896E-1],"categories":[],"categories_nodes":[],"categories_segments":[],"categories_sizes":[],"default_left":[0,0,0,0,0,0,0,0,0,0,0,0,0,0,0],"id":2,"left_children":[1,3,5,7,9,11,13,-1,-1,-1,-1,-1,-1,-1,-1],"loss_changes":[5.6948145E3,7.5242676E2,4.0178223E2,1.27717285E1,2.9891284E2,4.523169E1,8.937622E1,0E0,0E0,0E0,0E0,0E0,0E0,0E0,0E0],"parents":[2147483647,0,0,1,1,2,2,3,3,4,4,5,5,6,6],"right_children":[2,4,6,8,10,12,14,-1,-1,-1,-1,-1,-1,-1,-1],"split_conditions":[3.476E3,2.212E3,6.003E3,9.48E2,2.844E3,4.74E3,7.268E3,1.4579356E-1,6.08587E-2,8.2523143E-1,2.9433432E-1,-1.3989672E-1,-2.7922627E-1,-4.0947506E-1,-5.5887896E-1],"split_indices":[0,0,0,0,0,0,0,0,0,0,0,0,0,0,0],"split_type":[0,0,0,0,0,0,0,0,0,0,0,0,0,0,0],"sum_hessian":[7.6E3,5.223E3,2.377E3,4.837E3,3.86E2,8.92E2,1.485E3,4.67E3,1.67E2,2.05E2,1.81E2,3.46E2,5.46E2,7.82E2,7.03E2],"tree_param":{"num_deleted":"0","num_feature":"1","num_nodes":"15","size_leaf_vector":"1"}},{"base_weights":[-1.7940595E-4,3.9038813E-1,-9.446363E-1,3.3341616E-1,8.9914984E-1,-6.982745E-1,-1.2106438E0,1.0206487E-1,4.270975E-2,5.7886374E-1,7.942292E-2,-1.7185444E0,-2.0538135E-1,-3.42076E-1,-5.783633E-1],"categories":[],"categories_nodes":[],"categories_segments":[],"categories_sizes":[],"default_left":[0,0,0,0,0,0,0,0,0,0,0,0,0,0,0],"id":3,"left_children":[1,3,5,7,9,11,13,-1,-1,-1,-1,-1,-1,-1,-1],"loss_changes":[2.8041816E3,1.555824E2,1.4490234E2,6.2368774E0,3.5313547E2,7.563721E1,5.1721313E1,0E0,0E0,0E0,0E0,0E0,0E0,0E0,0E0],"parents":[2147483647,0,0,1,1,2,2,3,3,4,4,5,5,6,6],"right_children":[2,4,6,8,10,12,14,-1,-1,-1,-1,-1,-1,-1,-1],"split_conditions":[4.107E3,2.212E3,6.636E3,9.48E2,2.844E3,4.108E3,1.0744E4,1.0206487E-1,4.270975E-2,5.7886374E-1,7.942292E-2,-1.7185444E0,-2.0538135E-1,-3.42076E-1,-5.783633E-1],"split_indices":[0,0,0,0,0,0,0,0,0,0,0,0,0,0,0],"split_type":[0,0,0,0,0,0,0,0,0,0,0,0,0,0,0],"sum_hessian":[7.6E3,5.377E3,2.223E3,4.837E3,5.4E2,1.156E3,1.067E3,4.67E3,1.67E2,2.05E2,3.35E2,2E0,1.154E3,9.74E2,9.3E1],"tree_param":{"num_deleted":"0","num_feature":"1","num_nodes":"15","size_leaf_vector":"1"}},{"base_weights":[-3.9426875E-4,2.9077777E-1,-6.4004207E-1,2.3342107E-1,1.0070595E0,-3.6697415E-1,-8.037093E-1,7.145192E-2,2.997307E-2,5.4413664E-1,2.0032126E-1,-8.559273E-2,-1.5433869E-1,-2.306206E-1,-4.2506132E-1],"categories":[],"categories_nodes":[],"categories_segments":[],"categories_sizes":[],"default_left":[0,0,0,0,0,0,0,0,0,0,0,0,0,0,0],"id":4,"left_children":[1,3,5,7,9,11,13,-1,-1,-1,-1,-1,-1,-1,-1],"loss_changes":[1.4158538E3,2.1438544E2,1.059834E2,3.0456238E0,1.0472659E2,1.0609062E1,3.0777649E1,0E0,0E0,0E0,0E0,0E0,0E0,0E0,0E0],"parents":[2147483647,0,0,1,1,2,2,3,3,4,4,5,5,6,6],"right_children":[2,4,6,8,10,12,14,-1,-1,-1,-1,-1,-1,-1,-1],"split_conditions":[3.476E3,2.212E3,6.003E3,9.48E2,2.528E3,5.372E3,1.106E4,7.145192E-2,2.997307E-2,5.4413664E-1,2.0032126E-1,-8.559273E-2,-1.5433869E-1,-2.306206E-1,-4.2506132E-1],"split_indices":[0,0,0,0,0,0,0,0,0,0,0,0,0,0,0],"split_type":[0,0,0,0,0,0,0,0,0,0,0,0,0,0,0],"sum_hessian":[7.6E3,5.223E3,2.377E3,4.837E3,3.86E2,8.92E2,1.485E3,4.67E3,1.67E2,1.13E2,2.73E2,5.76E2,3.16E2,1.407E3,7.8E1],"tree_param":{"num_deleted":"0","num_feature":"1","num_nodes":"15","size_leaf_vector":"1"}},{"base_weights":[-2.827351E-4,2.0370609E-1,-4.484061E-1,1.6341542E-1,7.068652E-1,-3.5071388E-1,-6.8020445E-1,4.7158036E-2,8.554867E-2,3.823275E-1,1.4044422E-1,-5.995941E-2,-1.288782E-1,-1.984796E-1,-5.0940263E-1],"categories":[],"categories_nodes":[],"categories_segments":[],"categories_sizes":[],"default_left":[0,0,0,0,0,0,0,0,0,0,0,0,0,0,0],"id":5,"left_children":[1,3,5,7,9,11,13,-1,-1,-1,-1,-1,-1,-1,-1],"loss_changes":[6.9491516E2,1.0578862E2,5.3611023E1,3.6199799E0,5.18367E1,1.984497E1,1.2208313E1,0E0,0E0,0E0,0E0,0E0,0E0,0E0,0E0],"parents":[2147483647,0,0,1,1,2,2,3,3,4,4,5,5,6,6],"right_children":[2,4,6,8,10,12,14,-1,-1,-1,-1,-1,-1,-1,-1],"split_conditions":[3.476E3,2.212E3,7.268E3,6.32E2,2.528E3,5.372E3,1.3272E4,4.7158036E-2,8.554867E-2,3.823275E-1,1.4044422E-1,-5.995941E-2,-1.288782E-1,-1.984796E-1,-5.0940263E-1],"split_indices":[0,0,0,0,0,0,0,0,0,0,0,0,0,0,0],"split_type":[0,0,0,0,0,0,0,0,0,0,0,0,0,0,0],"sum_hessian":[7.6E3,5.223E3,2.377E3,4.837E3,3.86E2,1.674E3,7.03E2,4.604E3,2.33E2,1.13E2,2.73E2,5.76E2,1.098E3,6.92E2,1.1E1],"tree_param":{"num_deleted":"0","num_feature":"1","num_nodes":"15","size_leaf_vector":"1"}},{"base_weights":[-2.2972778E-4,1.2796181E-1,-3.516208E-1,1.4271964E-1,-9.458238E-2,-2.8486145E-1,-4.771486E-1,3.4325432E-2,1.48847E-1,-1.2942502E-1,2.8828052E-3,-9.7589105E-2,-4.907719E-3,-1.7100427E-1,-8.1075996E-2],"categories":[],"categories_nodes":[],"categories_segments":[],"categories_sizes":[],"default_left":[0,0,0,0,0,0,0,0,0,0,0,0,0,0,0],"id":6,"left_children":[1,3,5,7,9,11,13,-1,-1,-1,-1,-1,-1,-1,-1],"loss_changes":[3.4243478E2,1.8306877E1,1.6892563E1,5.2197914E1,1.2182233E1,1.4423683E1,1.3372208E1,0E0,0E0,0E0,0E0,0E0,0E0,0E0,0E0],"parents":[2147483647,0,0,1,1,2,2,3,3,4,4,5,5,6,6],"right_children":[2,4,6,8,10,12,14,-1,-1,-1,-1,-1,-1,-1,-1],"split_conditions":[4.74E3,3.476E3,7.268E3,2.212E3,3.792E3,6.952E3,9.48E3,3.4325432E-2,1.48847E-1,-1.2942502E-1,2.8828052E-3,-9.7589105E-2,-4.907719E-3,-1.7100427E-1,-8.1075996E-2],"split_indices":[0,0,0,0,0,0,0,0,0,0,0,0,0,0,0],"split_type":[0,0,0,0,0,0,0,0,0,0,0,0,0,0,0],