{"learner":{"attributes":{"scikit_learn":"{\"_estimator_type\": \"regressor\"}"},"feature_names":[],"feature_types":[],"gradient_booster":{"model":{"gbtree_model_param":{"num_parallel_tree":"1","num_trees":"10"},"iteration_indptr":[0,1,2,3,4,5,6,7,8,9,10],"tree_info":[0,0,0,0,0,0,0,0,0,0],"trees":[{"base_weights":[8.471259E-7,-1.3868211E-1,1.1861051E0,-3.160823E-1,-7.7457735E-3,-1.3696805E-1,1.2598661E0,1.5842015E-2,-1.3179012E-1,3.866288E-2,-1.12402245E-1,4.7902653E-1,2.1713011E-1],"categories":[],"categories_nodes":[],"categories_segments":[],"categories_sizes":[],"default_left":[0,0,0,0,0,0,0,0,0,0,0,0,0],"id":0,"left_children":[1,3,5,7,9,-1,11,-1,-1,-1,-1,-1,-1],"loss_changes":[1.19421524E2,1.5095837E1,9.783722E0,1.2568447E1,1.8847225E1,0E0,1.2028542E1,0E0,0E0,0E0,0E0,0E0,0E0],"parents":[2147483647,0,0,1,1,2,2,3,3,4,4,6,6],"right_children":[2,4,6,8,10,-1,12,-1,-1,-1,-1,-1,-1],"split_conditions":[3.911E3,8.333333E0,-2.2222223E0,3.0555556E0,1.2222222E1,-1.3696805E-1,5.8333335E0,1.5842015E-2,-1.3179012E-1,3.866288E-2,-1.12402245E-1,4.7902653E-1,2.1713011E-1],"split_indices":[0,1,1,1,1,0,1,0,0,0,0,0,0],"split_type":[0,0,0,0,0,0,0,0,0,0,0,0,0],"sum_hessian":[7.24E2,6.49E2,7.5E1,2.75E2,3.74E2,3E0,7.2E1,6.9E1,2.06E2,2.73E2,1.01E2,4.3E1,2.9E1],"tree_param":{"num_deleted":"0","num_feature":"2","num_nodes":"13","size_leaf_vector":"1"}},{"base_weights":[5.104933E-4,-1.05443545E-1,7.995226E-1,-3.8592547E-1,-2.9143611E-2,1.1205915E0,4.2762932E-1,-3.5017512E-3,-2.263756E-1,3.9984374E-3,-1.7001419E-1,-1.06150106E-1,3.7029967E-1,4.000478E-2,3.1536174E-1],"categories":[],"categories_nodes":[],"categories_segments":[],"categories_sizes":[],"default_left":[0,0,0,0,0,0,0,0,0,0,0,0,0,0,0],"id":1,"left_children":[1,3,5,7,9,11,13,-1,-1,-1,-1,-1,-1,-1,-1],"loss_changes":[6.1461754E1,1.3706636E1,9.670094E0,1.8893358E1,1.1537483E1,7.983345E0,7.383572E0,0E0,0E0,0E0,0E0,0E0,0E0,0E0,0E0],"parents":[2147483647,0,0,1,1,2,2,3,3,4,4,5,5,6,6],"right_children":[2,4,6,8,10,12,14,-1,-1,-1,-1,-1,-1,-1,-1],"split_conditions":[3.237E3,5.5555553E0,5.5555553E0,3.0555556E0,1.3055555E1,-2.2222223E0,5.135E3,-3.5017512E-3,-2.263756E-1,3.9984374E-3,-1.7001419E-1,-1.06150106E-1,3.7029967E-1,4.000478E-2,3.1536174E-1],"split_indices":[0,1,1,1,1,1,0,0,0,0,0,0,0,0,0],"split_type":[0,0,0,0,0,0,0,0,0,0,0,0,0,0,0],"sum_hessian":[7.24E2,6.4E2,8.4E1,1.36E2,5.04E2,4.4E1,4E1,6.8E1,6.8E1,4.68E2,3.6E1,3E0,4.1E1,2.8E1,1.2E1],"tree_param":{"num_deleted":"0","num_feature":"2","num_nodes":"15","size_leaf_vector":"1"}},{"base_weights":[6.6615135E-4,-8.2015775E-2,5.182484E-1,-3.1141695E-1,-2.126261E-2,8.588931E-1,2.95613E-1,-1.1157162E-2,-1.7678703E-1,-2.2718783E-3,-3.413974E-1,-8.226643E-2,2.88281E-1,1.0381786E-1,-2.435566E-1],"categories":[],"categories_nodes":[],"categories_segments":[],"categories_sizes":[],"default_left":[0,0,0,0,0,0,0,0,0,0,0,0,0,0,0],"id":2,"left_children":[1,3,5,7,9,11,13,-1,-1,-1,-1,-1,-1,-1,-1],"loss_changes":[3.1068659E1,8.717845E0,7.330057E0,9.960305E0,7.574063E0,4.7729607E0,3.7447624E0,0E0,0E0,0E0,0E0,0E0,0E0,0E0,0E0],"parents":[2147483647,0,0,1,1,2,2,3,3,4,4,5,5,6,6],"right_children":[2,4,6,8,10,12,14,-1,-1,-1,-1,-1,-1,-1,-1],"split_conditions":[1.79E3,5.5555553E0,5E0,3.0555556E0,2.24E2,-2.2222223E0,1.1666667E1,-1.1157162E-2,-1.7678703E-1,-2.2718783E-3,-3.413974E-1,-8.226643E-2,2.88281E-1,1.0381786E-1,-2.435566E-1],"split_indices":[0,1,1,1,0,1,1,0,0,0,0,0,0,0,0],"split_type":[0,0,0,0,0,0,0,0,0,0,0,0,0,0,0],"sum_hessian":[7.24E2,6.25E2,9.9E1,1.3E2,4.95E2,3.8E1,6.1E1,6.6E1,6.4E1,4.9E2,5E0,3E0,3.5E1,5.9E1,2E0],"tree_param":{"num_deleted":"0","num_feature":"2","num_nodes":"15","size_leaf_vector":"1"}},{"base_weights":[-1.7557078E-4,-3.516549E-2,6.704694E-1,-1.452299E-2,-3.9908516E-1,1.266752E0,4.82858E-1,-2.6707137E-2,2.5968272E-2,-1.9157489E-1,-4.157488E-2,4.304695E-2,4.2201585E-1,4.0804677E-2,2.0617826E-1],"categories":[],"categories_nodes":[],"categories_segments":[],"categories_sizes":[],"default_left":[0,0,0,0,0,0,0,0,0,0,0,0,0,0,0],"id":3,"left_children":[1,3,5,7,9,11,13,-1,-1,-1,-1,-1,-1,-1,-1],"loss_changes":[1.7036291E1,5.17763E0,3.415636E0,4.9328694E0,2.219923E0,1.055912E0,1.9624944E0,0E0,0E0,0E0,0E0,0E0,0E0,0E0,0E0],"parents":[2147483647,0,0,1,1,2,2,3,3,4,4,5,5,6,6],"right_children":[2,4,6,8,10,12,14,-1,-1,-1,-1,-1,-1,-1,-1],"split_conditions":[5.263E3,1.3055555E1,5.7E3,9.444445E0,1.3888889E1,1.9444444E0,6.703E3,-2.6707137E-2,2.5968272E-2,-1.9157489E-1,-4.157488E-2,4.304695E-2,4.2201585E-1,4.0804677E-2,2.0617826E-1],"split_indices":[0,1,0,1,1,1,0,0,0,0,0,0,0,0,0],"split_type":[0,0,0,0,0,0,0,0,0,0,0,0,0,0,0],"sum_hessian":[7.24E2,6.89E2,3.5E1,6.53E2,3.6E1,7E0,2.8E1,3.76E2,2.77E2,1.8E1,1.8E1,1E0,6E0,1.1E1,1.7E1],"tree_param":{"num_deleted":"0","num_feature":"2","num_nodes":"15","size_leaf_vector":"1"}},{"base_weights":[5.3626223E-4,-4.5571987E-2,3.482404E-1,-1.6863117E-1,-1.2097372E-2,3.807328E-1,-6.667964E-1,6.1245547E-3,-1.0657008E-1,8.463983E-3,-5.208579E-2,3.9858362E-1,1.0227773E-1,-2.7814293E-2,-2.722441E-1],"categories":[],"categories_nodes":[],"categories_segments":[],"categories_sizes":[],"default_left":[0,0,0,0,0,0,0,0,0,0,0,0,0,0,0],"id":4,"left_children":[1,3,5,7,9,11,13,-1,-1,-1,-1,-1,-1,-1,-1],"loss_changes":[1.1639091E1,2.6384687E0,3.0572557E0,4.8401337E0,3.2929802E0,2.6788197E0,3.3038044E-1,0E0,0E0,0E0,0E0,0E0,0E0,0E0,0E0],"parents":[2147483647,0,0,1,1,2,2,3,3,4,4,5,5,6,6],"right_children":[2,4,6,8,10,12,14,-1,-1,-1,-1,-1,-1,-1,-1],"split_conditions":[3.237E3,5.5555553E0,1.1666667E1,3.0555556E0,1.2222222E1,3.242E3,3.69E3,6.1245547E-3,-1.0657008E-1,8.463983E-3,-5.208579E-2,3.9858362E-1,1.0227773E-1,-2.7814293E-2,-2.722441E-1],"split_indices":[0,1,1,1,1,0,0,0,0,0,0,0,0,0,0],"split_type":[0,0,0,0,0,0,0,0,0,0,0,0,0,0,0],"sum_hessian":[7.24E2,6.4E2,8.4E1,1.36E2,5.04E2,8.2E1,2E0,6.8E1,6.8E1,4.04E2,1E2,2E0,8E1,1E0,1E0],"tree_param":{"num_deleted":"0","num_feature":"2","num_nodes":"15","size_leaf_vector":"1"}},{"base_weights":[4.53115E-4,-3.5848603E-2,2.2508797E-1,-9.979168E-2,3.4202352E-2,4.8853886E-1,9.582757E-2,-1.5883956E-2,-1.1996639E-1,3.40002E-2,-3.661474E-2,3.1357628E-1,8.9535564E-2,4.066594E-2,-1.3193105E-1],"categories":[],"categories_nodes":[],"categories_segments":[],"categories_sizes":[],"default_left":[0,0,0,0,0,0,0,0,0,0,0,0,0,0,0],"id":5,"left_children":[1,3,5,7,9,11,13,-1,-1,-1,-1,-1,-1,-1,-1],"loss_changes":[5.9201765E0,2.8029592E0,3.3926148E0,4.5758133E0,3.7107987E0,3.180245E0,1.5277195E0,0E0,0E0,0E0,0E0,0E0,0E0,0E0,0E0],"parents":[2147483647,0,0,1,1,2,2,3,3,4,4,5,5,6,6],"right_children":[2,4,6,8,10,12,14,-1,-1,-1,-1,-1,-1,-1,-1],"split_conditions":[1.456E3,9.444445E0,4.4444447E0,8.888889E0,1.2222222E1,3.915E3,8.041E3,-1.5883956E-2,-1.1996639E-1,3.40002E-2,-3.661474E-2,3.1357628E-1,8.9535564E-2,4.066594E-2,-1.3193105E-1],"split_indices":[0,1,1,1,1,0,0,0,0,0,0,0,0,0,0],"split_type":[0,0,0,0,0,0,0,0,0,0,0,0,0,0,0],"sum_hessian":[7.24E2,6.24E2,1E2,3.26E2,2.98E2,3.2E1,6.8E1,2.83E2,4.3E1,1.98E2,1E2,7E0,2.5E1,6.4E1,4E0],"tree_param":{"num_deleted":"0","num_feature":"2","num_nodes":"15","size_leaf_vector":"1"}},{"base_weights":[5.565196E-4,-1.7550502E-2,3.475923E-1,-8.155363E-3,-3.318799E-1,7.9534864E-1,2.1208736E-1,-5.417146E-3,3.9431238E-1,-1.5794446E-1,7.7497964E-3,7.818032E-3,2.7045724E-1,1.7500775E-2,1.8251789E-1],"categories":[],"categories_nodes":[],"categories_segments":[],"categories_sizes":[],"default_left":[0,0,0,0,0,0,0,0,0,0,0,0,0,0,0],"id":6,"left_children":[1,3,5,7,9,11,13,-1,-1,-1,-1,-1,-1,-1,-1],"loss_changes":[4.5618443E0,2.0349796E0,2.015551E0,8.810757E0,1.405829E0,6.299429E-1,1.7315531E0,0E0,0E0,0E0,0E0,0E0,0E0,0E0,0E0],"parents":[2147483647,0,0,1,1,2,2,3,3,4,4,5,5,6,6],"right_children":[2,4,6,8,10,12,14,-1,-1,-1,-1,-1,-1,-1,-1],"split_conditions":[5.263E3,4.7E3,5.7E3,4.689E3,4.913E3,1.9444444E0,1.0049E4,-5.417146E-3,3.9431238E-1,-1.5794446E-1,7.7497964E-3,7.818032E-3,2.7045724E-1,1.7500775E-2,1.8251789E-1],"split_indices":[0,0,0,0,0,1,0,0,0,0,0,0,0,0,0],"split_type":[0,0,0,0,0,0,0,0,0,0,0,0,0,0,0],