{"learner":{"attributes":{"scikit_learn":"{\"_estimator_type\": \"regressor\"}"},"feature_names":[],"feature_types":[],"gradient_booster":{"model":{"gbtree_model_param":{"num_parallel_tree":"1","num_trees":"10"},"iteration_indptr":[0,1,2,3,4,5,6,7,8,9,10],"tree_info":[0,0,0,0,0,0,0,0,0,0],"trees":[{"base_weights":[6.7687516E-8,-2.841003E-1,2.6827378E0,7.122955E-1,-1.0227708E0,3.8590152E0,-2.2215376E0,2.4681427E0,5.069154E-1,7.7322227E-1,-1.2384771E0,2.7268178E0,5.10841E0,-3.7122028E0,9.206632E-1,7.8183025E-1,-3.655378E-1,8.639594E-3,5.236625E-1,2.8883788E-1,-2.2339454E0,-2.9227108E-1,-6.5827715E-1,9.91939E-1,3.1840706E-1,1.7007833E0,7.79231E-1,3.566828E-1,-1.2167037E0],"categories":[],"categories_nodes":[],"categories_segments":[],"categories_sizes":[],"default_left":[0,0,0,0,0,0,0,0,0,0,0,0,0,0,0,0,0,0,0,0,0,0,0,0,0,0,0,0,0],"id":0,"left_children":[1,3,5,7,9,11,13,15,17,19,21,23,25,27,-1,-1,-1,-1,-1,-1,-1,-1,-1,-1,-1,-1,-1,-1,-1],"loss_changes":[1.7430754E3,1.5227935E3,1.2719376E3,3.1645154E2,4.6119702E2,2.3644751E2,3.5050043E2,4.996637E1,4.6779398E2,2.0662091E2,2.658236E2,8.820148E1,1.0216553E2,6.205847E1,0E0,0E0,0E0,0E0,0E0,0E0,0E0,0E0,0E0,0E0,0E0,0E0,0E0,0E0,0E0],"parents":[2147483647,0,0,1,1,2,2,3,3,4,4,5,5,6,6,7,7,8,8,9,9,10,10,11,11,12,12,13,13],"right_children":[2,4,6,8,10,12,14,16,18,20,22,24,26,28,-1,-1,-1,-1,-1,-1,-1,-1,-1,-1,-1,-1,-1,-1,-1],"split_conditions":[6.61E2,1.2222222E1,1.6944445E1,4.72E2,5.45E2,6.77E2,7.11E2,9.444445E0,6.01E2,1.9444445E1,1.6666666E1,1.4444445E1,1.5555555E1,6.62E2,9.206632E-1,7.8183025E-1,-3.655378E-1,8.639594E-3,5.236625E-1,2.8883788E-1,-2.2339454E0,-2.9227108E-1,-6.5827715E-1,9.91939E-1,3.1840706E-1,1.7007833E0,7.79231E-1,3.566828E-1,-1.2167037E0],"split_indices":[0,2,2,0,0,0,0,2,0,2,2,2,2,0,0,0,0,0,0,0,0,0,0,0,0,0,0,0,0],"split_type":[0,0,0,0,0,0,0,0,0,0,0,0,0,0,0,0,0,0,0,0,0,0,0,0,0,0,0,0,0],"sum_hessian":[2.285E3,2.067E3,2.18E2,8.8E2,1.187E3,1.76E2,4.2E1,9.1E1,7.89E2,1.27E2,1.06E3,9.4E1,8.2E1,3.3E1,9E0,8.8E1,3E0,5.7E2,2.19E2,1.25E2,2E0,8.32E2,2.28E2,6.9E1,2.5E1,6.6E1,1.6E1,2E0,3.1E1],"tree_param":{"num_deleted":"0","num_feature":"3","num_nodes":"29","size_leaf_vector":"1"}},{"base_weights":[8.3300757E-4,-1.9981164E-1,1.8955009E0,4.9968353E-1,-7.183768E-1,2.7115672E0,-1.6081961E0,1.6120051E0,2.6923177E-1,6.4586806E-1,-8.609803E-1,-1.2844446E-1,2.9547904E0,-2.725668E0,2.2402804E0,5.091882E-1,2.7904248E-1,-1.3754949E-1,2.6888502E-1,2.4555312E-1,-1.7871561E0,-2.930174E-1,2.2280844E-1,-1.909625E-1,6.348374E-1,9.154865E-1,-2.2043124E-1,-6.2853146E-1,-1.5642055E0,9.7267145E-1,4.0430793E-1],"categories":[],"categories_nodes":[],"categories_segments":[],"categories_sizes":[],"default_left":[0,0,0,0,0,0,0,0,0,0,0,0,0,0,0,0,0,0,0,0,0,0,0,0,0,0,0,0,0,0,0],"id":1,"left_children":[1,3,5,7,9,11,13,15,17,19,21,23,25,27,29,-1,-1,-1,-1,-1,-1,-1,-1,-1,-1,-1,-1,-1,-1,-1,-1],"loss_changes":[8.69413E2,7.504925E2,6.3053613E2,2.253984E2,2.316767E2,1.2333423E2,1.8672995E2,7.202759E0,3.3398395E2,1.3369225E2,2.0044855E2,1.845389E1,6.083374E1,4.0855164E1,4.573803E0,0E0,0E0,0E0,0E0,0E0,0E0,0E0,0E0,0E0,0E0,0E0,0E0,0E0,0E0,0E0,0E0],"parents":[2147483647,0,0,1,1,2,2,3,3,4,4,5,5,6,6,7,7,8,8,9,9,10,10,11,11,12,12,13,13,14,14],"right_children":[2,4,6,8,10,12,14,16,18,20,22,24,26,28,30,-1,-1,-1,-1,-1,-1,-1,-1,-1,-1,-1,-1,-1,-1,-1,-1],"split_conditions":[6.61E2,1.2222222E1,1.7222221E1,3.3333333E0,5.4E2,1.1666667E1,7.11E2,4.74E3,5.79E2,1.9444445E1,6.51E2,6.74E2,1.264E3,6.32E2,1.7777779E1,5.091882E-1,2.7904248E-1,-1.3754949E-1,2.6888502E-1,2.4555312E-1,-1.7871561E0,-2.930174E-1,2.2280844E-1,-1.909625E-1,6.348374E-1,9.154865E-1,-2.2043124E-1,-6.2853146E-1,-1.5642055E0,9.7267145E-1,4.0430793E-1],"split_indices":[0,2,2,2,0,2,0,1,0,2,0,0,1,1,2,0,0,0,0,0,0,0,0,0,0,0,0,0,0,0,0],"split_type":[0,0,0,0,0,0,0,0,0,0,0,0,0,0,0,0,0,0,0,0,0,0,0,0,0,0,0,0,0,0,0],"sum_hessian":[2.285E3,2.067E3,2.18E2,8.8E2,1.187E3,1.77E2,4.1E1,1.5E2,7.3E2,1.12E2,1.075E3,1.4E1,1.63E2,3.2E1,9E0,1.32E2,1.8E1,3.38E2,3.92E2,1.1E2,2E0,1.003E3,7.2E1,1.2E1,2E0,1.59E2,4E0,2.7E1,5E0,3E0,6E0],"tree_param":{"num_deleted":"0","num_feature":"3","num_nodes":"31","size_leaf_vector":"1"}},{"base_weights":[4.2172373E-4,-1.402028E-1,1.3283263E0,4.8033065E-1,-4.601408E-1,1.916266E0,-1.1226885E0,6.576507E-1,-8.727271E-1,4.8748758E-1,-5.6283724E-1,1.171389E0,2.7457485E0,-2.5845344E0,8.5988164E-1,1.3282621E-1,4.127659E-1,6.0726386E-2,-7.944148E-1,2.0283063E-1,-1.3541956E0,-2.4494939E-1,-2.8862199E-2,4.908601E-1,-3.7523814E-2,9.339598E-1,3.4081373E-1,-2.2272658E-1,-1.4584644E0,4.560177E-1,-1.6534966E0],"categories":[],"categories_nodes":[],"categories_segments":[],"categories_sizes":[],"default_left":[0,0,0,0,0,0,0,0,0,0,0,0,0,0,0,0,0,0,0,0,0,0,0,0,0,0,0,0,0,0,0],"id":2,"left_children":[1,3,5,7,9,11,13,15,17,19,21,23,25,27,29,-1,-1,-1,-1,-1,-1,-1,-1,-1,-1,-1,-1,-1,-1,-1,-1],"loss_changes":[4.2706467E2,4.1078564E2,3.177411E2,1.6948065E2,1.3311362E2,1.06145325E2,1.2684552E2,9.5548645E1,1.5705228E2,1.294608E2,1.457479E2,5.7452896E1,4.555664E1,1.0125357E2,8.829859E1,0E0,0E0,0E0,0E0,0E0,0E0,0E0,0E0,0E0,0E0,0E0,0E0,0E0,0E0,0E0,0E0],"parents":[2147483647,0,0,1,1,2,2,3,3,4,4,5,5,6,6,7,7,8,8,9,9,10,10,11,11,12,12,13,13,14,14],"right_children":[2,4,6,8,10,12,14,16,18,20,22,24,26,28,30,-1,-1,-1,-1,-1,-1,-1,-1,-1,-1,-1,-1,-1,-1,-1,-1],"split_conditions":[6.61E2,1.1111111E1,1.6944445E1,9.48E2,5.4E2,6.77E2,6.91E2,5.98E2,7.5E0,1.58E3,6.2E2,1.4444445E1,1.5555555E1,6.77E2,6.32E2,1.3282621E-1,4.127659E-1,6.0726386E-2,-7.944148E-1,2.0283063E-1,-1.3541956E0,-2.4494939E-1,-2.8862199E-2,4.908601E-1,-3.7523814E-2,9.339598E-1,3.4081373E-1,-2.2272658E-1,-1.4584644E0,4.560177E-1,-1.6534966E0],"split_indices":[0,2,2,1,0,0,0,0,2,1,0,2,2,0,1,0,0,0,0,0,0,0,0,0,0,0,0,0,0,0,0],"split_type":[0,0,0,0,0,0,0,0,0,0,0,0,0,0,0,0,0,0,0,0,0,0,0,0,0,0,0,0,0,0,0],"sum_hessian":[2.285E3,2.067E3,2.18E2,7.03E2,1.364E3,1.76E2,4.2E1,6.22E2,8.1E1,1.33E2,1.231E3,9.4E1,8.2E1,2.4E1,1.8E1,4.8E2,1.42E2,5.1E1,3E1,1.29E2,4E0,7.97E2,4.34E2,6.9E1,2.5E1,6.6E1,1.6E1,1.4E1,1E1,1.7E1,1E0],"tree_param":{"num_deleted":"0","num_feature":"3","num_nodes":"31","size_leaf_vector":"1"}},{"base_weights":[-9.1388525E-4,1.2891324E-1,-8.196929E-1,-3.319759E-2,1.1180254E0,2.8742975E-1,-1.8801754E0,1.1807579E0,-1.3466215E-1,1.653886E-1,2.0558717E0,-7.4581647E-1,1.4145312E0,-2.337172E0,6.8109363E-1,4.8480472E-1,-8.2628734E-2,-1.9443905E-4,-3.5814783E-1,1.2259619E-1,-1.0181551E0,7.8146344E-1,-6.995538E-2,2.2516651E-1,-4.5237043E-1,1.0398675E-2,9.9822754E-1,-8.0757326E-1,2.111542E-1,4.498562E-1,-1.1971585E0],"categories":[],"categories_nodes":[],"categories_segments":[],"categories_sizes":[],"default_left":[0,0,0,0,0,0,0,0,0,0,0,0,0,0,0,0,0,0,0,0,0,0,0,0,0,0,0,0,0,0,0],"id":3,"left_children":[1,3,5,7,9,11,13,15,17,19,21,23,25,27,29,-1,-1,-1,-1,-1,-1,-1,-1,-1,-1,-1,-1,-1,-1,-1,-1],"loss_changes":[2.4310684E2,3.165597E2,3.6802875E2,2.0918437E2,2.4803265E2,1.8039928E2,1.8887054E2,8.347508E1,2.2242361E2,1.2173859E2,1.7654633E2,9.35011E1,1.9521085E2,1.48607E2,1.01568405E2,0E0,0E0,0E0,0E0,0E0,0E0,0E0,0E0,0E0,0E0,0E0,0E0,0E0,0E0,0E0,0E0],"parents":[2147483647,0,0,1,1,2,2,3,3,4,4,5,5,6,6,7,7,8,8,9,9,10,10,11,11,12,12,13,13,14,14],"right_children":[2,4,6,8,10,12,14,16,18,20,22,24,26,28,30,-1,-1,-1,-1,-1,-1,-1,-1,-1,-1,-1,-1,-1,-1,-1,-1],"split_conditions":[1.6666666E1,6.47E2,6.03E2,4.88E2,1.3611111E1,5.67E2,6.87E2,9.48E2,6.32E2,9.48E2,1.5555555E1,5.39E2,1.7777779E1,6.32E2,6.32E2,4.8480472E-1,-8.2628734E-2,-1.9443905E-4,-3.5814783E-1,1.2259619E-1,-1.0181551E0,7.8146344E-1,-6.995538E-2,2.2516651E-1,-4.5237043E-1,1.0398675E-2,9.9822754E-1,-8.0757326E-1,2.111542E-1,4.498562E-1,-1.1971585E0],"split_indices":[2,0,0,0,2,0,0,1,1,1,2,0,2,1,1,0,0,0,0,0,0,0,0,0,0,0,0,0,0,0,0],"split_type":[0,0,0,0,0,0,0,0,0,0,0,0,0,0,0,0,0,0,0,0,0,0,0,0,0,0,0,0,0,0,0],"sum_hessian":[2.285E3,1.973E3,3.12E2,1.696E3,2.77E2,1.53E2,1.59E2,1.3E2,1.566E3,1.38E2,1.39E2,8E1,7.3E1,1.35E2,2.4E1,1E2,3E1,1.391E3,1.75E2,1.3E2,8E0,1.12E2,2.7E1,2.7E1,5.3E1,4.3E1,3E1,1.21E2,1.4E1,2.1E1,3E0],"tree_param":{"num_deleted":"0",