{"learner":{"attributes":{"scikit_learn":"{\"_estimator_type\": \"regressor\"}"},"feature_names":[],"feature_types":[],"gradient_booster":{"model":{"gbtree_model_param":{"num_parallel_tree":"1","num_trees":"10"},"iteration_indptr":[0,1,2,3,4,5,6,7,8,9,10],"tree_info":[0,0,0,0,0,0,0,0,0,0],"trees":[{"base_weights":[-1.9983028E-7,-2.8109252E0,2.1247115E0,-4.291428E0,-1.7077276E0,1.6572615E0,3.8551428E0,-3.8507712E0,-5.4138126E0,-1.1679138E0,-3.9189634E0,1.7678493E0,-3.0753584E0,2.9249785E0,1.2731526E0,-1.4454951E0,-9.794542E-1,-1.4364779E0,-1.8160423E0,-1.8703584E-1,-7.2462535E-1,-1.1948642E0,9.137099E-2,4.0351826E-1,1.1335405E0,-1.0499678E0,2.8079572E-1,7.481653E-1,1.413604E0],"categories":[],"categories_nodes":[],"categories_segments":[],"categories_sizes":[],"default_left":[0,0,0,0,0,0,0,0,0,0,0,0,0,0,0,0,0,0,0,0,0,0,0,0,0,0,0,0,0],"id":0,"left_children":[1,3,5,7,9,11,13,15,17,19,21,23,25,27,-1,-1,-1,-1,-1,-1,-1,-1,-1,-1,-1,-1,-1,-1,-1],"loss_changes":[2.5430504E4,2.9864863E3,1.9551699E3,3.6591895E2,1.2511484E3,1.0055967E3,1.7378662E2,3.0457227E2,5.8245605E1,5.73791E2,5.682422E1,1.5828418E3,7.820575E1,1.0765784E2,0E0,0E0,0E0,0E0,0E0,0E0,0E0,0E0,0E0,0E0,0E0,0E0,0E0,0E0,0E0],"parents":[2147483647,0,0,1,1,2,2,3,3,4,4,5,5,6,6,7,7,8,8,9,9,10,10,11,11,12,12,13,13],"right_children":[2,4,6,8,10,12,14,16,18,20,22,24,26,28,-1,-1,-1,-1,-1,-1,-1,-1,-1,-1,-1,-1,-1,-1,-1],"split_conditions":[6.03E2,5.38E2,6.92E2,4.584E3,3.582E3,5.039E3,7E2,2.23E2,5.815E3,5.88E2,6.02E2,2.23E2,6.48E2,2.23E2,1.2731526E0,-1.4454951E0,-9.794542E-1,-1.4364779E0,-1.8160423E0,-1.8703584E-1,-7.2462535E-1,-1.1948642E0,9.137099E-2,4.0351826E-1,1.1335405E0,-1.0499678E0,2.8079572E-1,7.481653E-1,1.413604E0],"split_indices":[0,0,0,1,1,1,0,1,1,0,0,1,0,1,0,0,0,0,0,0,0,0,0,0,0,0,0,0,0],"split_type":[0,0,0,0,0,0,0,0,0,0,0,0,0,0,0,0,0,0,0,0,0,0,0,0,0,0,0,0,0],"sum_hessian":[4.256E3,1.832E3,2.424E3,7.81E2,1.051E3,1.91E3,5.14E2,5.64E2,2.17E2,8.46E2,2.05E2,1.867E3,4.3E1,1.54E2,3.6E2,2.1E2,3.54E2,1.14E2,1.03E2,5.9E2,2.56E2,2.02E2,3E0,1.544E3,3.23E2,3.9E1,4E0,1.26E2,2.8E1],"tree_param":{"num_deleted":"0","num_feature":"2","num_nodes":"29","size_leaf_vector":"1"}},{"base_weights":[-8.2006934E-4,-1.9564956E0,1.5059856E0,-3.2365506E0,-1.2816713E0,1.1785729E0,2.7052698E0,-3.0674584E0,-4.5255485E0,-8.8354415E-1,-2.7995794E0,3.203147E-1,1.489368E0,2.0614321E0,2.9742162E0,-1.1613439E0,-8.3637977E-1,-1.4453808E0,-7.98635E-1,-4.201771E-1,-1.2087584E-1,-7.060993E-1,-9.906259E-1,2.2924837E-1,-6.80736E-1,3.4507746E-1,9.656071E-1,8.191766E-1,3.8171136E-1,9.1983557E-1,7.8220445E-1],"categories":[],"categories_nodes":[],"categories_segments":[],"categories_sizes":[],"default_left":[0,0,0,0,0,0,0,0,0,0,0,0,0,0,0,0,0,0,0,0,0,0,0,0,0,0,0,0,0,0,0],"id":1,"left_children":[1,3,5,7,9,11,13,15,17,19,21,23,25,27,29,-1,-1,-1,-1,-1,-1,-1,-1,-1,-1,-1,-1,-1,-1,-1,-1],"loss_changes":[1.2547571E4,1.5964966E3,9.4116113E2,1.2539404E2,7.3177563E2,5.0393286E2,8.304468E1,1.1680957E2,2.6402954E1,2.3899463E2,4.8694946E1,5.8098706E2,8.1026294E2,7.8366455E1,4.17749E0,0E0,0E0,0E0,0E0,0E0,0E0,0E0,0E0,0E0,0E0,0E0,0E0,0E0,0E0,0E0,0E0],"parents":[2147483647,0,0,1,1,2,2,3,3,4,4,5,5,6,6,7,7,8,8,9,9,10,10,11,11,12,12,13,13,14,14],"right_children":[2,4,6,8,10,12,14,16,18,20,22,24,26,28,30,-1,-1,-1,-1,-1,-1,-1,-1,-1,-1,-1,-1,-1,-1,-1,-1],"split_conditions":[6.04E2,5.27E2,6.92E2,6.038E3,3.582E3,6.29E2,7E2,2.23E2,5.12E2,5.69E2,5.592E3,2.016E3,2.23E2,6.97E2,7.44E2,-1.1613439E0,-8.3637977E-1,-1.4453808E0,-7.98635E-1,-4.201771E-1,-1.2087584E-1,-7.060993E-1,-9.906259E-1,2.2924837E-1,-6.80736E-1,3.4507746E-1,9.656071E-1,8.191766E-1,3.8171136E-1,9.1983557E-1,7.8220445E-1],"split_indices":[0,0,0,1,1,0,0,1,0,0,1,1,1,0,0,0,0,0,0,0,0,0,0,0,0,0,0,0,0,0,0],"split_type":[0,0,0,0,0,0,0,0,0,0,0,0,0,0,0,0,0,0,0,0,0,0,0,0,0,0,0,0,0,0,0],"sum_hessian":[4.256E3,1.852E3,2.404E3,6.38E2,1.214E3,1.89E3,5.14E2,5.67E2,7.1E1,9.63E2,2.51E2,5.03E2,1.387E3,1.54E2,3.6E2,1.43E2,4.24E2,6E1,1.1E1,4.63E2,5E2,1.36E2,1.15E2,4.3E2,7.3E1,1.161E3,2.26E2,8.2E1,7.2E1,2.82E2,7.8E1],"tree_param":{"num_deleted":"0","num_feature":"2","num_nodes":"31","size_leaf_vector":"1"}},{"base_weights":[-1.2122696E-3,-1.3158606E0,1.1084676E0,-2.045215E0,-6.9459176E-1,8.809464E-1,1.899326E0,-1.7643398E0,-2.814339E0,-2.6045668E-1,-1.7950805E0,6.668313E-1,1.815543E0,1.4507502E0,2.0866663E0,-6.658726E-1,-4.403355E-1,-8.11235E-1,-1.1320823E0,-1.9405511E-1,6.2785196E-1,-7.9262775E-1,-4.6563843E-1,2.7681994E-1,-4.101998E-2,8.9846474E-1,-1.4599364E-1,3.457349E-1,8.121227E-1,6.439113E-1,5.045014E-1],"categories":[],"categories_nodes":[],"categories_segments":[],"categories_sizes":[],"default_left":[0,0,0,0,0,0,0,0,0,0,0,0,0,0,0,0,0,0,0,0,0,0,0,0,0,0,0,0,0,0,0],"id":2,"left_children":[1,3,5,7,9,11,13,15,17,19,21,23,25,27,29,-1,-1,-1,-1,-1,-1,-1,-1,-1,-1,-1,-1,-1,-1,-1,-1],"loss_changes":[6.2117354E3,8.817202E2,4.1380127E2,1.8859521E2,5.030923E2,3.57989E2,4.0251465E1,8.570874E1,1.4960083E1,6.896929E2,5.7222717E1,3.007625E2,9.0828784E2,5.4968445E1,5.119507E0,0E0,0E0,0E0,0E0,0E0,0E0,0E0,0E0,0E0,0E0,0E0,0E0,0E0,0E0,0E0,0E0],"parents":[2147483647,0,0,1,1,2,2,3,3,4,4,5,5,6,6,7,7,8,8,9,9,10,10,11,11,12,12,13,13,14,14],"right_children":[2,4,6,8,10,12,14,16,18,20,22,24,26,28,30,-1,-1,-1,-1,-1,-1,-1,-1,-1,-1,-1,-1,-1,-1,-1,-1],"split_conditions":[6.09E2,5.46E2,6.92E2,4.479E3,2.016E3,2.23E2,7E2,2.23E2,8.495E3,2.24E2,2.903E3,6.72E2,2.352E3,2.23E2,1.567E3,-6.658726E-1,-4.403355E-1,-8.11235E-1,-1.1320823E0,-1.9405511E-1,6.2785196E-1,-7.9262775E-1,-4.6563843E-1,2.7681994E-1,-4.101998E-2,8.9846474E-1,-1.4599364E-1,3.457349E-1,8.121227E-1,6.439113E-1,5.045014E-1],"split_indices":[0,0,0,1,1,1,0,1,1,1,1,0,1,1,1,0,0,0,0,0,0,0,0,0,0,0,0,0,0,0,0],"split_type":[0,0,0,0,0,0,0,0,0,0,0,0,0,0,0,0,0,0,0,0,0,0,0,0,0,0,0,0,0,0,0],"sum_hessian":[4.256E3,1.948E3,2.308E3,8.95E2,1.053E3,1.794E3,5.14E2,6.58E2,2.37E2,7.56E2,2.97E2,1.461E3,3.33E2,1.54E2,3.6E2,2.57E2,4.01E2,2.16E2,2.1E1,6.5E2,1.06E2,6.4E1,2.33E2,1.108E3,3.53E2,2.2E2,1.13E2,1.26E2,2.8E1,3.1E2,5E1],"tree_param":{"num_deleted":"0","num_feature":"2","num_nodes":"31","size_leaf_vector":"1"}},{"base_weights":[-9.847588E-4,-8.4968156E-1,8.629971E-1,-1.6618116E0,-5.054427E-1,4.0365562E-1,1.0640557E0,-1.4819989E0,-2.0577261E0,-2.3382966E-1,-1.1893117E0,5.1089305E-1,-1.8881347E0,1.6592519E0,8.431958E-1,-5.646778E-1,-2.945307E-1,-5.8769584E-1,-9.6254206E-1,-1.5045443E-1,3.868359E-1,-1.0682381E0,-3.31993E-1,9.1372795E-2,4.13712E-1,-6.87267E-1,-1.6336231E-1,3.1702E-1,7.064309E-1,1.16608955E-1,4.0020192E-1],"categories":[],"categories_nodes":[],"categories_segments":[],"categories_sizes":[],"default_left":[0,0,0,0,0,0,0,0,0,0,0,0,0,0,0,0,0,0,0,0,0,0,0,0,0,0,0,0,0,0,0],"id":3,"left_children":[1,3,5,7,9,11,13,15,17,19,21,23,25,27,29,-1,-1,-1,-1,-1,-1,-1,-1,-1,-1,-1,-1,-1,-1,-1,-1],"loss_changes":[3.1222153E3,5.996693E2,1.944386E2,4.2441162E1,2.8020102E2,1.5923776E2,1.9144531E2,8.6850464E1,1.6098694E1,4.41843E2,8.016345E1,1.09913895E2,1.4445557E1,1.6346045E2,2.3861584E2,0E0,0E0,0E0,0E0,0E0,0E0,0E0,0E0,0E0,0E0,0E0,0E0,0E0,0E0,0E0,0E0],"parents":[2147483647,0,0,1,1,2,2,3,3,4,4,5,5,6,6,7,7,8,8,9,9,10,10,11,11,12,12,13,13,14,14],"right_children":[2,4,6,8,10,12,14,16,18,20,22,24,26,28,30,-1,-1,-1,-1,-1,-1,-1,-1,-1,-1,-1,-1,-1,-1,-1,-1],"split_conditions":[6.19E2,5.27E2,6.47E2,4.479E3,2.016E3,3.47E3,6.65E2,2.688E3,8.495E3,2.24E2,2.128E3,2.23E2,6.32E2,6.57E2,6.92E2,-5.646778E-1,-2.945307E-1,-5.8769584E-1,-9.6254206E-1,-1.5045443E-1,3.868359E-1,-1.0682381E0,-3.31993E-1,9.1372795E-2,4.13712E-1,-6.87267E-1,-1.6336231E-1,3.1702E-1,7.064309E-1,1.16608955E-1,4.0020192E-1],"split_indices":[0,0,0,1,1,1,0,1,1,1,1,1,0,0,0,0,0,0,0,0,0,0,0,0,0,0,0,0,0,0,0],"split_type":[0,0,0,0,0,0,0,0,0,0,0,0,0,0,0,0,0,0,0,0,0,0,0,0,0,0,0,0,0,0,0],"sum_hessian":[4.256E3,2.147E3,2.109E3,6.38E2,1.509E3,6.43E2,1.466E3,4.42E2,1.96E2,1.081E3,4.28E2,6.15E2,2.8E1,3.95E2,1.071E3,2.44E2,1.98E2,1.83E2,1.3E1,9.2E2,1.61E2,1.3E1,4.15E2,4.98E2,1.17E2,2.1E1,7E0,2.13E2,1.82E2,5.57E2,5.14E2],"tree_param":{"num_deleted":"0","num_feature":"2",