{"learner":{"attributes":{"scikit_learn":"{\"_estimator_type\": \"regressor\"}"},"feature_names":[],"feature_types":[],"gradient_booster":{"model":{"gbtree_model_param":{"num_parallel_tree":"1","num_trees":"10"},"iteration_indptr":[0,1,2,3,4,5,6,7,8,9,10],"tree_info":[0,0,0,0,0,0,0,0,0,0],"trees":[{"base_weights":[-7.355341E-7,-1.7906801E-1,3.033354E-2,-1.4075202E-1,-8.8649444E-2,1.1285439E-2,9.417699E-2,-9.6526906E-2,-1.8169005E-1,3.0837806E-2,-2.8247198E-2,1.0461728E-1,-5.691321E-3,-6.7660905E-2,-2.552017E-2,-8.115533E-2,-3.0032394E-2,1.9282859E-2,4.526025E-3,-1.4187872E-2,-1.639352E-3,3.376625E-2,6.5866034E-3,4.992696E-3,-2.9806966E-2],"categories":[],"categories_nodes":[],"categories_segments":[],"categories_sizes":[],"default_left":[0,0,0,0,0,0,0,0,0,0,0,0,0,0,0,0,0,0,0,0,0,0,0,0,0],"id":0,"left_children":[1,3,5,7,-1,9,11,13,15,17,19,21,23,-1,-1,-1,-1,-1,-1,-1,-1,-1,-1,-1,-1],"loss_changes":[1.3161436E1,1.5242672E0,2.5186892E0,4.6405268E-1,0E0,1.2352828E0,4.9689913E-1,1.7300701E-1,9.657235E-1,5.620619E-1,2.2928134E-1,2.802987E-1,9.788025E-2,0E0,0E0,0E0,0E0,0E0,0E0,0E0,0E0,0E0,0E0,0E0,0E0],"parents":[2147483647,0,0,1,1,2,2,3,3,5,5,6,6,7,7,8,8,9,9,10,10,11,11,12,12],"right_children":[2,4,6,8,-1,10,12,14,16,18,20,22,24,-1,-1,-1,-1,-1,-1,-1,-1,-1,-1,-1,-1],"split_conditions":[4.4444447E0,1.8328E4,1.5E1,2.7777777E0,-8.8649444E-2,1.264E3,1.8333334E1,-2.2222223E0,3.3333333E0,8.888889E0,1.1111111E1,4.107E3,2E1,-6.7660905E-2,-2.552017E-2,-8.115533E-2,-3.0032394E-2,1.9282859E-2,4.526025E-3,-1.4187872E-2,-1.639352E-3,3.376625E-2,6.5866034E-3,4.992696E-3,-2.9806966E-2],"split_indices":[1,0,1,1,0,0,1,1,1,1,1,0,1,0,0,0,0,0,0,0,0,0,0,0,0],"split_type":[0,0,0,0,0,0,0,0,0,0,0,0,0,0,0,0,0,0,0,0,0,0,0,0,0],"sum_hessian":[2.421E3,3.5E2,2.071E3,2.65E2,8.5E1,1.596E3,4.75E2,1.29E2,1.36E2,1.068E3,5.28E2,4.3E2,4.5E1,9E0,1.2E2,6.4E1,7.2E1,3.41E2,7.27E2,2.87E2,2.41E2,3.92E2,3.8E1,3.7E1,8E0],"tree_param":{"num_deleted":"0","num_feature":"2","num_nodes":"25","size_leaf_vector":"1"}},{"base_weights":[-1.1174685E-4,-1.2618205E-1,2.1244813E-2,-9.268905E-2,-1.9323522E-1,7.9046795E-3,6.595688E-2,-3.9605588E-2,-1.1179109E-1,-1.6305032E-1,-2.2603895E-1,2.3185564E-2,-1.7525699E-2,7.3326185E-2,-4.5241066E-3,-4.7228698E-2,-6.712241E-3,-4.3143887E-2,-1.6502032E-2,-5.6710403E-2,-2.198478E-2,-7.924256E-2,-4.8102614E-2,3.8069698E-3,1.2623249E-2,-3.861771E-3,-3.165182E-2,1.9637905E-2,4.3387935E-2,-4.7070486E-3,3.49926E-2],"categories":[],"categories_nodes":[],"categories_segments":[],"categories_sizes":[],"default_left":[0,0,0,0,0,0,0,0,0,0,0,0,0,0,0,0,0,0,0,0,0,0,0,0,0,0,0,0,0,0,0],"id":1,"left_children":[1,3,5,7,9,11,13,15,17,19,21,23,25,27,29,-1,-1,-1,-1,-1,-1,-1,-1,-1,-1,-1,-1,-1,-1,-1,-1],"loss_changes":[6.5237412E0,7.7036905E-1,1.2353542E0,2.3487735E-1,7.800484E-2,6.209984E-1,2.4756408E-1,1.264148E-1,3.0666208E-1,1.354307E-1,9.031868E-2,1.9735289E-1,2.4427228E-1,2.3227382E-1,6.40657E-2,0E0,0E0,0E0,0E0,0E0,0E0,0E0,0E0,0E0,0E0,0E0,0E0,0E0,0E0,0E0,0E0],"parents":[2147483647,0,0,1,1,2,2,3,3,4,4,5,5,6,6,7,7,8,8,9,9,10,10,11,11,12,12,13,13,14,14],"right_children":[2,4,6,8,10,12,14,16,18,20,22,24,26,28,30,-1,-1,-1,-1,-1,-1,-1,-1,-1,-1,-1,-1,-1,-1,-1,-1],"split_conditions":[4.4444447E0,3.476E3,1.5E1,2.2222223E0,2.3068E4,6.32E2,1.8333334E1,-2.2222223E0,3.3333333E0,2.054E4,3.3333333E0,1.1944445E1,1.4444445E1,1.7777779E1,2.844E3,-4.7228698E-2,-6.712241E-3,-4.3143887E-2,-1.6502032E-2,-5.6710403E-2,-2.198478E-2,-7.924256E-2,-4.8102614E-2,3.8069698E-3,1.2623249E-2,-3.861771E-3,-3.165182E-2,1.9637905E-2,4.3387935E-2,-4.7070486E-3,3.49926E-2],"split_indices":[1,0,1,1,0,0,1,1,1,0,1,1,1,1,0,0,0,0,0,0,0,0,0,0,0,0,0,0,0,0,0],"split_type":[0,0,0,0,0,0,0,0,0,0,0,0,0,0,0,0,0,0,0,0,0,0,0,0,0,0,0,0,0,0,0],"sum_hessian":[2.421E3,3.5E2,2.071E3,2.35E2,1.15E2,1.596E3,4.75E2,6.3E1,1.72E2,6.3E1,5.2E1,9.97E2,5.99E2,4.3E2,4.5E1,7E0,5.6E1,1.09E2,6.3E1,4.8E1,1.5E1,3.1E1,2.1E1,6.42E2,3.55E2,5.7E2,2.9E1,3.89E2,4.1E1,4.2E1,3E0],"tree_param":{"num_deleted":"0","num_feature":"2","num_nodes":"31","size_leaf_vector":"1"}},{"base_weights":[-1.7934984E-4,-8.923782E-2,1.4907379E-2,-6.865458E-2,-1.5186459E-1,5.521608E-3,4.6365716E-2,-3.979913E-2,-9.553454E-2,-2.5782013E-1,-1.4069517E-1,5.3675674E-2,1.0023555E-3,3.5266124E-2,7.5636424E-2,-3.6071837E-2,-9.846677E-3,-4.3812852E-2,-1.4775813E-2,-3.617778E-2,-9.917779E-2,-2.7706234E-2,-4.8296764E-2,2.0447014E-2,-5.2037244E-3,-3.235964E-3,5.6937626E-3,1.1385714E-2,-2.4992395E-2,3.3411257E-2,9.782098E-4],"categories":[],"categories_nodes":[],"categories_segments":[],"categories_sizes":[],"default_left":[0,0,0,0,0,0,0,0,0,0,0,0,0,0,0,0,0,0,0,0,0,0,0,0,0,0,0,0,0,0,0],"id":2,"left_children":[1,3,5,7,9,11,13,15,17,19,21,23,25,27,29,-1,-1,-1,-1,-1,-1,-1,-1,-1,-1,-1,-1,-1,-1,-1,-1],"loss_changes":[3.2555315E0,4.4203448E-1,6.115241E-1,2.0251632E-1,6.550372E-2,3.4748596E-1,1.5198171E-1,6.901237E-2,3.1306052E-1,3.0037671E-2,6.3614845E-2,1.4208174E-1,3.098306E-1,1.1368826E-1,3.3585656E-1,0E0,0E0,0E0,0E0,0E0,0E0,0E0,0E0,0E0,0E0,0E0,0E0,0E0,0E0,0E0,0E0],"parents":[2147483647,0,0,1,1,2,2,3,3,4,4,5,5,6,6,7,7,8,8,9,9,10,10,11,11,12,12,13,13,14,14],"right_children":[2,4,6,8,10,12,14,16,18,20,22,24,26,28,30,-1,-1,-1,-1,-1,-1,-1,-1,-1,-1,-1,-1,-1,-1,-1,-1],"split_conditions":[4.4444447E0,1.8328E4,1.5E1,2.7777777E0,1.9272E4,6.111111E0,1.58E3,-2.2222223E0,3.3333333E0,2.5E0,2.2436E4,1.6116E4,1.1944445E1,2E1,3.791E3,-3.6071837E-2,-9.846677E-3,-4.3812852E-2,-1.4775813E-2,-3.617778E-2,-9.917779E-2,-2.7706234E-2,-4.8296764E-2,2.0447014E-2,-5.2037244E-3,-3.235964E-3,5.6937626E-3,1.1385714E-2,-2.4992395E-2,3.3411257E-2,9.782098E-4],"split_indices":[1,0,1,1,0,1,0,1,1,1,0,0,1,1,0,0,0,0,0,0,0,0,0,0,0,0,0,0,0,0,0],"split_type":[0,0,0,0,0,0,0,0,0,0,0,0,0,0,0,0,0,0,0,0,0,0,0,0,0,0,0,0,0,0,0],"sum_hessian":[2.421E3,3.5E2,2.071E3,2.65E2,8.5E1,1.596E3,4.75E2,1.29E2,1.36E2,6E0,7.9E1,1.36E2,1.46E3,3.46E2,1.29E2,9E0,1.2E2,6.4E1,7.2E1,3E0,3E0,2.5E1,5.4E1,1.13E2,2.3E1,8.82E2,5.78E2,3.39E2,7E0,8.6E1,4.3E1],"tree_param":{"num_deleted":"0","num_feature":"2","num_nodes":"31","size_leaf_vector":"1"}},{"base_weights":[-2.3961402E-4,-6.336657E-2,1.0454305E-2,-4.0673662E-2,-9.609001E-2,3.8767834E-3,3.2500207E-2,-4.2840194E-2,1.22374855E-1,-1.6918482E-1,-8.747911E-2,6.7261397E-3,-7.613109E-2,3.7095476E-2,-1.1261982E-2,-7.0257406E-3,-1.8666731E-2,4.7945026E-3,5.0274182E-2,-2.8852908E-2,-7.515002E-2,1.7164613E-3,-2.9633038E-2,5.1052077E-3,-4.282412E-3,-3.5066776E-2,1.2104989E-2,9.465961E-3,2.6302869E-2,-6.116561E-3,2.6899196E-2],"categories":[],"categories_nodes":[],"categories_segments":[],"categories_sizes":[],"default_left":[0,0,0,0,0,0,0,0,0,0,0,0,0,0,0,0,0,0,0,0,0,0,0,0,0,0,0,0,0,0,0],"id":3,"left_children":[1,3,5,7,9,11,13,15,17,19,21,23,25,27,29,-1,-1,-1,-1,-1,-1,-1,-1,-1,-1,-1,-1,-1,-1,-1,-1],"loss_changes":[1.6356932E0,2.567408E-1,3.0032933E-1,7.907176E-2,7.520568E-2,3.645816E-1,9.614086E-2,7.646251E-2,1.1750534E-2,5.902165E-2,1.3744885E-1,3.3372274E-1,2.6583198E-1,1.18056834E-1,4.4199012E-2,0E0,0E0,0E0,0E0,0E0,0E0,0E0,0E0,0E0,0E0,0E0,0E0,0E0,0E0,0E0,0E0],"parents":[2147483647,0,0,1,1,2,2,3,3,4,4,5,5,6,6,7,7,8,8,9,9,10,10,11,11,12,12,13,13,14,14],"right_children":[2,4,6,8,10,12,14,16,18,20,22,24,26,28,30,-1,-1,-1,-1,-1,-1,-1,-1,-1,-1,-1,-1,-1,-1,-1,-1],"split_conditions":[4.4444447E0,1.264E3,1.5E1,9.48E2,2.212E3,1.4444445E1,1.8333334E1,2.7777777E0,3.3333333E0,1.896E3,3.476E3,1.264E3,2.212E3,1.7777779E1,2.844E3,-7.0257406E-3,-1.8666731E-2,4.7945026E-3,5.0274182E-2,-2.8852908E-2,-7.515002E-2,1.7164613E-3,-2.9633038E-2,5.1052077E-3,-4.282412E-3,-3.5066776E-2,1.2104989E-2,9.465961E-3,2.6302869E-2,-6.116561E-3,2.6899196E-2],"split_indices":[1,0,1,0,0,1,1,1,1,0,0,0,0,1,0,0,0,0,0,0,0,0,0,0,0,0,0,0,0,0,0],"split_type":[0,0,0,0,0,0,0,0,0,0,0,0,0,0,0,0,0,0,0,0,0,0,0,0,0,0,0,0,0,0,0],"sum_hessian":[2.421E3,3.5E2,2.071E3,2.08E2,1.42E2,1.596E3,4.75E2,2.06E2,2E0,1.3E1,1.29E2,1.542E3,5.4E1,4.3E2,4.5E1,1.04E2,1.02E2,1E0,1E0,8E0,5E0,1.4E1,1.15E2,1.035E3,5.07E2,4E1,1.4E1,3.89E2,4.1E1,4.2E1,3E0],"tree_param":{"num_deleted":"0",