{"learner":{"attributes":{"scikit_learn":"{\"_estimator_type\": \"regressor\"}"},"feature_names":[],"feature_types":[],"gradient_booster":{"model":{"gbtree_model_param":{"num_parallel_tree":"1","num_trees":"10"},"iteration_indptr":[0,1,2,3,4,5,6,7,8,9,10],"tree_info":[0,0,0,0,0,0,0,0,0,0],"trees":[{"base_weights":[-1.1903003E-7,-6.132314E-1,6.2858514E-3,-2.0752452E-1,-4.1057777E-1,9.930771E-2,-2.4302417E-2,-1.6389456E-1,-8.230787E-2,-6.458611E-2,1.6634986E-1,3.9717246E-2,-4.215942E-2,-2.9409239E-2,3.9724916E-2,5.6939512E-2,2.8615262E-2,2.8023064E-2,4.7581494E-3,-1.6020268E-2,1.7317844E-4],"categories":[],"categories_nodes":[],"categories_segments":[],"categories_sizes":[],"default_left":[0,0,0,0,0,0,0,0,0,0,0,0,0,0,0,0,0,0,0,0,0],"id":0,"left_children":[1,3,5,-1,7,9,11,-1,-1,13,15,17,19,-1,-1,-1,-1,-1,-1,-1,-1],"loss_changes":[1.02575E1,1.4560127E-1,7.497137E0,0E0,3.5012364E-2,7.174786E0,2.2686386E0,0E0,0E0,1.2648313E0,7.5234604E-1,5.531652E-1,7.45167E-1,0E0,0E0,0E0,0E0,0E0,0E0,0E0,0E0],"parents":[2147483647,0,0,1,1,2,2,4,4,5,5,6,6,9,9,10,10,11,11,12,12],"right_children":[2,4,6,-1,8,10,12,-1,-1,14,16,18,20,-1,-1,-1,-1,-1,-1,-1,-1],"split_conditions":[-3.0555556E0,-5E0,9.444445E0,-2.0752452E-1,4.4E2,5.19E2,5.71E2,-1.6389456E-1,-8.230787E-2,5E0,5.93E2,5.34E2,1.5833333E1,-2.9409239E-2,3.9724916E-2,5.6939512E-2,2.8615262E-2,2.8023064E-2,4.7581494E-3,-1.6020268E-2,1.7317844E-4],"split_indices":[2,2,2,0,0,0,0,0,0,2,0,0,2,0,0,0,0,0,0,0,0],"split_type":[0,0,0,0,0,0,0,0,0,0,0,0,0,0,0,0,0,0,0,0,0],"sum_hessian":[2.659E3,2.6E1,2.633E3,1.7E1,9E0,6.51E2,1.982E3,3E0,6E0,1.89E2,4.62E2,4.32E2,1.55E3,1.62E2,2.7E1,3.46E2,1.16E2,1.32E2,3E2,1.227E3,3.23E2],"tree_param":{"num_deleted":"0","num_feature":"3","num_nodes":"21","size_leaf_vector":"1"}},{"base_weights":[-1.2864852E-4,-4.3293598E-1,4.640174E-3,-1.3879652E-1,-2.1152496E-2,7.066312E-2,-1.7003575E-2,-5.4416943E-2,4.489832E-2,-3.212958E-2,1.21542566E-1,4.6710502E-2,-2.6179766E-2,-2.0119684E-2,4.332406E-2,4.8157495E-2,2.4160476E-2,5.6210062E-3,3.8833946E-2,-9.50341E-3,3.0830007E-3],"categories":[],"categories_nodes":[],"categories_segments":[],"categories_sizes":[],"default_left":[0,0,0,0,0,0,0,0,0,0,0,0,0,0,0,0,0,0,0,0,0],"id":1,"left_children":[1,3,5,-1,7,9,11,-1,-1,13,15,17,19,-1,-1,-1,-1,-1,-1,-1,-1],"loss_changes":[5.4921994E0,3.451109E-1,3.7622876E0,0E0,1.0925911E-1,3.4034286E0,1.160589E0,0E0,0E0,1.3419118E0,6.8245316E-1,5.761849E-1,3.47901E-1,0E0,0E0,0E0,0E0,0E0,0E0,0E0,0E0],"parents":[2147483647,0,0,1,1,2,2,4,4,5,5,6,6,9,9,10,10,11,11,12,12],"right_children":[2,4,6,-1,8,10,12,-1,-1,14,16,18,20,-1,-1,-1,-1,-1,-1,-1,-1],"split_conditions":[-2.5E0,4.64E2,9.444445E0,-1.3879652E-1,-3.0555556E0,5.24E2,5.51E2,-5.4416943E-2,4.489832E-2,5E0,7.5E0,1.5833333E1,6.62E2,-2.0119684E-2,4.332406E-2,4.8157495E-2,2.4160476E-2,5.6210062E-3,3.8833946E-2,-9.50341E-3,3.0830007E-3],"split_indices":[2,0,2,0,2,0,0,0,0,2,2,2,0,0,0,0,0,0,0,0,0],"split_type":[0,0,0,0,0,0,0,0,0,0,0,0,0,0,0,0,0,0,0,0,0],"sum_hessian":[2.659E3,2.8E1,2.631E3,2.6E1,2E0,6.49E2,1.982E3,1E0,1E0,2.15E2,4.34E2,2.49E2,1.733E3,1.8E2,3.5E1,2.21E2,2.13E2,1.87E2,6.2E1,1.506E3,2.27E2],"tree_param":{"num_deleted":"0","num_feature":"3","num_nodes":"21","size_leaf_vector":"1"}},{"base_weights":[-9.4881274E-5,-3.081701E-1,3.299601E-3,-3.2899976E-1,-1.797994E-2,4.9611717E-2,-1.1882535E-2,-1.0940021E-1,-2.3189811E-1,-4.6254445E-2,3.8163472E-2,-3.1327598E-2,8.6703524E-2,1.9392163E-2,-2.5432345E-2,-9.57892E-2,-4.4648226E-2,1.8099373E-2,-2.5401535E-2,-5.0887614E-2,2.7891506E-2,1.5541987E-2,1.3080584E-3,-1.9179868E-2,-5.128413E-3],"categories":[],"categories_nodes":[],"categories_segments":[],"categories_sizes":[],"default_left":[0,0,0,0,0,0,0,0,0,0,0,0,0,0,0,0,0,0,0,0,0,0,0,0,0],"id":2,"left_children":[1,3,5,7,9,11,13,-1,15,-1,-1,17,19,21,23,-1,-1,-1,-1,-1,-1,-1,-1,-1,-1],"loss_changes":[2.7827277E0,1.6937661E-1,1.851193E0,8.945942E-3,7.8939594E-2,1.9541368E0,8.4082156E-1,0E0,2.5082946E-2,0E0,0E0,1.007449E0,7.323623E-1,2.9212597E-1,4.4317603E-1,0E0,0E0,0E0,0E0,0E0,0E0,0E0,0E0,0E0,0E0],"parents":[2147483647,0,0,1,1,2,2,3,3,4,4,5,5,6,6,8,8,11,11,12,12,13,13,14,14],"right_children":[2,4,6,8,10,12,14,-1,16,-1,-1,18,20,22,24,-1,-1,-1,-1,-1,-1,-1,-1,-1,-1],"split_conditions":[-2.5E0,4.64E2,9.444445E0,-5E0,-3.0555556E0,3.0555556E0,5.87E2,-1.0940021E-1,4.4E2,-4.6254445E-2,3.8163472E-2,5.555556E-1,4.6E2,1.2222222E1,6.01E2,-9.57892E-2,-4.4648226E-2,1.8099373E-2,-2.5401535E-2,-5.0887614E-2,2.7891506E-2,1.5541987E-2,1.3080584E-3,-1.9179868E-2,-5.128413E-3],"split_indices":[2,0,2,2,2,2,0,0,0,0,0,2,0,2,0,0,0,0,0,0,0,0,0,0,0],"split_type":[0,0,0,0,0,0,0,0,0,0,0,0,0,0,0,0,0,0,0,0,0,0,0,0,0],"sum_hessian":[2.659E3,2.8E1,2.631E3,2.6E1,2E0,6.49E2,1.982E3,1.7E1,9E0,1E0,1E0,2.04E2,4.45E2,5.99E2,1.383E3,3E0,6E0,7.5E1,1.29E2,1E1,4.35E2,1.89E2,4.1E2,2.45E2,1.138E3],"tree_param":{"num_deleted":"0","num_feature":"3","num_nodes":"25","size_leaf_vector":"1"}},{"base_weights":[-1.7724145E-4,-2.2461325E-1,2.295715E-3,-2.3955317E-1,-1.52829485E-2,3.334525E-2,-8.862143E-3,-8.49937E-2,-1.9176173E-1,-3.9316177E-2,3.2438852E-2,-3.051478E-2,5.7733428E-2,-1.7600358E-2,2.0820327E-2,-6.882872E-2,-3.3167023E-2,-3.9990843E-4,-2.5994208E-2,2.1452183E-2,-8.605794E-3,-7.053703E-3,9.3791755E-3,1.003511E-2,-1.894746E-2],"categories":[],"categories_nodes":[],"categories_segments":[],"categories_sizes":[],"default_left":[0,0,0,0,0,0,0,0,0,0,0,0,0,0,0,0,0,0,0,0,0,0,0,0,0],"id":3,"left_children":[1,3,5,7,9,11,13,-1,15,-1,-1,17,19,21,23,-1,-1,-1,-1,-1,-1,-1,-1,-1,-1],"loss_changes":[1.4768702E0,8.7032914E-2,9.121422E-1,2.1369457E-3,5.7033535E-2,1.0857328E0,5.0276965E-1,0E0,2.3575485E-2,0E0,0E0,3.1602758E-1,6.019764E-1,4.3319574E-1,4.698602E-1,0E0,0E0,0E0,0E0,0E0,0E0,0E0,0E0,0E0,0E0],"parents":[2147483647,0,0,1,1,2,2,3,3,4,4,5,5,6,6,8,8,11,11,12,12,13,13,14,14],"right_children":[2,4,6,8,10,12,14,-1,16,-1,-1,18,20,22,24,-1,-1,-1,-1,-1,-1,-1,-1,-1,-1],"split_conditions":[-2.5E0,4.64E2,1E1,4.48E2,-3.0555556E0,5.19E2,1.5833333E1,-8.49937E-2,-5E0,-3.9316177E-2,3.2438852E-2,4.91E2,6.06E2,6.62E2,6.68E2,-6.882872E-2,-3.3167023E-2,-3.9990843E-4,-2.5994208E-2,2.1452183E-2,-8.605794E-3,-7.053703E-3,9.3791755E-3,1.003511E-2,-1.894746E-2],"split_indices":[2,0,2,0,2,0,2,0,2,0,0,0,0,0,0,0,0,0,0,0,0,0,0,0,0],"split_type":[0,0,0,0,0,0,0,0,0,0,0,0,0,0,0,0,0,0,0,0,0,0,0,0,0],"sum_hessian":[2.659E3,2.8E1,2.631E3,2.6E1,2E0,6.95E2,1.936E3,1.1E1,1.5E1,1E0,1E0,1.92E2,5.03E2,1.496E3,4.4E2,9E0,6E0,1.27E2,6.5E1,4.34E2,6.9E1,1.335E3,1.61E2,3.83E2,5.7E1],"tree_param":{"num_deleted":"0","num_feature":"3","num_nodes":"25","size_leaf_vector":"1"}},{"base_weights":[-2.0450864E-4,-1.1522326E-1,2.9029853E-3,-2.091995E-1,3.3212524E-2,2.4032466E-2,-1.2167479E-2,-1.6163994E-1,-2.6076737E-1,-4.889118E-2,1.4675839E-1,9.7563714E-2,1.9222707E-2,1.440638E-1,-2.0759886E-2,-5.4698654E-2,-2.2323132E-3,-5.9507373E-3,-8.638365E-2,-4.6283513E-2,2.6686264E-2,6.111643E-2,-2.761135E-2,4.262005E-2,-1.4213632E-1,-6.7014866E-2,7.7499487E-3,3.7222702E-2,1.245219E-1,-3.22487E-2,-3.0289958E-3],"categories":[],"categories_nodes":[],"categories_segments":[],"categories_sizes":[],"default_left":[0,0,0,0,0,0,0,0,0,0,0,0,0,0,0,0,0,0,0,0,0,0,0,0,0,0,0,0,0,0,0],"id":4,"left_children":[1,3,5,7,9,11,13,15,17,19,21,23,25,27,29,-1,-1,-1,-1,-1,-1,-1,-1,-1,-1,-1,-1,-1,-1,-1,-1],"loss_changes":[9.51072E-1,9.834088E-1,8.253473E-1,6.3308954E-2,2.682062E-1,3.797319E-1,2.0340462E0,7.839841E-2,1.1870146E-1,2.6068506E-1,1.8198076E-1,1.7454863E0,1.6319557E0,3.7643993E-1,1.3261228E0,0E0,0E0,0E0,0E0,0E0,0E0,0E0,0E0,0E0,0E0,0E0,0E0,0E0,0E0,0E0,0E0],"parents":[2147483647,0,0,1,1,2,2,3,3,4,4,5,5,6,6,7,7,8,8,9,9,10,10,11,11,12,12,13,13,14,14],"right_children":[2,4,6,8,10,12,14,16,18,20,22,24,26,28,30,-1,-1,-1,-1,-1,-1,-1,-1,-1,-1,-1,-1,-1,-1,-1,-1],