{"learner":{"attributes":{"scikit_learn":"{\"_estimator_type\": \"regressor\"}"},"feature_names":[],"feature_types":[],"gradient_booster":{"model":{"gbtree_model_param":{"num_parallel_tree":"1","num_trees":"10"},"iteration_indptr":[0,1,2,3,4,5,6,7,8,9,10],"tree_info":[0,0,0,0,0,0,0,0,0,0],"trees":[{"base_weights":[6.213987E-8,9.815099E-1,-2.3231947E0,1.0771432E0,7.0008114E-2,-2.4191446E0,-1.0040171E0,3.2660377E-1,2.4665256E-1,1.1365193E-1,-1.8744841E-1,-5.6193584E-1,-7.8623885E-1,8.599352E-2,-8.92758E-1],"categories":[],"categories_nodes":[],"categories_segments":[],"categories_sizes":[],"default_left":[0,0,0,0,0,0,0,0,0,0,0,0,0,0,0],"id":0,"left_children":[1,3,5,7,9,11,13,-1,-1,-1,-1,-1,-1,-1,-1],"loss_changes":[2.2679252E4,6.094165E2,3.714746E2,1.7717285E1,1.4293732E2,2.9821484E2,5.149395E2,0E0,0E0,0E0,0E0,0E0,0E0,0E0,0E0],"parents":[2147483647,0,0,1,1,2,2,3,3,4,4,5,5,6,6],"right_children":[2,4,6,8,10,12,14,-1,-1,-1,-1,-1,-1,-1,-1],"split_conditions":[6.7E2,3.35E2,7.156E3,2.23E2,5.58E2,1.119E3,1.0179E4,3.2660377E-1,2.4665256E-1,1.1365193E-1,-1.8744841E-1,-5.6193584E-1,-7.8623885E-1,8.599352E-2,-8.92758E-1],"split_indices":[0,0,0,0,0,0,0,0,0,0,0,0,0,0,0],"split_type":[0,0,0,0,0,0,0,0,0,0,0,0,0,0,0],"sum_hessian":[9.944E3,6.991E3,2.953E3,6.327E3,6.64E2,2.752E3,2.01E2,6.05E3,2.77E2,4.6E2,2.04E2,7.45E2,2.007E3,1.22E2,7.9E1],"tree_param":{"num_deleted":"0","num_feature":"1","num_nodes":"15","size_leaf_vector":"1"}},{"base_weights":[-1.665369E-4,6.840816E-1,-1.6370412E0,7.5409067E-1,3.8228042E-2,-1.7164794E0,-7.7419245E-1,2.2863878E-1,1.7292294E-1,7.963024E-2,-1.2700765E-1,-4.0294996E-1,-5.560294E-1,-4.4528823E-2,-6.2827843E-1],"categories":[],"categories_nodes":[],"categories_segments":[],"categories_sizes":[],"default_left":[0,0,0,0,0,0,0,0,0,0,0,0,0,0,0],"id":1,"left_children":[1,3,5,7,9,11,13,-1,-1,-1,-1,-1,-1,-1,-1],"loss_changes":[1.1139804E4,3.1711328E2,1.9964014E2,8.598877E0,7.216173E1,1.3473145E2,2.053757E2,0E0,0E0,0E0,0E0,0E0,0E0,0E0,0E0],"parents":[2147483647,0,0,1,1,2,2,3,3,4,4,5,5,6,6],"right_children":[2,4,6,8,10,12,14,-1,-1,-1,-1,-1,-1,-1,-1],"split_conditions":[6.71E2,3.35E2,6.605E3,2.23E2,5.58E2,1.119E3,1.0179E4,2.2863878E-1,1.7292294E-1,7.963024E-2,-1.2700765E-1,-4.0294996E-1,-5.560294E-1,-4.4528823E-2,-6.2827843E-1],"split_indices":[0,0,0,0,0,0,0,0,0,0,0,0,0,0,0],"split_type":[0,0,0,0,0,0,0,0,0,0,0,0,0,0,0],"sum_hessian":[9.944E3,7.013E3,2.931E3,6.327E3,6.86E2,2.683E3,2.48E2,6.05E3,2.77E2,4.6E2,2.26E2,7.23E2,1.96E3,1.69E2,7.9E1],"tree_param":{"num_deleted":"0","num_feature":"1","num_nodes":"15","size_leaf_vector":"1"}},{"base_weights":[-2.44982E-4,4.7890773E-1,-1.1464854E0,5.2792704E-1,2.669084E-2,-1.3713405E0,-8.6197543E-1,1.6005853E-1,1.21232614E-1,5.5793084E-2,-8.9073256E-2,-2.8223202E-1,-5.1338226E-1,-2.7422793E-3,-3.3161756E-1],"categories":[],"categories_nodes":[],"categories_segments":[],"categories_sizes":[],"default_left":[0,0,0,0,0,0,0,0,0,0,0,0,0,0,0],"id":2,"left_children":[1,3,5,7,9,11,13,-1,-1,-1,-1,-1,-1,-1,-1],"loss_changes":[5.4625845E3,1.5546777E2,1.8638794E2,4.1730957E0,3.5466805E1,2.3784204E2,2.6923926E2,0E0,0E0,0E0,0E0,0E0,0E0,0E0,0E0],"parents":[2147483647,0,0,1,1,2,2,3,3,4,4,5,5,6,6],"right_children":[2,4,6,8,10,12,14,-1,-1,-1,-1,-1,-1,-1,-1],"split_conditions":[6.71E2,3.35E2,2.351E3,2.23E2,5.58E2,1.119E3,3.247E3,1.6005853E-1,1.21232614E-1,5.5793084E-2,-8.9073256E-2,-2.8223202E-1,-5.1338226E-1,-2.7422793E-3,-3.3161756E-1],"split_indices":[0,0,0,0,0,0,0,0,0,0,0,0,0,0,0],"split_type":[0,0,0,0,0,0,0,0,0,0,0,0,0,0,0],"sum_hessian":[9.944E3,7.013E3,2.931E3,6.327E3,6.86E2,1.635E3,1.296E3,6.05E3,2.77E2,4.6E2,2.26E2,7.23E2,9.12E2,2.88E2,1.008E3],"tree_param":{"num_deleted":"0","num_feature":"1","num_nodes":"15","size_leaf_vector":"1"}},{"base_weights":[-2.6046814E-4,3.2093623E-1,-8.3990026E-1,3.533964E-1,-2.2122712E-1,-1.2067435E0,-8.198185E-1,1.0315109E-1,2.3054375E-1,-5.38492E-1,-4.4407636E-2,-3.204002E-1,-1.902801E-1],"categories":[],"categories_nodes":[],"categories_segments":[],"categories_sizes":[],"default_left":[0,0,0,0,0,0,0,0,0,0,0,0,0],"id":3,"left_children":[1,3,5,7,9,-1,11,-1,-1,-1,-1,-1,-1],"loss_changes":[2.682332E3,1.2668329E2,1.725874E2,2.6670288E1,4.6621056E1,0E0,1.2531702E2,0E0,0E0,0E0,0E0,0E0,0E0],"parents":[2147483647,0,0,1,1,2,2,3,3,4,4,6,6],"right_children":[2,4,6,8,10,-1,12,-1,-1,-1,-1,-1,-1],"split_conditions":[7.82E2,5.58E2,7.83E2,4.48E2,5.59E2,-1.2067435E0,1.791E3,1.0315109E-1,2.3054375E-1,-5.38492E-1,-4.4407636E-2,-3.204002E-1,-1.902801E-1],"split_indices":[0,0,0,0,0,0,0,0,0,0,0,0,0],"split_type":[0,0,0,0,0,0,0,0,0,0,0,0,0],"sum_hessian":[9.944E3,7.193E3,2.751E3,6.787E3,4.06E2,1.6E1,2.735E3,6.636E3,1.51E2,1.7E1,3.89E2,1.168E3,1.567E3],"tree_param":{"num_deleted":"0","num_feature":"1","num_nodes":"13","size_leaf_vector":"1"}},{"base_weights":[-3.802415E-4,2.3534329E-1,-5.6428355E-1,2.6645792E-1,-5.1598057E-2,-6.1210996E-1,8.511416E-2,8.110847E-2,5.4159466E-2,-8.575347E-2,4.2193692E-2,-1.6183634E-1,-2.703644E-1,6.6993284E-1,-1.6343307E-1],"categories":[],"categories_nodes":[],"categories_segments":[],"categories_sizes":[],"default_left":[0,0,0,0,0,0,0,0,0,0,0,0,0,0,0],"id":4,"left_children":[1,3,5,7,9,11,13,-1,-1,-1,-1,-1,-1,-1,-1],"loss_changes":[1.3220746E3,6.2635254E1,9.1115295E1,2.0737915E0,3.0977516E1,5.68786E1,2.745232E2,0E0,0E0,0E0,0E0,0E0,0E0,0E0,0E0],"parents":[2147483647,0,0,1,1,2,2,3,3,4,4,5,5,6,6],"right_children":[2,4,6,8,10,12,14,-1,-1,-1,-1,-1,-1,-1,-1],"split_conditions":[6.71E2,3.35E2,7.156E3,2.23E2,4.48E2,4.254E3,7.945E3,8.110847E-2,5.4159466E-2,-8.575347E-2,4.2193692E-2,-1.6183634E-1,-2.703644E-1,6.6993284E-1,-1.6343307E-1],"split_indices":[0,0,0,0,0,0,0,0,0,0,0,0,0,0,0],"split_type":[0,0,0,0,0,0,0,0,0,0,0,0,0,0,0],"sum_hessian":[9.944E3,7.013E3,2.931E3,6.327E3,6.86E2,2.73E3,2.01E2,6.05E3,2.77E2,3.09E2,3.77E2,2.184E3,5.46E2,4.5E1,1.56E2],"tree_param":{"num_deleted":"0","num_feature":"1","num_nodes":"15","size_leaf_vector":"1"}},{"base_weights":[-2.4928027E-4,1.5984644E-1,-4.187552E-1,1.8654229E-1,-3.5183806E-2,-8.2032096E-1,-4.04214E-1,5.678007E-2,3.7970155E-2,-1.3938616E-1,6.0073104E-5,-1.6774556E-1,-6.603572E-2],"categories":[],"categories_nodes":[],"categories_segments":[],"categories_sizes":[],"default_left":[0,0,0,0,0,0,0,0,0,0,0,0,0],"id":5,"left_children":[1,3,5,7,9,-1,11,-1,-1,-1,-1,-1,-1],"loss_changes":[6.6639197E2,3.7462112E1,9.1560974E1,1.0101013E0,1.3174341E1,0E0,7.7916626E1,0E0,0E0,0E0,0E0,0E0,0E0],"parents":[2147483647,0,0,1,1,2,2,3,3,4,4,6,6],"right_children":[2,4,6,8,10,-1,12,-1,-1,-1,-1,-1,-1],"split_conditions":[7.82E2,3.35E2,7.83E2,2.23E2,3.36E2,-8.2032096E-1,2.464E3,5.678007E-2,3.7970155E-2,-1.3938616E-1,6.0073104E-5,-1.6774556E-1,-6.603572E-2],"split_indices":[0,0,0,0,0,0,0,0,0,0,0,0,0],"split_type":[0,0,0,0,0,0,0,0,0,0,0,0,0],"sum_hessian":[9.944E3,7.193E3,2.751E3,6.327E3,8.66E2,1.6E1,2.735E3,6.05E3,2.77E2,6.5E1,8.01E2,1.484E3,1.251E3],"tree_param":{"num_deleted":"0","num_feature":"1","num_nodes":"13","size_leaf_vector":"1"}},{"base_weights":[-2.8485348E-4,1.2506649E-1,-2.6972267E-1,1.1651875E-1,1.4924288E-1,-3.0686197E-1,7.369718E-2,3.917843E-2,-5.1356774E-2,-7.8474596E-2,-3.4677964E-1,7.247563E-2,-3.8739833E-1],"categories":[],"categories_nodes":[],"categories_segments":[],"categories_sizes":[],"default_left":[0,0,0,0,0,0,0,0,0,0,0,0,0],"id":6,"left_children":[1,3,5,7,-1,9,11,-1,-1,-1,-1,-1,-1],"loss_changes":[3.3592007E2,2.1550026E1,4.0300934E1,2.6900742E1,0E0,1.0926843E2,7.1126E1,0E0,0E0,0E0,0E0,0E0,0E0],"parents":[2147483647,0,0,1,1,2,2,3,3,5,5,6,6],"right_children":[2,4,6,8,-1,10,12,-1,-1,-1,-1,-1,-1],"split_conditions":[5.58E2,4.48E2,6.157E3,3.35E2,1.4924288E-1,5.373E3,1.2313E4,3.917843E-2,-5.1356774E-2,-7.8474596E-2,-3.4677964E-1,7.247563E-2,-3.8739833E-1],"split_indices":[0,0,0,0,0,0,0,0,0,0,0,0,0],"split_type":[0,0,0,0,0,0,0,0,0,0,0,0,0],"sum_hessian":[9.944E3,6.787E3,3.157E3,6.636E3,1.51E2,2.849E3,3.08E2,6.327E3,3.09E2,2.706E3,1.43E2,2.75E2,3.3E1],"tree_param":{"num_deleted":"0","num_feature":"1","num_nodes":"13",